year,region,welfare_function,rho,eta,inequality_aversion,sufficiency_threshold,egality_strictness,physical_damage_per_capita,discount_factor,plotted_value,plotted_value_description,welfare_loss_damage_scalar,model_native_welfare_loss_note
2015,rjan57 / Japan & Pacific,Utilitarian,0.015,1.45,0.0,0.0,0.0,0.0,1.0,0.0,"physical_damage_per_capita multiplied by JUSTICE welfare_function.calculate_discount_rate; regional time-discounting visibility, not full welfare aggregation",-4144.312094162514,"scalar from welfare_function.calculate_welfare(physical_damage, welfare_loss=True)"
2016,rjan57 / Japan & Pacific,Utilitarian,0.015,1.45,0.0,0.0,0.0,0.0,0.9852216748768474,0.0,"physical_damage_per_capita multiplied by JUSTICE welfare_function.calculate_discount_rate; regional time-discounting visibility, not full welfare aggregation",-4144.312094162514,"scalar from welfare_function.calculate_welfare(physical_damage, welfare_loss=True)"
2017,rjan57 / Japan & Pacific,Utilitarian,0.015,1.45,0.0,0.0,0.0,0.0,0.9706617486471405,0.0,"physical_damage_per_capita multiplied by JUSTICE welfare_function.calculate_discount_rate; regional time-discounting visibility, not full welfare aggregation",-4144.312094162514,"scalar from welfare_function.calculate_welfare(physical_damage, welfare_loss=True)"
2018,rjan57 / Japan & Pacific,Utilitarian,0.015,1.45,0.0,0.0,0.0,2.4841198845578845e-06,0.9563169937410252,2.3756060600926986e-06,"physical_damage_per_capita multiplied by JUSTICE welfare_function.calculate_discount_rate; regional time-discounting visibility, not full welfare aggregation",-4144.312094162514,"scalar from welfare_function.calculate_welfare(physical_damage, welfare_loss=True)"
2019,rjan57 / Japan & Pacific,Utilitarian,0.015,1.45,0.0,0.0,0.0,0.005055126702544355,0.9421842302867243,0.00476286066123862,"physical_damage_per_capita multiplied by JUSTICE welfare_function.calculate_discount_rate; regional time-discounting visibility, not full welfare aggregation",-4144.312094162514,"scalar from welfare_function.calculate_welfare(physical_damage, welfare_loss=True)"
2020,rjan57 / Japan & Pacific,Utilitarian,0.015,1.45,0.0,0.0,0.0,0.00980680815737475,0.9282603254056397,0.009103270931355368,"physical_damage_per_capita multiplied by JUSTICE welfare_function.calculate_discount_rate; regional time-discounting visibility, not full welfare aggregation",-4144.312094162514,"scalar from welfare_function.calculate_welfare(physical_damage, welfare_loss=True)"
2021,rjan57 / Japan & Pacific,Utilitarian,0.015,1.45,0.0,0.0,0.0,0.014847610099758693,0.9145421925178719,0.013578765894283815,"physical_damage_per_capita multiplied by JUSTICE welfare_function.calculate_discount_rate; regional time-discounting visibility, not full welfare aggregation",-4144.312094162514,"scalar from welfare_function.calculate_welfare(physical_damage, welfare_loss=True)"
2022,rjan57 / Japan & Pacific,Utilitarian,0.015,1.45,0.0,0.0,0.0,0.020107533429988167,0.9010267906580018,0.018117426314470723,"physical_damage_per_capita multiplied by JUSTICE welfare_function.calculate_discount_rate; regional time-discounting visibility, not full welfare aggregation",-4144.312094162514,"scalar from welfare_function.calculate_welfare(physical_damage, welfare_loss=True)"
2023,rjan57 / Japan & Pacific,Utilitarian,0.015,1.45,0.0,0.0,0.0,0.02601362385867434,0.887711123800987,0.02309258326971997,"physical_damage_per_capita multiplied by JUSTICE welfare_function.calculate_discount_rate; regional time-discounting visibility, not full welfare aggregation",-4144.312094162514,"scalar from welfare_function.calculate_welfare(physical_damage, welfare_loss=True)"
2024,rjan57 / Japan & Pacific,Utilitarian,0.015,1.45,0.0,0.0,0.0,0.032244292236692514,0.874592240198017,0.028200607780888433,"physical_damage_per_capita multiplied by JUSTICE welfare_function.calculate_discount_rate; regional time-discounting visibility, not full welfare aggregation",-4144.312094162514,"scalar from welfare_function.calculate_welfare(physical_damage, welfare_loss=True)"
2025,rjan57 / Japan & Pacific,Utilitarian,0.015,1.45,0.0,0.0,0.0,0.038526291263178886,0.8616672317221843,0.03319684274126593,"physical_damage_per_capita multiplied by JUSTICE welfare_function.calculate_discount_rate; regional time-discounting visibility, not full welfare aggregation",-4144.312094162514,"scalar from welfare_function.calculate_welfare(physical_damage, welfare_loss=True)"
2026,rjan57 / Japan & Pacific,Utilitarian,0.015,1.45,0.0,0.0,0.0,0.04578906675338585,0.848933233223827,0.03887186048525349,"physical_damage_per_capita multiplied by JUSTICE welfare_function.calculate_discount_rate; regional time-discounting visibility, not full welfare aggregation",-4144.312094162514,"scalar from welfare_function.calculate_welfare(physical_damage, welfare_loss=True)"
2027,rjan57 / Japan & Pacific,Utilitarian,0.015,1.45,0.0,0.0,0.0,0.05280136317632034,0.836387421895396,0.04416239601960507,"physical_damage_per_capita multiplied by JUSTICE welfare_function.calculate_discount_rate; regional time-discounting visibility, not full welfare aggregation",-4144.312094162514,"scalar from welfare_function.calculate_welfare(physical_damage, welfare_loss=True)"
2028,rjan57 / Japan & Pacific,Utilitarian,0.015,1.45,0.0,0.0,0.0,0.059527012217515315,0.8240270166457105,0.049051866287431904,"physical_damage_per_capita multiplied by JUSTICE welfare_function.calculate_discount_rate; regional time-discounting visibility, not full welfare aggregation",-4144.312094162514,"scalar from welfare_function.calculate_welfare(physical_damage, welfare_loss=True)"
2029,rjan57 / Japan & Pacific,Utilitarian,0.015,1.45,0.0,0.0,0.0,0.06621408540331111,0.8118492774834588,0.05375585739390616,"physical_damage_per_capita multiplied by JUSTICE welfare_function.calculate_discount_rate; regional time-discounting visibility, not full welfare aggregation",-4144.312094162514,"scalar from welfare_function.calculate_welfare(physical_damage, welfare_loss=True)"
2030,rjan57 / Japan & Pacific,Utilitarian,0.015,1.45,0.0,0.0,0.0,0.0732772128733809,0.7998515049098116,0.05861088899237034,"physical_damage_per_capita multiplied by JUSTICE welfare_function.calculate_discount_rate; regional time-discounting visibility, not full welfare aggregation",-4144.312094162514,"scalar from welfare_function.calculate_welfare(physical_damage, welfare_loss=True)"
2031,rjan57 / Japan & Pacific,Utilitarian,0.015,1.45,0.0,0.0,0.0,0.08178027146952453,0.7880310393200115,0.0644453923220021,"physical_damage_per_capita multiplied by JUSTICE welfare_function.calculate_discount_rate; regional time-discounting visibility, not full welfare aggregation",-4144.312094162514,"scalar from welfare_function.calculate_welfare(physical_damage, welfare_loss=True)"
2032,rjan57 / Japan & Pacific,Utilitarian,0.015,1.45,0.0,0.0,0.0,0.09086193089181462,0.7763852604138046,0.0705438638771426,"physical_damage_per_capita multiplied by JUSTICE welfare_function.calculate_discount_rate; regional time-discounting visibility, not full welfare aggregation",-4144.312094162514,"scalar from welfare_function.calculate_welfare(physical_damage, welfare_loss=True)"
2033,rjan57 / Japan & Pacific,Utilitarian,0.015,1.45,0.0,0.0,0.0,0.10063940619576447,0.7649115866145859,0.07698024786915199,"physical_damage_per_capita multiplied by JUSTICE welfare_function.calculate_discount_rate; regional time-discounting visibility, not full welfare aggregation",-4144.312094162514,"scalar from welfare_function.calculate_welfare(physical_damage, welfare_loss=True)"
2034,rjan57 / Japan & Pacific,Utilitarian,0.015,1.45,0.0,0.0,0.0,0.11155133617397249,0.7536074744971291,0.08406592073084765,"physical_damage_per_capita multiplied by JUSTICE welfare_function.calculate_discount_rate; regional time-discounting visibility, not full welfare aggregation",-4144.312094162514,"scalar from welfare_function.calculate_welfare(physical_damage, welfare_loss=True)"
2035,rjan57 / Japan & Pacific,Utilitarian,0.015,1.45,0.0,0.0,0.0,0.12404514269610331,0.7424704182237725,0.09209984897620337,"physical_damage_per_capita multiplied by JUSTICE welfare_function.calculate_discount_rate; regional time-discounting visibility, not full welfare aggregation",-4144.312094162514,"scalar from welfare_function.calculate_welfare(physical_damage, welfare_loss=True)"
2036,rjan57 / Japan & Pacific,Utilitarian,0.015,1.45,0.0,0.0,0.0,0.13795793200293888,0.7314979489889384,0.10091594430690522,"physical_damage_per_capita multiplied by JUSTICE welfare_function.calculate_discount_rate; regional time-discounting visibility, not full welfare aggregation",-4144.312094162514,"scalar from welfare_function.calculate_welfare(physical_damage, welfare_loss=True)"
2037,rjan57 / Japan & Pacific,Utilitarian,0.015,1.45,0.0,0.0,0.0,0.1529471170210593,0.7206876344718607,0.11022709596519807,"physical_damage_per_capita multiplied by JUSTICE welfare_function.calculate_discount_rate; regional time-discounting visibility, not full welfare aggregation",-4144.312094162514,"scalar from welfare_function.calculate_welfare(physical_damage, welfare_loss=True)"
2038,rjan57 / Japan & Pacific,Utilitarian,0.015,1.45,0.0,0.0,0.0,0.1684283818415932,0.7100370782973997,0.11959039614516365,"physical_damage_per_capita multiplied by JUSTICE welfare_function.calculate_discount_rate; regional time-discounting visibility, not full welfare aggregation",-4144.312094162514,"scalar from welfare_function.calculate_welfare(physical_damage, welfare_loss=True)"
2039,rjan57 / Japan & Pacific,Utilitarian,0.015,1.45,0.0,0.0,0.0,0.18411249134669613,0.6995439195048273,0.12879477382646642,"physical_damage_per_capita multiplied by JUSTICE welfare_function.calculate_discount_rate; regional time-discounting visibility, not full welfare aggregation",-4144.312094162514,"scalar from welfare_function.calculate_welfare(physical_damage, welfare_loss=True)"
2040,rjan57 / Japan & Pacific,Utilitarian,0.015,1.45,0.0,0.0,0.0,0.1999039185623636,0.6892058320244606,0.13777494651772382,"physical_damage_per_capita multiplied by JUSTICE welfare_function.calculate_discount_rate; regional time-discounting visibility, not full welfare aggregation",-4144.312094162514,"scalar from welfare_function.calculate_welfare(physical_damage, welfare_loss=True)"
2041,rjan57 / Japan & Pacific,Utilitarian,0.015,1.45,0.0,0.0,0.0,0.21514777646988187,0.6790205241620302,0.14608975595087448,"physical_damage_per_capita multiplied by JUSTICE welfare_function.calculate_discount_rate; regional time-discounting visibility, not full welfare aggregation",-4144.312094162514,"scalar from welfare_function.calculate_welfare(physical_damage, welfare_loss=True)"
2042,rjan57 / Japan & Pacific,Utilitarian,0.015,1.45,0.0,0.0,0.0,0.23019025458899411,0.6689857380906702,0.1539939973674975,"physical_damage_per_capita multiplied by JUSTICE welfare_function.calculate_discount_rate; regional time-discounting visibility, not full welfare aggregation",-4144.312094162514,"scalar from welfare_function.calculate_welfare(physical_damage, welfare_loss=True)"
2043,rjan57 / Japan & Pacific,Utilitarian,0.015,1.45,0.0,0.0,0.0,0.24548760774498718,0.6590992493504141,0.16180069798954994,"physical_damage_per_capita multiplied by JUSTICE welfare_function.calculate_discount_rate; regional time-discounting visibility, not full welfare aggregation",-4144.312094162514,"scalar from welfare_function.calculate_welfare(physical_damage, welfare_loss=True)"
2044,rjan57 / Japan & Pacific,Utilitarian,0.015,1.45,0.0,0.0,0.0,0.26174059330738414,0.6493588663550878,0.16996357494919104,"physical_damage_per_capita multiplied by JUSTICE welfare_function.calculate_discount_rate; regional time-discounting visibility, not full welfare aggregation",-4144.312094162514,"scalar from welfare_function.calculate_welfare(physical_damage, welfare_loss=True)"
2045,rjan57 / Japan & Pacific,Utilitarian,0.015,1.45,0.0,0.0,0.0,0.27944053504344885,0.6397624299064905,0.17877555571376663,"physical_damage_per_capita multiplied by JUSTICE welfare_function.calculate_discount_rate; regional time-discounting visibility, not full welfare aggregation",-4144.312094162514,"scalar from welfare_function.calculate_welfare(physical_damage, welfare_loss=True)"
2046,rjan57 / Japan & Pacific,Utilitarian,0.015,1.45,0.0,0.0,0.0,0.2981379587252719,0.6303078127157542,0.18791868465166592,"physical_damage_per_capita multiplied by JUSTICE welfare_function.calculate_discount_rate; regional time-discounting visibility, not full welfare aggregation",-4144.312094162514,"scalar from welfare_function.calculate_welfare(physical_damage, welfare_loss=True)"
2047,rjan57 / Japan & Pacific,Utilitarian,0.015,1.45,0.0,0.0,0.0,0.3189764691171085,0.6209929189317777,0.19808212862758523,"physical_damage_per_capita multiplied by JUSTICE welfare_function.calculate_discount_rate; regional time-discounting visibility, not full welfare aggregation",-4144.312094162514,"scalar from welfare_function.calculate_welfare(physical_damage, welfare_loss=True)"
2048,rjan57 / Japan & Pacific,Utilitarian,0.015,1.45,0.0,0.0,0.0,0.3417300587866634,0.6118156836766282,0.20907580954941682,"physical_damage_per_capita multiplied by JUSTICE welfare_function.calculate_discount_rate; regional time-discounting visibility, not full welfare aggregation",-4144.312094162514,"scalar from welfare_function.calculate_welfare(physical_damage, welfare_loss=True)"
2049,rjan57 / Japan & Pacific,Utilitarian,0.015,1.45,0.0,0.0,0.0,0.3656244893315095,0.6027740725878111,0.22038896247219267,"physical_damage_per_capita multiplied by JUSTICE welfare_function.calculate_discount_rate; regional time-discounting visibility, not full welfare aggregation",-4144.312094162514,"scalar from welfare_function.calculate_welfare(physical_damage, welfare_loss=True)"
2050,rjan57 / Japan & Pacific,Utilitarian,0.015,1.45,0.0,0.0,0.0,0.3898194390864622,0.5938660813673017,0.23150054273107687,"physical_damage_per_capita multiplied by JUSTICE welfare_function.calculate_discount_rate; regional time-discounting visibility, not full welfare aggregation",-4144.312094162514,"scalar from welfare_function.calculate_welfare(physical_damage, welfare_loss=True)"
2051,rjan57 / Japan & Pacific,Utilitarian,0.015,1.45,0.0,0.0,0.0,0.4128191497035321,0.5850897353372431,0.24153624704218532,"physical_damage_per_capita multiplied by JUSTICE welfare_function.calculate_discount_rate; regional time-discounting visibility, not full welfare aggregation",-4144.312094162514,"scalar from welfare_function.calculate_welfare(physical_damage, welfare_loss=True)"
2052,rjan57 / Japan & Pacific,Utilitarian,0.015,1.45,0.0,0.0,0.0,0.4342013387172012,0.57644308900221,0.25029236093903834,"physical_damage_per_capita multiplied by JUSTICE welfare_function.calculate_discount_rate; regional time-discounting visibility, not full welfare aggregation",-4144.312094162514,"scalar from welfare_function.calculate_welfare(physical_damage, welfare_loss=True)"
2053,rjan57 / Japan & Pacific,Utilitarian,0.015,1.45,0.0,0.0,0.0,0.4552135757060953,0.5679242256179409,0.2585268174736581,"physical_damage_per_capita multiplied by JUSTICE welfare_function.calculate_discount_rate; regional time-discounting visibility, not full welfare aggregation",-4144.312094162514,"scalar from welfare_function.calculate_welfare(physical_damage, welfare_loss=True)"
2054,rjan57 / Japan & Pacific,Utilitarian,0.015,1.45,0.0,0.0,0.0,0.47673723453773986,0.5595312567664443,0.2667493839882607,"physical_damage_per_capita multiplied by JUSTICE welfare_function.calculate_discount_rate; regional time-discounting visibility, not full welfare aggregation",-4144.312094162514,"scalar from welfare_function.calculate_welfare(physical_damage, welfare_loss=True)"
2055,rjan57 / Japan & Pacific,Utilitarian,0.015,1.45,0.0,0.0,0.0,0.4989266435424133,0.5512623219373836,0.275039459995616,"physical_damage_per_capita multiplied by JUSTICE welfare_function.calculate_discount_rate; regional time-discounting visibility, not full welfare aggregation",-4144.312094162514,"scalar from welfare_function.calculate_welfare(physical_damage, welfare_loss=True)"
2056,rjan57 / Japan & Pacific,Utilitarian,0.015,1.45,0.0,0.0,0.0,0.5227353526848816,0.543115588115649,0.2839057185022906,"physical_damage_per_capita multiplied by JUSTICE welfare_function.calculate_discount_rate; regional time-discounting visibility, not full welfare aggregation",-4144.312094162514,"scalar from welfare_function.calculate_welfare(physical_damage, welfare_loss=True)"
2057,rjan57 / Japan & Pacific,Utilitarian,0.015,1.45,0.0,0.0,0.0,0.5487718253851048,0.5350892493750237,0.2936419041234773,"physical_damage_per_capita multiplied by JUSTICE welfare_function.calculate_discount_rate; regional time-discounting visibility, not full welfare aggregation",-4144.312094162514,"scalar from welfare_function.calculate_welfare(physical_damage, welfare_loss=True)"
2058,rjan57 / Japan & Pacific,Utilitarian,0.015,1.45,0.0,0.0,0.0,0.5771791693609036,0.5271815264778559,0.3042781955549021,"physical_damage_per_capita multiplied by JUSTICE welfare_function.calculate_discount_rate; regional time-discounting visibility, not full welfare aggregation",-4144.312094162514,"scalar from welfare_function.calculate_welfare(physical_damage, welfare_loss=True)"
2059,rjan57 / Japan & Pacific,Utilitarian,0.015,1.45,0.0,0.0,0.0,0.6063042861561057,0.5193906664806461,0.3149087872766921,"physical_damage_per_capita multiplied by JUSTICE welfare_function.calculate_discount_rate; regional time-discounting visibility, not full welfare aggregation",-4144.312094162514,"scalar from welfare_function.calculate_welfare(physical_damage, welfare_loss=True)"
2060,rjan57 / Japan & Pacific,Utilitarian,0.015,1.45,0.0,0.0,0.0,0.6351700636611485,0.5117149423454643,0.3250260125059295,"physical_damage_per_capita multiplied by JUSTICE welfare_function.calculate_discount_rate; regional time-discounting visibility, not full welfare aggregation",-4144.312094162514,"scalar from welfare_function.calculate_welfare(physical_damage, welfare_loss=True)"
2061,rjan57 / Japan & Pacific,Utilitarian,0.015,1.45,0.0,0.0,0.0,0.6646438368228301,0.5041526525571077,0.33508195333996327,"physical_damage_per_capita multiplied by JUSTICE welfare_function.calculate_discount_rate; regional time-discounting visibility, not full welfare aggregation",-4144.312094162514,"scalar from welfare_function.calculate_welfare(physical_damage, welfare_loss=True)"
2062,rjan57 / Japan & Pacific,Utilitarian,0.015,1.45,0.0,0.0,0.0,0.6935163798372004,0.49670212074591896,0.3444710566371697,"physical_damage_per_capita multiplied by JUSTICE welfare_function.calculate_discount_rate; regional time-discounting visibility, not full welfare aggregation",-4144.312094162514,"scalar from welfare_function.calculate_welfare(physical_damage, welfare_loss=True)"
2063,rjan57 / Japan & Pacific,Utilitarian,0.015,1.45,0.0,0.0,0.0,0.7213043551905431,0.4893616953161764,0.35297872209498565,"physical_damage_per_capita multiplied by JUSTICE welfare_function.calculate_discount_rate; regional time-discounting visibility, not full welfare aggregation",-4144.312094162514,"scalar from welfare_function.calculate_welfare(physical_damage, welfare_loss=True)"
2064,rjan57 / Japan & Pacific,Utilitarian,0.015,1.45,0.0,0.0,0.0,0.7490498339719973,0.4821297490799768,0.36113920850131737,"physical_damage_per_capita multiplied by JUSTICE welfare_function.calculate_discount_rate; regional time-discounting visibility, not full welfare aggregation",-4144.312094162514,"scalar from welfare_function.calculate_welfare(physical_damage, welfare_loss=True)"
2065,rjan57 / Japan & Pacific,Utilitarian,0.015,1.45,0.0,0.0,0.0,0.7776986286339804,0.47500467889652886,0.3694104873725547,"physical_damage_per_capita multiplied by JUSTICE welfare_function.calculate_discount_rate; regional time-discounting visibility, not full welfare aggregation",-4144.312094162514,"scalar from welfare_function.calculate_welfare(physical_damage, welfare_loss=True)"
2066,rjan57 / Japan & Pacific,Utilitarian,0.015,1.45,0.0,0.0,0.0,0.8079769780164131,0.4679849053167772,0.37812102955514687,"physical_damage_per_capita multiplied by JUSTICE welfare_function.calculate_discount_rate; regional time-discounting visibility, not full welfare aggregation",-4144.312094162514,"scalar from welfare_function.calculate_welfare(physical_damage, welfare_loss=True)"
2067,rjan57 / Japan & Pacific,Utilitarian,0.015,1.45,0.0,0.0,0.0,0.839823742181374,0.46106887223327814,0.38721658568229744,"physical_damage_per_capita multiplied by JUSTICE welfare_function.calculate_discount_rate; regional time-discounting visibility, not full welfare aggregation",-4144.312094162514,"scalar from welfare_function.calculate_welfare(physical_damage, welfare_loss=True)"
2068,rjan57 / Japan & Pacific,Utilitarian,0.015,1.45,0.0,0.0,0.0,0.8744040923059835,0.4542550465352495,0.39720247164106715,"physical_damage_per_capita multiplied by JUSTICE welfare_function.calculate_discount_rate; regional time-discounting visibility, not full welfare aggregation",-4144.312094162514,"scalar from welfare_function.calculate_welfare(physical_damage, welfare_loss=True)"
2069,rjan57 / Japan & Pacific,Utilitarian,0.015,1.45,0.0,0.0,0.0,0.9118722295618725,0.44754191776871877,0.4081010463781578,"physical_damage_per_capita multiplied by JUSTICE welfare_function.calculate_discount_rate; regional time-discounting visibility, not full welfare aggregation",-4144.312094162514,"scalar from welfare_function.calculate_welfare(physical_damage, welfare_loss=True)"
2070,rjan57 / Japan & Pacific,Utilitarian,0.015,1.45,0.0,0.0,0.0,0.950492650130911,0.4409279978016934,0.41909882114744806,"physical_damage_per_capita multiplied by JUSTICE welfare_function.calculate_discount_rate; regional time-discounting visibility, not full welfare aggregation",-4144.312094162514,"scalar from welfare_function.calculate_welfare(physical_damage, welfare_loss=True)"
2071,rjan57 / Japan & Pacific,Utilitarian,0.015,1.45,0.0,0.0,0.0,0.9888566821772592,0.43441182049427923,0.42957103151255605,"physical_damage_per_capita multiplied by JUSTICE welfare_function.calculate_discount_rate; regional time-discounting visibility, not full welfare aggregation",-4144.312094162514,"scalar from welfare_function.calculate_welfare(physical_damage, welfare_loss=True)"
2072,rjan57 / Japan & Pacific,Utilitarian,0.015,1.45,0.0,0.0,0.0,1.0255686870456506,0.42799194137367413,0.43893513338071805,"physical_damage_per_capita multiplied by JUSTICE welfare_function.calculate_discount_rate; regional time-discounting visibility, not full welfare aggregation",-4144.312094162514,"scalar from welfare_function.calculate_welfare(physical_damage, welfare_loss=True)"
2073,rjan57 / Japan & Pacific,Utilitarian,0.015,1.45,0.0,0.0,0.0,1.0608442036246066,0.42166693731396476,0.44732292630965986,"physical_damage_per_capita multiplied by JUSTICE welfare_function.calculate_discount_rate; regional time-discounting visibility, not full welfare aggregation",-4144.312094162514,"scalar from welfare_function.calculate_welfare(physical_damage, welfare_loss=True)"
2074,rjan57 / Japan & Pacific,Utilitarian,0.015,1.45,0.0,0.0,0.0,1.0960014195921814,0.41543540622065495,0.4553177949666924,"physical_damage_per_capita multiplied by JUSTICE welfare_function.calculate_discount_rate; regional time-discounting visibility, not full welfare aggregation",-4144.312094162514,"scalar from welfare_function.calculate_welfare(physical_damage, welfare_loss=True)"
2075,rjan57 / Japan & Pacific,Utilitarian,0.015,1.45,0.0,0.0,0.0,1.132268302167857,0.4092959667198571,0.46343284932204426,"physical_damage_per_capita multiplied by JUSTICE welfare_function.calculate_discount_rate; regional time-discounting visibility, not full welfare aggregation",-4144.312094162514,"scalar from welfare_function.calculate_welfare(physical_damage, welfare_loss=True)"
2076,rjan57 / Japan & Pacific,Utilitarian,0.015,1.45,0.0,0.0,0.0,1.169703293157838,0.403247257852076,0.4716796454664411,"physical_damage_per_capita multiplied by JUSTICE welfare_function.calculate_discount_rate; regional time-discounting visibility, not full welfare aggregation",-4144.312094162514,"scalar from welfare_function.calculate_welfare(physical_damage, welfare_loss=True)"
2077,rjan57 / Japan & Pacific,Utilitarian,0.015,1.45,0.0,0.0,0.0,1.2079159467207912,0.3972879387705183,0.4798904366807423,"physical_damage_per_capita multiplied by JUSTICE welfare_function.calculate_discount_rate; regional time-discounting visibility, not full welfare aggregation",-4144.312094162514,"scalar from welfare_function.calculate_welfare(physical_damage, welfare_loss=True)"
2078,rjan57 / Japan & Pacific,Utilitarian,0.015,1.45,0.0,0.0,0.0,1.2472335237971515,0.39141668844386046,0.48818801560084785,"physical_damage_per_capita multiplied by JUSTICE welfare_function.calculate_discount_rate; regional time-discounting visibility, not full welfare aggregation",-4144.312094162514,"scalar from welfare_function.calculate_welfare(physical_damage, welfare_loss=True)"
2079,rjan57 / Japan & Pacific,Utilitarian,0.015,1.45,0.0,0.0,0.0,1.2881569621356586,0.3856322053634093,0.49675481016260375,"physical_damage_per_capita multiplied by JUSTICE welfare_function.calculate_discount_rate; regional time-discounting visibility, not full welfare aggregation",-4144.312094162514,"scalar from welfare_function.calculate_welfare(physical_damage, welfare_loss=True)"
2080,rjan57 / Japan & Pacific,Utilitarian,0.015,1.45,0.0,0.0,0.0,1.3317995296931568,0.37993320725459045,0.5059948667364762,"physical_damage_per_capita multiplied by JUSTICE welfare_function.calculate_discount_rate; regional time-discounting visibility, not full welfare aggregation",-4144.312094162514,"scalar from welfare_function.calculate_welfare(physical_damage, welfare_loss=True)"
2081,rjan57 / Japan & Pacific,Utilitarian,0.015,1.45,0.0,0.0,0.0,1.3782549484483952,0.3743184307927,0.5159062295354769,"physical_damage_per_capita multiplied by JUSTICE welfare_function.calculate_discount_rate; regional time-discounting visibility, not full welfare aggregation",-4144.312094162514,"scalar from welfare_function.calculate_welfare(physical_damage, welfare_loss=True)"
2082,rjan57 / Japan & Pacific,Utilitarian,0.015,1.45,0.0,0.0,0.0,1.426255184023508,0.3687866313228572,0.5259838447227914,"physical_damage_per_capita multiplied by JUSTICE welfare_function.calculate_discount_rate; regional time-discounting visibility, not full welfare aggregation",-4144.312094162514,"scalar from welfare_function.calculate_welfare(physical_damage, welfare_loss=True)"
2083,rjan57 / Japan & Pacific,Utilitarian,0.015,1.45,0.0,0.0,0.0,1.4742440351283386,0.3633365825840958,0.5356467896185182,"physical_damage_per_capita multiplied by JUSTICE welfare_function.calculate_discount_rate; regional time-discounting visibility, not full welfare aggregation",-4144.312094162514,"scalar from welfare_function.calculate_welfare(physical_damage, welfare_loss=True)"
2084,rjan57 / Japan & Pacific,Utilitarian,0.015,1.45,0.0,0.0,0.0,1.5216195445636795,0.35796707643753284,0.5446896998176706,"physical_damage_per_capita multiplied by JUSTICE welfare_function.calculate_discount_rate; regional time-discounting visibility, not full welfare aggregation",-4144.312094162514,"scalar from welfare_function.calculate_welfare(physical_damage, welfare_loss=True)"
2085,rjan57 / Japan & Pacific,Utilitarian,0.015,1.45,0.0,0.0,0.0,1.5679768293893162,0.35267692259855454,0.5529892428948628,"physical_damage_per_capita multiplied by JUSTICE welfare_function.calculate_discount_rate; regional time-discounting visibility, not full welfare aggregation",-4144.312094162514,"scalar from welfare_function.calculate_welfare(physical_damage, welfare_loss=True)"
2086,rjan57 / Japan & Pacific,Utilitarian,0.015,1.45,0.0,0.0,0.0,1.6141488906809993,0.3474649483729602,0.5608601609667444,"physical_damage_per_capita multiplied by JUSTICE welfare_function.calculate_discount_rate; regional time-discounting visibility, not full welfare aggregation",-4144.312094162514,"scalar from welfare_function.calculate_welfare(physical_damage, welfare_loss=True)"
2087,rjan57 / Japan & Pacific,Utilitarian,0.015,1.45,0.0,0.0,0.0,1.6598849341812956,0.3423299983970051,0.5682284068574959,"physical_damage_per_capita multiplied by JUSTICE welfare_function.calculate_discount_rate; regional time-discounting visibility, not full welfare aggregation",-4144.312094162514,"scalar from welfare_function.calculate_welfare(physical_damage, welfare_loss=True)"
2088,rjan57 / Japan & Pacific,Utilitarian,0.015,1.45,0.0,0.0,0.0,1.705270785114548,0.3372709343812859,0.5751382710686926,"physical_damage_per_capita multiplied by JUSTICE welfare_function.calculate_discount_rate; regional time-discounting visibility, not full welfare aggregation",-4144.312094162514,"scalar from welfare_function.calculate_welfare(physical_damage, welfare_loss=True)"
2089,rjan57 / Japan & Pacific,Utilitarian,0.015,1.45,0.0,0.0,0.0,1.752420604571699,0.3322866348584098,0.58230594554967,"physical_damage_per_capita multiplied by JUSTICE welfare_function.calculate_discount_rate; regional time-discounting visibility, not full welfare aggregation",-4144.312094162514,"scalar from welfare_function.calculate_welfare(physical_damage, welfare_loss=True)"
2090,rjan57 / Japan & Pacific,Utilitarian,0.015,1.45,0.0,0.0,0.0,1.8019673914995622,0.3273759949343939,0.5899208676315036,"physical_damage_per_capita multiplied by JUSTICE welfare_function.calculate_discount_rate; regional time-discounting visibility, not full welfare aggregation",-4144.312094162514,"scalar from welfare_function.calculate_welfare(physical_damage, welfare_loss=True)"
2091,rjan57 / Japan & Pacific,Utilitarian,0.015,1.45,0.0,0.0,0.0,1.8549448252000864,0.3225379260437378,0.5982900568455997,"physical_damage_per_capita multiplied by JUSTICE welfare_function.calculate_discount_rate; regional time-discounting visibility, not full welfare aggregation",-4144.312094162514,"scalar from welfare_function.calculate_welfare(physical_damage, welfare_loss=True)"
2092,rjan57 / Japan & Pacific,Utilitarian,0.015,1.45,0.0,0.0,0.0,1.9121661693857575,0.31777135570811615,0.6076316359849074,"physical_damage_per_capita multiplied by JUSTICE welfare_function.calculate_discount_rate; regional time-discounting visibility, not full welfare aggregation",-4144.312094162514,"scalar from welfare_function.calculate_welfare(physical_damage, welfare_loss=True)"
2093,rjan57 / Japan & Pacific,Utilitarian,0.015,1.45,0.0,0.0,0.0,1.9724949182260416,0.3130752272986366,0.6175392948690236,"physical_damage_per_capita multiplied by JUSTICE welfare_function.calculate_discount_rate; regional time-discounting visibility, not full welfare aggregation",-4144.312094162514,"scalar from welfare_function.calculate_welfare(physical_damage, welfare_loss=True)"
2094,rjan57 / Japan & Pacific,Utilitarian,0.015,1.45,0.0,0.0,0.0,2.034188732540283,0.3084484998016125,0.6274424628653938,"physical_damage_per_capita multiplied by JUSTICE welfare_function.calculate_discount_rate; regional time-discounting visibility, not full welfare aggregation",-4144.312094162514,"scalar from welfare_function.calculate_welfare(physical_damage, welfare_loss=True)"
2095,rjan57 / Japan & Pacific,Utilitarian,0.015,1.45,0.0,0.0,0.0,2.094426332874928,0.30389014758779553,0.6364755274091273,"physical_damage_per_capita multiplied by JUSTICE welfare_function.calculate_discount_rate; regional time-discounting visibility, not full welfare aggregation",-4144.312094162514,"scalar from welfare_function.calculate_welfare(physical_damage, welfare_loss=True)"
2096,rjan57 / Japan & Pacific,Utilitarian,0.015,1.45,0.0,0.0,0.0,2.1504050124023104,0.29939916018502033,0.6438294547709099,"physical_damage_per_capita multiplied by JUSTICE welfare_function.calculate_discount_rate; regional time-discounting visibility, not full welfare aggregation",-4144.312094162514,"scalar from welfare_function.calculate_welfare(physical_damage, welfare_loss=True)"
2097,rjan57 / Japan & Pacific,Utilitarian,0.015,1.45,0.0,0.0,0.0,2.20383143225076,0.2949745420542072,0.6500741674928355,"physical_damage_per_capita multiplied by JUSTICE welfare_function.calculate_discount_rate; regional time-discounting visibility, not full welfare aggregation",-4144.312094162514,"scalar from welfare_function.calculate_welfare(physical_damage, welfare_loss=True)"
2098,rjan57 / Japan & Pacific,Utilitarian,0.015,1.45,0.0,0.0,0.0,2.2566048555306053,0.2906153123686771,0.6558039249827003,"physical_damage_per_capita multiplied by JUSTICE welfare_function.calculate_discount_rate; regional time-discounting visibility, not full welfare aggregation",-4144.312094162514,"scalar from welfare_function.calculate_welfare(physical_damage, welfare_loss=True)"
2099,rjan57 / Japan & Pacific,Utilitarian,0.015,1.45,0.0,0.0,0.0,2.310339298275043,0.2863205047967262,0.6614975141338245,"physical_damage_per_capita multiplied by JUSTICE welfare_function.calculate_discount_rate; regional time-discounting visibility, not full welfare aggregation",-4144.312094162514,"scalar from welfare_function.calculate_welfare(physical_damage, welfare_loss=True)"
2100,rjan57 / Japan & Pacific,Utilitarian,0.015,1.45,0.0,0.0,0.0,2.3661685730832893,0.282089167287415,0.6674705224427161,"physical_damage_per_capita multiplied by JUSTICE welfare_function.calculate_discount_rate; regional time-discounting visibility, not full welfare aggregation",-4144.312094162514,"scalar from welfare_function.calculate_welfare(physical_damage, welfare_loss=True)"
2101,rjan57 / Japan & Pacific,Utilitarian,0.015,1.45,0.0,0.0,0.0,2.425057154953746,0.27792036185952224,0.6739727620347686,"physical_damage_per_capita multiplied by JUSTICE welfare_function.calculate_discount_rate; regional time-discounting visibility, not full welfare aggregation",-4144.312094162514,"scalar from welfare_function.calculate_welfare(physical_damage, welfare_loss=True)"
2102,rjan57 / Japan & Pacific,Utilitarian,0.015,1.45,0.0,0.0,0.0,2.4886965768733886,0.27381316439361797,0.6814378849292675,"physical_damage_per_capita multiplied by JUSTICE welfare_function.calculate_discount_rate; regional time-discounting visibility, not full welfare aggregation",-4144.312094162514,"scalar from welfare_function.calculate_welfare(physical_damage, welfare_loss=True)"
2103,rjan57 / Japan & Pacific,Utilitarian,0.015,1.45,0.0,0.0,0.0,2.5569794873169753,0.26976666442720987,0.6897878273022976,"physical_damage_per_capita multiplied by JUSTICE welfare_function.calculate_discount_rate; regional time-discounting visibility, not full welfare aggregation",-4144.312094162514,"scalar from welfare_function.calculate_welfare(physical_damage, welfare_loss=True)"
2104,rjan57 / Japan & Pacific,Utilitarian,0.015,1.45,0.0,0.0,0.0,2.6248416423532523,0.2657799649529161,0.6976303197116022,"physical_damage_per_capita multiplied by JUSTICE welfare_function.calculate_discount_rate; regional time-discounting visibility, not full welfare aggregation",-4144.312094162514,"scalar from welfare_function.calculate_welfare(physical_damage, welfare_loss=True)"
2105,rjan57 / Japan & Pacific,Utilitarian,0.015,1.45,0.0,0.0,0.0,2.6901114199967977,0.26185218221962187,0.7044115457400872,"physical_damage_per_capita multiplied by JUSTICE welfare_function.calculate_discount_rate; regional time-discounting visibility, not full welfare aggregation",-4144.312094162514,"scalar from welfare_function.calculate_welfare(physical_damage, welfare_loss=True)"
2106,rjan57 / Japan & Pacific,Utilitarian,0.015,1.45,0.0,0.0,0.0,2.753416365532912,0.25798244553657323,0.7103330875606039,"physical_damage_per_capita multiplied by JUSTICE welfare_function.calculate_discount_rate; regional time-discounting visibility, not full welfare aggregation",-4144.312094162514,"scalar from welfare_function.calculate_welfare(physical_damage, welfare_loss=True)"
2107,rjan57 / Japan & Pacific,Utilitarian,0.015,1.45,0.0,0.0,0.0,2.8141955593954378,0.25416989708036775,0.7152837956955663,"physical_damage_per_capita multiplied by JUSTICE welfare_function.calculate_discount_rate; regional time-discounting visibility, not full welfare aggregation",-4144.312094162514,"scalar from welfare_function.calculate_welfare(physical_damage, welfare_loss=True)"
2108,rjan57 / Japan & Pacific,Utilitarian,0.015,1.45,0.0,0.0,0.0,2.8738848816745097,0.2504136917047958,0.7196601227547144,"physical_damage_per_capita multiplied by JUSTICE welfare_function.calculate_discount_rate; regional time-discounting visibility, not full welfare aggregation",-4144.312094162514,"scalar from welfare_function.calculate_welfare(physical_damage, welfare_loss=True)"
2109,rjan57 / Japan & Pacific,Utilitarian,0.015,1.45,0.0,0.0,0.0,2.9346138701251143,0.24671299675349345,0.7240073822129341,"physical_damage_per_capita multiplied by JUSTICE welfare_function.calculate_discount_rate; regional time-discounting visibility, not full welfare aggregation",-4144.312094162514,"scalar from welfare_function.calculate_welfare(physical_damage, welfare_loss=True)"
2110,rjan57 / Japan & Pacific,Utilitarian,0.015,1.45,0.0,0.0,0.0,2.997399758077373,0.24306699187536304,0.728568942643808,"physical_damage_per_capita multiplied by JUSTICE welfare_function.calculate_discount_rate; regional time-discounting visibility, not full welfare aggregation",-4144.312094162514,"scalar from welfare_function.calculate_welfare(physical_damage, welfare_loss=True)"
2111,rjan57 / Japan & Pacific,Utilitarian,0.015,1.45,0.0,0.0,0.0,3.0628541378885554,0.23947486884272226,0.733476592955251,"physical_damage_per_capita multiplied by JUSTICE welfare_function.calculate_discount_rate; regional time-discounting visibility, not full welfare aggregation",-4144.312094162514,"scalar from welfare_function.calculate_welfare(physical_damage, welfare_loss=True)"
2112,rjan57 / Japan & Pacific,Utilitarian,0.015,1.45,0.0,0.0,0.0,3.13281849322644,0.23593583137214016,0.7391441357373956,"physical_damage_per_capita multiplied by JUSTICE welfare_function.calculate_discount_rate; regional time-discounting visibility, not full welfare aggregation",-4144.312094162514,"scalar from welfare_function.calculate_welfare(physical_damage, welfare_loss=True)"
2113,rjan57 / Japan & Pacific,Utilitarian,0.015,1.45,0.0,0.0,0.0,3.2099614418029065,0.23244909494792138,0.7461526319648104,"physical_damage_per_capita multiplied by JUSTICE welfare_function.calculate_discount_rate; regional time-discounting visibility, not full welfare aggregation",-4144.312094162514,"scalar from welfare_function.calculate_welfare(physical_damage, welfare_loss=True)"
2114,rjan57 / Japan & Pacific,Utilitarian,0.015,1.45,0.0,0.0,0.0,3.28921945078025,0.2290138866481984,0.7532769304620376,"physical_damage_per_capita multiplied by JUSTICE welfare_function.calculate_discount_rate; regional time-discounting visibility, not full welfare aggregation",-4144.312094162514,"scalar from welfare_function.calculate_welfare(physical_damage, welfare_loss=True)"
2115,rjan57 / Japan & Pacific,Utilitarian,0.015,1.45,0.0,0.0,0.0,3.3650482222753215,0.22562944497359452,0.7592539627013617,"physical_damage_per_capita multiplied by JUSTICE welfare_function.calculate_discount_rate; regional time-discounting visibility, not full welfare aggregation",-4144.312094162514,"scalar from welfare_function.calculate_welfare(physical_damage, welfare_loss=True)"
2116,rjan57 / Japan & Pacific,Utilitarian,0.015,1.45,0.0,0.0,0.0,3.435591717854263,0.2222950196784183,0.7637149285274244,"physical_damage_per_capita multiplied by JUSTICE welfare_function.calculate_discount_rate; regional time-discounting visibility, not full welfare aggregation",-4144.312094162514,"scalar from welfare_function.calculate_welfare(physical_damage, welfare_loss=True)"
2117,rjan57 / Japan & Pacific,Utilitarian,0.015,1.45,0.0,0.0,0.0,3.503232174526705,0.219009871604353,0.767242428743332,"physical_damage_per_capita multiplied by JUSTICE welfare_function.calculate_discount_rate; regional time-discounting visibility, not full welfare aggregation",-4144.312094162514,"scalar from welfare_function.calculate_welfare(physical_damage, welfare_loss=True)"
2118,rjan57 / Japan & Pacific,Utilitarian,0.015,1.45,0.0,0.0,0.0,3.5703382363404925,0.21577327251660394,0.7703835652463482,"physical_damage_per_capita multiplied by JUSTICE welfare_function.calculate_discount_rate; regional time-discounting visibility, not full welfare aggregation",-4144.312094162514,"scalar from welfare_function.calculate_welfare(physical_damage, welfare_loss=True)"
2119,rjan57 / Japan & Pacific,Utilitarian,0.015,1.45,0.0,0.0,0.0,3.636992593377092,0.21258450494246697,0.7731682699424882,"physical_damage_per_capita multiplied by JUSTICE welfare_function.calculate_discount_rate; regional time-discounting visibility, not full welfare aggregation",-4144.312094162514,"scalar from welfare_function.calculate_welfare(physical_damage, welfare_loss=True)"
2120,rjan57 / Japan & Pacific,Utilitarian,0.015,1.45,0.0,0.0,0.0,3.7053813992623588,0.20944286201228274,0.7760656851085853,"physical_damage_per_capita multiplied by JUSTICE welfare_function.calculate_discount_rate; regional time-discounting visibility, not full welfare aggregation",-4144.312094162514,"scalar from welfare_function.calculate_welfare(physical_damage, welfare_loss=True)"
2121,rjan57 / Japan & Pacific,Utilitarian,0.015,1.45,0.0,0.0,0.0,3.7753191013205774,0.20634764730274166,0.7790282143746021,"physical_damage_per_capita multiplied by JUSTICE welfare_function.calculate_discount_rate; regional time-discounting visibility, not full welfare aggregation",-4144.312094162514,"scalar from welfare_function.calculate_welfare(physical_damage, welfare_loss=True)"
2122,rjan57 / Japan & Pacific,Utilitarian,0.015,1.45,0.0,0.0,0.0,3.8504086557524198,0.2032981746825041,0.7827810514961813,"physical_damage_per_capita multiplied by JUSTICE welfare_function.calculate_discount_rate; regional time-discounting visibility, not full welfare aggregation",-4144.312094162514,"scalar from welfare_function.calculate_welfare(physical_damage, welfare_loss=True)"
2123,rjan57 / Japan & Pacific,Utilitarian,0.015,1.45,0.0,0.0,0.0,3.9327156183865264,0.20029376816010258,0.7876984303087253,"physical_damage_per_capita multiplied by JUSTICE welfare_function.calculate_discount_rate; regional time-discounting visibility, not full welfare aggregation",-4144.312094162514,"scalar from welfare_function.calculate_welfare(physical_damage, welfare_loss=True)"
2124,rjan57 / Japan & Pacific,Utilitarian,0.015,1.45,0.0,0.0,0.0,4.021055993276892,0.19733376173409123,0.7934901052967418,"physical_damage_per_capita multiplied by JUSTICE welfare_function.calculate_discount_rate; regional time-discounting visibility, not full welfare aggregation",-4144.312094162514,"scalar from welfare_function.calculate_welfare(physical_damage, welfare_loss=True)"
2125,rjan57 / Japan & Pacific,Utilitarian,0.015,1.45,0.0,0.0,0.0,4.106169797521071,0.1944174992454101,0.7983112635110785,"physical_damage_per_capita multiplied by JUSTICE welfare_function.calculate_discount_rate; regional time-discounting visibility, not full welfare aggregation",-4144.312094162514,"scalar from welfare_function.calculate_welfare(physical_damage, welfare_loss=True)"
2126,rjan57 / Japan & Pacific,Utilitarian,0.015,1.45,0.0,0.0,0.0,4.184630585366022,0.19154433423193118,0.801542279480511,"physical_damage_per_capita multiplied by JUSTICE welfare_function.calculate_discount_rate; regional time-discounting visibility, not full welfare aggregation",-4144.312094162514,"scalar from welfare_function.calculate_welfare(physical_damage, welfare_loss=True)"
2127,rjan57 / Japan & Pacific,Utilitarian,0.015,1.45,0.0,0.0,0.0,4.2599916552225645,0.18871362978515388,0.8039184881115159,"physical_damage_per_capita multiplied by JUSTICE welfare_function.calculate_discount_rate; regional time-discounting visibility, not full welfare aggregation",-4144.312094162514,"scalar from welfare_function.calculate_welfare(physical_damage, welfare_loss=True)"
2128,rjan57 / Japan & Pacific,Utilitarian,0.015,1.45,0.0,0.0,0.0,4.330292509523327,0.18592475840901862,0.8051085886735074,"physical_damage_per_capita multiplied by JUSTICE welfare_function.calculate_discount_rate; regional time-discounting visibility, not full welfare aggregation",-4144.312094162514,"scalar from welfare_function.calculate_welfare(physical_damage, welfare_loss=True)"
2129,rjan57 / Japan & Pacific,Utilitarian,0.015,1.45,0.0,0.0,0.0,4.4003078847533015,0.18317710188080652,0.8060356457123717,"physical_damage_per_capita multiplied by JUSTICE welfare_function.calculate_discount_rate; regional time-discounting visibility, not full welfare aggregation",-4144.312094162514,"scalar from welfare_function.calculate_welfare(physical_damage, welfare_loss=True)"
2130,rjan57 / Japan & Pacific,Utilitarian,0.015,1.45,0.0,0.0,0.0,4.472528274898177,0.18047005111409511,0.8071574063801096,"physical_damage_per_capita multiplied by JUSTICE welfare_function.calculate_discount_rate; regional time-discounting visibility, not full welfare aggregation",-4144.312094162514,"scalar from welfare_function.calculate_welfare(physical_damage, welfare_loss=True)"
2131,rjan57 / Japan & Pacific,Utilitarian,0.015,1.45,0.0,0.0,0.0,4.546347749160597,0.17780300602373905,0.808354296230014,"physical_damage_per_capita multiplied by JUSTICE welfare_function.calculate_discount_rate; regional time-discounting visibility, not full welfare aggregation",-4144.312094162514,"scalar from welfare_function.calculate_welfare(physical_damage, welfare_loss=True)"
2132,rjan57 / Japan & Pacific,Utilitarian,0.015,1.45,0.0,0.0,0.0,4.626403633977806,0.1751753753928464,0.8104319933008909,"physical_damage_per_capita multiplied by JUSTICE welfare_function.calculate_discount_rate; regional time-discounting visibility, not full welfare aggregation",-4144.312094162514,"scalar from welfare_function.calculate_welfare(physical_damage, welfare_loss=True)"
2133,rjan57 / Japan & Pacific,Utilitarian,0.015,1.45,0.0,0.0,0.0,4.71749592153387,0.1725865767417206,0.8141764718905592,"physical_damage_per_capita multiplied by JUSTICE welfare_function.calculate_discount_rate; regional time-discounting visibility, not full welfare aggregation",-4144.312094162514,"scalar from welfare_function.calculate_welfare(physical_damage, welfare_loss=True)"
2134,rjan57 / Japan & Pacific,Utilitarian,0.015,1.45,0.0,0.0,0.0,4.813004855516701,0.1700360361987395,0.8183842678373467,"physical_damage_per_capita multiplied by JUSTICE welfare_function.calculate_discount_rate; regional time-discounting visibility, not full welfare aggregation",-4144.312094162514,"scalar from welfare_function.calculate_welfare(physical_damage, welfare_loss=True)"
2135,rjan57 / Japan & Pacific,Utilitarian,0.015,1.45,0.0,0.0,0.0,4.904567875840534,0.16752318837314237,0.8216288481532966,"physical_damage_per_capita multiplied by JUSTICE welfare_function.calculate_discount_rate; regional time-discounting visibility, not full welfare aggregation",-4144.312094162514,"scalar from welfare_function.calculate_welfare(physical_damage, welfare_loss=True)"
2136,rjan57 / Japan & Pacific,Utilitarian,0.015,1.45,0.0,0.0,0.0,4.9886569517270845,0.16504747622969693,0.8233652396582883,"physical_damage_per_capita multiplied by JUSTICE welfare_function.calculate_discount_rate; regional time-discounting visibility, not full welfare aggregation",-4144.312094162514,"scalar from welfare_function.calculate_welfare(physical_damage, welfare_loss=True)"
2137,rjan57 / Japan & Pacific,Utilitarian,0.015,1.45,0.0,0.0,0.0,5.065053203579455,0.1626083509652187,0.8236199489851533,"physical_damage_per_capita multiplied by JUSTICE welfare_function.calculate_discount_rate; regional time-discounting visibility, not full welfare aggregation",-4144.312094162514,"scalar from welfare_function.calculate_welfare(physical_damage, welfare_loss=True)"
2138,rjan57 / Japan & Pacific,Utilitarian,0.015,1.45,0.0,0.0,0.0,5.135648158865552,0.16020527188691497,0.82275790960659,"physical_damage_per_capita multiplied by JUSTICE welfare_function.calculate_discount_rate; regional time-discounting visibility, not full welfare aggregation",-4144.312094162514,"scalar from welfare_function.calculate_welfare(physical_damage, welfare_loss=True)"
2139,rjan57 / Japan & Pacific,Utilitarian,0.015,1.45,0.0,0.0,0.0,5.206153010780819,0.15783770629252708,0.8217272498295786,"physical_damage_per_capita multiplied by JUSTICE welfare_function.calculate_discount_rate; regional time-discounting visibility, not full welfare aggregation",-4144.312094162514,"scalar from welfare_function.calculate_welfare(physical_damage, welfare_loss=True)"
2140,rjan57 / Japan & Pacific,Utilitarian,0.015,1.45,0.0,0.0,0.0,5.280224799160658,0.15550512935224345,0.8211020404024019,"physical_damage_per_capita multiplied by JUSTICE welfare_function.calculate_discount_rate; regional time-discounting visibility, not full welfare aggregation",-4144.312094162514,"scalar from welfare_function.calculate_welfare(physical_damage, welfare_loss=True)"
2141,rjan57 / Japan & Pacific,Utilitarian,0.015,1.45,0.0,0.0,0.0,5.354388530610784,0.15320702399235808,0.8203299320736933,"physical_damage_per_capita multiplied by JUSTICE welfare_function.calculate_discount_rate; regional time-discounting visibility, not full welfare aggregation",-4144.312094162514,"scalar from welfare_function.calculate_welfare(physical_damage, welfare_loss=True)"
2142,rjan57 / Japan & Pacific,Utilitarian,0.015,1.45,0.0,0.0,0.0,5.43167418260184,0.15094288078064838,0.8198725485837953,"physical_damage_per_capita multiplied by JUSTICE welfare_function.calculate_discount_rate; regional time-discounting visibility, not full welfare aggregation",-4144.312094162514,"scalar from welfare_function.calculate_welfare(physical_damage, welfare_loss=True)"
2143,rjan57 / Japan & Pacific,Utilitarian,0.015,1.45,0.0,0.0,0.0,5.514874376744741,0.1487121978134467,0.8201290892307724,"physical_damage_per_capita multiplied by JUSTICE welfare_function.calculate_discount_rate; regional time-discounting visibility, not full welfare aggregation",-4144.312094162514,"scalar from welfare_function.calculate_welfare(physical_damage, welfare_loss=True)"
2144,rjan57 / Japan & Pacific,Utilitarian,0.015,1.45,0.0,0.0,0.0,5.604467901789238,0.146514480604381,0.8211357036945751,"physical_damage_per_capita multiplied by JUSTICE welfare_function.calculate_discount_rate; regional time-discounting visibility, not full welfare aggregation",-4144.312094162514,"scalar from welfare_function.calculate_welfare(physical_damage, welfare_loss=True)"
2145,rjan57 / Japan & Pacific,Utilitarian,0.015,1.45,0.0,0.0,0.0,5.694588800903803,0.14434924197475962,0.8220095767684193,"physical_damage_per_capita multiplied by JUSTICE welfare_function.calculate_discount_rate; regional time-discounting visibility, not full welfare aggregation",-4144.312094162514,"scalar from welfare_function.calculate_welfare(physical_damage, welfare_loss=True)"
2146,rjan57 / Japan & Pacific,Utilitarian,0.015,1.45,0.0,0.0,0.0,5.779520029099372,0.142216001945576,0.8219402317028917,"physical_damage_per_capita multiplied by JUSTICE welfare_function.calculate_discount_rate; regional time-discounting visibility, not full welfare aggregation",-4144.312094162514,"scalar from welfare_function.calculate_welfare(physical_damage, welfare_loss=True)"
2147,rjan57 / Japan & Pacific,Utilitarian,0.015,1.45,0.0,0.0,0.0,5.8625125876793875,0.14011428763110936,0.8214217749511089,"physical_damage_per_capita multiplied by JUSTICE welfare_function.calculate_discount_rate; regional time-discounting visibility, not full welfare aggregation",-4144.312094162514,"scalar from welfare_function.calculate_welfare(physical_damage, welfare_loss=True)"
2148,rjan57 / Japan & Pacific,Utilitarian,0.015,1.45,0.0,0.0,0.0,5.940866902933409,0.1380436331340979,0.8200988512470438,"physical_damage_per_capita multiplied by JUSTICE welfare_function.calculate_discount_rate; regional time-discounting visibility, not full welfare aggregation",-4144.312094162514,"scalar from welfare_function.calculate_welfare(physical_damage, welfare_loss=True)"
2149,rjan57 / Japan & Pacific,Utilitarian,0.015,1.45,0.0,0.0,0.0,6.017271085138427,0.136003579442461,0.8183704060544476,"physical_damage_per_capita multiplied by JUSTICE welfare_function.calculate_discount_rate; regional time-discounting visibility, not full welfare aggregation",-4144.312094162514,"scalar from welfare_function.calculate_welfare(physical_damage, welfare_loss=True)"
2150,rjan57 / Japan & Pacific,Utilitarian,0.015,1.45,0.0,0.0,0.0,6.0940385903018015,0.1339936743275478,0.8165626222084081,"physical_damage_per_capita multiplied by JUSTICE welfare_function.calculate_discount_rate; regional time-discounting visibility, not full welfare aggregation",-4144.312094162514,"scalar from welfare_function.calculate_welfare(physical_damage, welfare_loss=True)"
2151,rjan57 / Japan & Pacific,Utilitarian,0.015,1.45,0.0,0.0,0.0,6.167014146658302,0.13201347224388946,0.8141289508775494,"physical_damage_per_capita multiplied by JUSTICE welfare_function.calculate_discount_rate; regional time-discounting visibility, not full welfare aggregation",-4144.312094162514,"scalar from welfare_function.calculate_welfare(physical_damage, welfare_loss=True)"
2152,rjan57 / Japan & Pacific,Utilitarian,0.015,1.45,0.0,0.0,0.0,6.241155512118644,0.13006253423043299,0.8117405024323867,"physical_damage_per_capita multiplied by JUSTICE welfare_function.calculate_discount_rate; regional time-discounting visibility, not full welfare aggregation",-4144.312094162514,"scalar from welfare_function.calculate_welfare(physical_damage, welfare_loss=True)"
2153,rjan57 / Japan & Pacific,Utilitarian,0.015,1.45,0.0,0.0,0.0,6.317231853962029,0.12814042781323448,0.8094927923620867,"physical_damage_per_capita multiplied by JUSTICE welfare_function.calculate_discount_rate; regional time-discounting visibility, not full welfare aggregation",-4144.312094162514,"scalar from welfare_function.calculate_welfare(physical_damage, welfare_loss=True)"
2154,rjan57 / Japan & Pacific,Utilitarian,0.015,1.45,0.0,0.0,0.0,6.398203904818363,0.12624672690959063,0.8077523010834803,"physical_damage_per_capita multiplied by JUSTICE welfare_function.calculate_discount_rate; regional time-discounting visibility, not full welfare aggregation",-4144.312094162514,"scalar from welfare_function.calculate_welfare(physical_damage, welfare_loss=True)"
2155,rjan57 / Japan & Pacific,Utilitarian,0.015,1.45,0.0,0.0,0.0,6.488291344895926,0.12438101173358686,0.8070202419004303,"physical_damage_per_capita multiplied by JUSTICE welfare_function.calculate_discount_rate; regional time-discounting visibility, not full welfare aggregation",-4144.312094162514,"scalar from welfare_function.calculate_welfare(physical_damage, welfare_loss=True)"
2156,rjan57 / Japan & Pacific,Utilitarian,0.015,1.45,0.0,0.0,0.0,6.581368039103507,0.12254286870304124,0.8064997195022531,"physical_damage_per_capita multiplied by JUSTICE welfare_function.calculate_discount_rate; regional time-discounting visibility, not full welfare aggregation",-4144.312094162514,"scalar from welfare_function.calculate_welfare(physical_damage, welfare_loss=True)"
2157,rjan57 / Japan & Pacific,Utilitarian,0.015,1.45,0.0,0.0,0.0,6.670986506965983,0.12073189034782389,0.8054008114708298,"physical_damage_per_capita multiplied by JUSTICE welfare_function.calculate_discount_rate; regional time-discounting visibility, not full welfare aggregation",-4144.312094162514,"scalar from welfare_function.calculate_welfare(physical_damage, welfare_loss=True)"
2158,rjan57 / Japan & Pacific,Utilitarian,0.015,1.45,0.0,0.0,0.0,6.75294120572911,0.11894767521953095,0.8032466573156539,"physical_damage_per_capita multiplied by JUSTICE welfare_function.calculate_discount_rate; regional time-discounting visibility, not full welfare aggregation",-4144.312094162514,"scalar from welfare_function.calculate_welfare(physical_damage, welfare_loss=True)"
2159,rjan57 / Japan & Pacific,Utilitarian,0.015,1.45,0.0,0.0,0.0,6.8284871140104615,0.11718982780249355,0.8002292290424321,"physical_damage_per_capita multiplied by JUSTICE welfare_function.calculate_discount_rate; regional time-discounting visibility, not full welfare aggregation",-4144.312094162514,"scalar from welfare_function.calculate_welfare(physical_damage, welfare_loss=True)"
2160,rjan57 / Japan & Pacific,Utilitarian,0.015,1.45,0.0,0.0,0.0,6.897446370210848,0.11545795842610204,0.7963650762580725,"physical_damage_per_capita multiplied by JUSTICE welfare_function.calculate_discount_rate; regional time-discounting visibility, not full welfare aggregation",-4144.312094162514,"scalar from welfare_function.calculate_welfare(physical_damage, welfare_loss=True)"
2161,rjan57 / Japan & Pacific,Utilitarian,0.015,1.45,0.0,0.0,0.0,6.958461058458402,0.11375168317842566,0.7915366577311727,"physical_damage_per_capita multiplied by JUSTICE welfare_function.calculate_discount_rate; regional time-discounting visibility, not full welfare aggregation",-4144.312094162514,"scalar from welfare_function.calculate_welfare(physical_damage, welfare_loss=True)"
2162,rjan57 / Japan & Pacific,Utilitarian,0.015,1.45,0.0,0.0,0.0,7.019726872307336,0.11207062382110904,0.7867051696332857,"physical_damage_per_capita multiplied by JUSTICE welfare_function.calculate_discount_rate; regional time-discounting visibility, not full welfare aggregation",-4144.312094162514,"scalar from welfare_function.calculate_welfare(physical_damage, welfare_loss=True)"
2163,rjan57 / Japan & Pacific,Utilitarian,0.015,1.45,0.0,0.0,0.0,7.0848909676846565,0.11041440770552614,0.7822740398551333,"physical_damage_per_capita multiplied by JUSTICE welfare_function.calculate_discount_rate; regional time-discounting visibility, not full welfare aggregation",-4144.312094162514,"scalar from welfare_function.calculate_welfare(physical_damage, welfare_loss=True)"
2164,rjan57 / Japan & Pacific,Utilitarian,0.015,1.45,0.0,0.0,0.0,7.157334793929209,0.10878266769017356,0.778593972435318,"physical_damage_per_capita multiplied by JUSTICE welfare_function.calculate_discount_rate; regional time-discounting visibility, not full welfare aggregation",-4144.312094162514,"scalar from welfare_function.calculate_welfare(physical_damage, welfare_loss=True)"
2165,rjan57 / Japan & Pacific,Utilitarian,0.015,1.45,0.0,0.0,0.0,7.240227781854122,0.10717504205928431,0.7759717170390142,"physical_damage_per_capita multiplied by JUSTICE welfare_function.calculate_discount_rate; regional time-discounting visibility, not full welfare aggregation",-4144.312094162514,"scalar from welfare_function.calculate_welfare(physical_damage, welfare_loss=True)"
2166,rjan57 / Japan & Pacific,Utilitarian,0.015,1.45,0.0,0.0,0.0,7.327600120996998,0.10559117444264465,0.773729902622138,"physical_damage_per_capita multiplied by JUSTICE welfare_function.calculate_discount_rate; regional time-discounting visibility, not full welfare aggregation",-4144.312094162514,"scalar from welfare_function.calculate_welfare(physical_damage, welfare_loss=True)"
2167,rjan57 / Japan & Pacific,Utilitarian,0.015,1.45,0.0,0.0,0.0,7.409778111408216,0.10403071373659573,0.770844505559601,"physical_damage_per_capita multiplied by JUSTICE welfare_function.calculate_discount_rate; regional time-discounting visibility, not full welfare aggregation",-4144.312094162514,"scalar from welfare_function.calculate_welfare(physical_damage, welfare_loss=True)"
2168,rjan57 / Japan & Pacific,Utilitarian,0.015,1.45,0.0,0.0,0.0,7.483177279645798,0.10249331402620268,0.7669756388364819,"physical_damage_per_capita multiplied by JUSTICE welfare_function.calculate_discount_rate; regional time-discounting visibility, not full welfare aggregation",-4144.312094162514,"scalar from welfare_function.calculate_welfare(physical_damage, welfare_loss=True)"
2169,rjan57 / Japan & Pacific,Utilitarian,0.015,1.45,0.0,0.0,0.0,7.547977375234557,0.10097863450857408,0.7621844486527967,"physical_damage_per_capita multiplied by JUSTICE welfare_function.calculate_discount_rate; regional time-discounting visibility, not full welfare aggregation",-4144.312094162514,"scalar from welfare_function.calculate_welfare(physical_damage, welfare_loss=True)"
2170,rjan57 / Japan & Pacific,Utilitarian,0.015,1.45,0.0,0.0,0.0,7.602555677370243,0.09948633941731437,0.7563504345578864,"physical_damage_per_capita multiplied by JUSTICE welfare_function.calculate_discount_rate; regional time-discounting visibility, not full welfare aggregation",-4144.312094162514,"scalar from welfare_function.calculate_welfare(physical_damage, welfare_loss=True)"
2171,rjan57 / Japan & Pacific,Utilitarian,0.015,1.45,0.0,0.0,0.0,7.650572900154326,0.09801609794809299,0.7498793027405523,"physical_damage_per_capita multiplied by JUSTICE welfare_function.calculate_discount_rate; regional time-discounting visibility, not full welfare aggregation",-4144.312094162514,"scalar from welfare_function.calculate_welfare(physical_damage, welfare_loss=True)"
2172,rjan57 / Japan & Pacific,Utilitarian,0.015,1.45,0.0,0.0,0.0,7.700283686124968,0.09656758418531329,0.7435977931106674,"physical_damage_per_capita multiplied by JUSTICE welfare_function.calculate_discount_rate; regional time-discounting visibility, not full welfare aggregation",-4144.312094162514,"scalar from welfare_function.calculate_welfare(physical_damage, welfare_loss=True)"
2173,rjan57 / Japan & Pacific,Utilitarian,0.015,1.45,0.0,0.0,0.0,7.753222915837354,0.09514047702986533,0.7376453267316493,"physical_damage_per_capita multiplied by JUSTICE welfare_function.calculate_discount_rate; regional time-discounting visibility, not full welfare aggregation",-4144.312094162514,"scalar from welfare_function.calculate_welfare(physical_damage, welfare_loss=True)"
2174,rjan57 / Japan & Pacific,Utilitarian,0.015,1.45,0.0,0.0,0.0,7.8113696253904665,0.09373446012794615,0.7321945146958123,"physical_damage_per_capita multiplied by JUSTICE welfare_function.calculate_discount_rate; regional time-discounting visibility, not full welfare aggregation",-4144.312094162514,"scalar from welfare_function.calculate_welfare(physical_damage, welfare_loss=True)"
2175,rjan57 / Japan & Pacific,Utilitarian,0.015,1.45,0.0,0.0,0.0,7.8788221040180595,0.09234922180093218,0.7276030900140509,"physical_damage_per_capita multiplied by JUSTICE welfare_function.calculate_discount_rate; regional time-discounting visibility, not full welfare aggregation",-4144.312094162514,"scalar from welfare_function.calculate_welfare(physical_damage, welfare_loss=True)"
2176,rjan57 / Japan & Pacific,Utilitarian,0.015,1.45,0.0,0.0,0.0,7.94767403849425,0.09098445497628786,0.723114790721592,"physical_damage_per_capita multiplied by JUSTICE welfare_function.calculate_discount_rate; regional time-discounting visibility, not full welfare aggregation",-4144.312094162514,"scalar from welfare_function.calculate_welfare(physical_damage, welfare_loss=True)"
2177,rjan57 / Japan & Pacific,Utilitarian,0.015,1.45,0.0,0.0,0.0,8.016139592756574,0.08963985711949544,0.7185656077446296,"physical_damage_per_capita multiplied by JUSTICE welfare_function.calculate_discount_rate; regional time-discounting visibility, not full welfare aggregation",-4144.312094162514,"scalar from welfare_function.calculate_welfare(physical_damage, welfare_loss=True)"
2178,rjan57 / Japan & Pacific,Utilitarian,0.015,1.45,0.0,0.0,0.0,8.080649774814058,0.0883151301669906,0.7136436366965667,"physical_damage_per_capita multiplied by JUSTICE welfare_function.calculate_discount_rate; regional time-discounting visibility, not full welfare aggregation",-4144.312094162514,"scalar from welfare_function.calculate_welfare(physical_damage, welfare_loss=True)"
2179,rjan57 / Japan & Pacific,Utilitarian,0.015,1.45,0.0,0.0,0.0,8.136458617589783,0.08700998046008926,0.7079531053308119,"physical_damage_per_capita multiplied by JUSTICE welfare_function.calculate_discount_rate; regional time-discounting visibility, not full welfare aggregation",-4144.312094162514,"scalar from welfare_function.calculate_welfare(physical_damage, welfare_loss=True)"
2180,rjan57 / Japan & Pacific,Utilitarian,0.015,1.45,0.0,0.0,0.0,8.182747481559659,0.08572411867989091,0.7014588162367986,"physical_damage_per_capita multiplied by JUSTICE welfare_function.calculate_discount_rate; regional time-discounting visibility, not full welfare aggregation",-4144.312094162514,"scalar from welfare_function.calculate_welfare(physical_damage, welfare_loss=True)"
2181,rjan57 / Japan & Pacific,Utilitarian,0.015,1.45,0.0,0.0,0.0,8.219573000958514,0.08445725978314376,0.6942026122484678,"physical_damage_per_capita multiplied by JUSTICE welfare_function.calculate_discount_rate; regional time-discounting visibility, not full welfare aggregation",-4144.312094162514,"scalar from welfare_function.calculate_welfare(physical_damage, welfare_loss=True)"
2182,rjan57 / Japan & Pacific,Utilitarian,0.015,1.45,0.0,0.0,0.0,8.255542065084404,0.0832091229390579,0.686936414622172,"physical_damage_per_capita multiplied by JUSTICE welfare_function.calculate_discount_rate; regional time-discounting visibility, not full welfare aggregation",-4144.312094162514,"scalar from welfare_function.calculate_welfare(physical_damage, welfare_loss=True)"
2183,rjan57 / Japan & Pacific,Utilitarian,0.015,1.45,0.0,0.0,0.0,8.291515850450942,0.08197943146705212,0.6797337554200195,"physical_damage_per_capita multiplied by JUSTICE welfare_function.calculate_discount_rate; regional time-discounting visibility, not full welfare aggregation",-4144.312094162514,"scalar from welfare_function.calculate_welfare(physical_damage, welfare_loss=True)"
2184,rjan57 / Japan & Pacific,Utilitarian,0.015,1.45,0.0,0.0,0.0,8.328395449801526,0.08076791277542082,0.6726671172487814,"physical_damage_per_capita multiplied by JUSTICE welfare_function.calculate_discount_rate; regional time-discounting visibility, not full welfare aggregation",-4144.312094162514,"scalar from welfare_function.calculate_welfare(physical_damage, welfare_loss=True)"
2185,rjan57 / Japan & Pacific,Utilitarian,0.015,1.45,0.0,0.0,0.0,8.366456809813537,0.07957429830090723,0.665754929905759,"physical_damage_per_capita multiplied by JUSTICE welfare_function.calculate_discount_rate; regional time-discounting visibility, not full welfare aggregation",-4144.312094162514,"scalar from welfare_function.calculate_welfare(physical_damage, welfare_loss=True)"
2186,rjan57 / Japan & Pacific,Utilitarian,0.015,1.45,0.0,0.0,0.0,8.401933318442644,0.07839832344916968,0.658697485897622,"physical_damage_per_capita multiplied by JUSTICE welfare_function.calculate_discount_rate; regional time-discounting visibility, not full welfare aggregation",-4144.312094162514,"scalar from welfare_function.calculate_welfare(physical_damage, welfare_loss=True)"
2187,rjan57 / Japan & Pacific,Utilitarian,0.015,1.45,0.0,0.0,0.0,8.441997290140694,0.07723972753612778,0.6520575705511963,"physical_damage_per_capita multiplied by JUSTICE welfare_function.calculate_discount_rate; regional time-discounting visibility, not full welfare aggregation",-4144.312094162514,"scalar from welfare_function.calculate_welfare(physical_damage, welfare_loss=True)"
2188,rjan57 / Japan & Pacific,Utilitarian,0.015,1.45,0.0,0.0,0.0,8.490401145552891,0.07609825373017516,0.6461047006452537,"physical_damage_per_capita multiplied by JUSTICE welfare_function.calculate_discount_rate; regional time-discounting visibility, not full welfare aggregation",-4144.312094162514,"scalar from welfare_function.calculate_welfare(physical_damage, welfare_loss=True)"
2189,rjan57 / Japan & Pacific,Utilitarian,0.015,1.45,0.0,0.0,0.0,8.540955093375654,0.07497364899524647,0.6403465692549088,"physical_damage_per_capita multiplied by JUSTICE welfare_function.calculate_discount_rate; regional time-discounting visibility, not full welfare aggregation",-4144.312094162514,"scalar from welfare_function.calculate_welfare(physical_damage, welfare_loss=True)"
2190,rjan57 / Japan & Pacific,Utilitarian,0.015,1.45,0.0,0.0,0.0,8.587132660718627,0.07386566403472558,0.6342942561382613,"physical_damage_per_capita multiplied by JUSTICE welfare_function.calculate_discount_rate; regional time-discounting visibility, not full welfare aggregation",-4144.312094162514,"scalar from welfare_function.calculate_welfare(physical_damage, welfare_loss=True)"
2191,rjan57 / Japan & Pacific,Utilitarian,0.015,1.45,0.0,0.0,0.0,8.626009088484249,0.07277405323618286,0.6277496446211499,"physical_damage_per_capita multiplied by JUSTICE welfare_function.calculate_discount_rate; regional time-discounting visibility, not full welfare aggregation",-4144.312094162514,"scalar from welfare_function.calculate_welfare(physical_damage, welfare_loss=True)"
2192,rjan57 / Japan & Pacific,Utilitarian,0.015,1.45,0.0,0.0,0.0,8.656970731871047,0.07169857461692893,0.6206924619756261,"physical_damage_per_capita multiplied by JUSTICE welfare_function.calculate_discount_rate; regional time-discounting visibility, not full welfare aggregation",-4144.312094162514,"scalar from welfare_function.calculate_welfare(physical_damage, welfare_loss=True)"
2193,rjan57 / Japan & Pacific,Utilitarian,0.015,1.45,0.0,0.0,0.0,8.677727845209253,0.07063898977037333,0.6129859284878202,"physical_damage_per_capita multiplied by JUSTICE welfare_function.calculate_discount_rate; regional time-discounting visibility, not full welfare aggregation",-4144.312094162514,"scalar from welfare_function.calculate_welfare(physical_damage, welfare_loss=True)"
2194,rjan57 / Japan & Pacific,Utilitarian,0.015,1.45,0.0,0.0,0.0,8.695286564409214,0.0695950638131757,0.6051490233239086,"physical_damage_per_capita multiplied by JUSTICE welfare_function.calculate_discount_rate; regional time-discounting visibility, not full welfare aggregation",-4144.312094162514,"scalar from welfare_function.calculate_welfare(physical_damage, welfare_loss=True)"
2195,rjan57 / Japan & Pacific,Utilitarian,0.015,1.45,0.0,0.0,0.0,8.71444585039771,0.06856656533317804,0.5975196207437368,"physical_damage_per_capita multiplied by JUSTICE welfare_function.calculate_discount_rate; regional time-discounting visibility, not full welfare aggregation",-4144.312094162514,"scalar from welfare_function.calculate_welfare(physical_damage, welfare_loss=True)"
2196,rjan57 / Japan & Pacific,Utilitarian,0.015,1.45,0.0,0.0,0.0,8.730754274028172,0.06755326633810645,0.5897909688059862,"physical_damage_per_capita multiplied by JUSTICE welfare_function.calculate_discount_rate; regional time-discounting visibility, not full welfare aggregation",-4144.312094162514,"scalar from welfare_function.calculate_welfare(physical_damage, welfare_loss=True)"
2197,rjan57 / Japan & Pacific,Utilitarian,0.015,1.45,0.0,0.0,0.0,8.750371754780394,0.066554942205031,0.5823804864119448,"physical_damage_per_capita multiplied by JUSTICE welfare_function.calculate_discount_rate; regional time-discounting visibility, not full welfare aggregation",-4144.312094162514,"scalar from welfare_function.calculate_welfare(physical_damage, welfare_loss=True)"
2198,rjan57 / Japan & Pacific,Utilitarian,0.015,1.45,0.0,0.0,0.0,8.77802314886534,0.0655713716305724,0.5755870180760166,"physical_damage_per_capita multiplied by JUSTICE welfare_function.calculate_discount_rate; regional time-discounting visibility, not full welfare aggregation",-4144.312094162514,"scalar from welfare_function.calculate_welfare(physical_damage, welfare_loss=True)"
2199,rjan57 / Japan & Pacific,Utilitarian,0.015,1.45,0.0,0.0,0.0,8.814397368584661,0.06460233658184475,0.569430665571433,"physical_damage_per_capita multiplied by JUSTICE welfare_function.calculate_discount_rate; regional time-discounting visibility, not full welfare aggregation",-4144.312094162514,"scalar from welfare_function.calculate_welfare(physical_damage, welfare_loss=True)"
2200,rjan57 / Japan & Pacific,Utilitarian,0.015,1.45,0.0,0.0,0.0,8.852182119486496,0.06364762224812291,0.5634203436126646,"physical_damage_per_capita multiplied by JUSTICE welfare_function.calculate_discount_rate; regional time-discounting visibility, not full welfare aggregation",-4144.312094162514,"scalar from welfare_function.calculate_welfare(physical_damage, welfare_loss=True)"
2201,rjan57 / Japan & Pacific,Utilitarian,0.015,1.45,0.0,0.0,0.0,8.883754211462335,0.06270701699322455,0.5570737263017989,"physical_damage_per_capita multiplied by JUSTICE welfare_function.calculate_discount_rate; regional time-discounting visibility, not full welfare aggregation",-4144.312094162514,"scalar from welfare_function.calculate_welfare(physical_damage, welfare_loss=True)"
2202,rjan57 / Japan & Pacific,Utilitarian,0.015,1.45,0.0,0.0,0.0,8.904225927058205,0.06178031230859562,0.5501058586399502,"physical_damage_per_capita multiplied by JUSTICE welfare_function.calculate_discount_rate; regional time-discounting visibility, not full welfare aggregation",-4144.312094162514,"scalar from welfare_function.calculate_welfare(physical_damage, welfare_loss=True)"
2203,rjan57 / Japan & Pacific,Utilitarian,0.015,1.45,0.0,0.0,0.0,8.915354579642234,0.06086730276708929,0.5426535864750399,"physical_damage_per_capita multiplied by JUSTICE welfare_function.calculate_discount_rate; regional time-discounting visibility, not full welfare aggregation",-4144.312094162514,"scalar from welfare_function.calculate_welfare(physical_damage, welfare_loss=True)"
2204,rjan57 / Japan & Pacific,Utilitarian,0.015,1.45,0.0,0.0,0.0,8.922707210390373,0.05996778597742788,0.5350749963319424,"physical_damage_per_capita multiplied by JUSTICE welfare_function.calculate_discount_rate; regional time-discounting visibility, not full welfare aggregation",-4144.312094162514,"scalar from welfare_function.calculate_welfare(physical_damage, welfare_loss=True)"
2205,rjan57 / Japan & Pacific,Utilitarian,0.015,1.45,0.0,0.0,0.0,8.93167369775733,0.059081562539337815,0.5276972381550082,"physical_damage_per_capita multiplied by JUSTICE welfare_function.calculate_discount_rate; regional time-discounting visibility, not full welfare aggregation",-4144.312094162514,"scalar from welfare_function.calculate_welfare(physical_damage, welfare_loss=True)"
2206,rjan57 / Japan & Pacific,Utilitarian,0.015,1.45,0.0,0.0,0.0,8.9412650429628,0.0582084359993476,0.5204570540065041,"physical_damage_per_capita multiplied by JUSTICE welfare_function.calculate_discount_rate; regional time-discounting visibility, not full welfare aggregation",-4144.312094162514,"scalar from welfare_function.calculate_welfare(physical_damage, welfare_loss=True)"
2207,rjan57 / Japan & Pacific,Utilitarian,0.015,1.45,0.0,0.0,0.0,8.950601231596659,0.05734821280723902,0.5133009841823408,"physical_damage_per_capita multiplied by JUSTICE welfare_function.calculate_discount_rate; regional time-discounting visibility, not full welfare aggregation",-4144.312094162514,"scalar from welfare_function.calculate_welfare(physical_damage, welfare_loss=True)"
2208,rjan57 / Japan & Pacific,Utilitarian,0.015,1.45,0.0,0.0,0.0,8.961043013102175,0.056500702273141905,0.5063052233401044,"physical_damage_per_capita multiplied by JUSTICE welfare_function.calculate_discount_rate; regional time-discounting visibility, not full welfare aggregation",-4144.312094162514,"scalar from welfare_function.calculate_welfare(physical_damage, welfare_loss=True)"
2209,rjan57 / Japan & Pacific,Utilitarian,0.015,1.45,0.0,0.0,0.0,8.97409108598662,0.055665716525262955,0.49954921046442036,"physical_damage_per_capita multiplied by JUSTICE welfare_function.calculate_discount_rate; regional time-discounting visibility, not full welfare aggregation",-4144.312094162514,"scalar from welfare_function.calculate_welfare(physical_damage, welfare_loss=True)"
2210,rjan57 / Japan & Pacific,Utilitarian,0.015,1.45,0.0,0.0,0.0,8.993459893528474,0.05484307046823938,0.4932289546940667,"physical_damage_per_capita multiplied by JUSTICE welfare_function.calculate_discount_rate; regional time-discounting visibility, not full welfare aggregation",-4144.312094162514,"scalar from welfare_function.calculate_welfare(physical_damage, welfare_loss=True)"
2211,rjan57 / Japan & Pacific,Utilitarian,0.015,1.45,0.0,0.0,0.0,9.01960646267237,0.05403258174210777,0.4873526234759883,"physical_damage_per_capita multiplied by JUSTICE welfare_function.calculate_discount_rate; regional time-discounting visibility, not full welfare aggregation",-4144.312094162514,"scalar from welfare_function.calculate_welfare(physical_damage, welfare_loss=True)"
2212,rjan57 / Japan & Pacific,Utilitarian,0.015,1.45,0.0,0.0,0.0,9.047963818362168,0.05323407068187958,0.48165994543378077,"physical_damage_per_capita multiplied by JUSTICE welfare_function.calculate_discount_rate; regional time-discounting visibility, not full welfare aggregation",-4144.312094162514,"scalar from welfare_function.calculate_welfare(physical_damage, welfare_loss=True)"
2213,rjan57 / Japan & Pacific,Utilitarian,0.015,1.45,0.0,0.0,0.0,9.072865369403385,0.05244736027771388,0.4758478387802929,"physical_damage_per_capita multiplied by JUSTICE welfare_function.calculate_discount_rate; regional time-discounting visibility, not full welfare aggregation",-4144.312094162514,"scalar from welfare_function.calculate_welfare(physical_damage, welfare_loss=True)"
2214,rjan57 / Japan & Pacific,Utilitarian,0.015,1.45,0.0,0.0,0.0,9.092248307983073,0.0516722761356787,0.4698171652642588,"physical_damage_per_capita multiplied by JUSTICE welfare_function.calculate_discount_rate; regional time-discounting visibility, not full welfare aggregation",-4144.312094162514,"scalar from welfare_function.calculate_welfare(physical_damage, welfare_loss=True)"
2215,rjan57 / Japan & Pacific,Utilitarian,0.015,1.45,0.0,0.0,0.0,9.105602722248088,0.05090864643909232,0.46355390960176446,"physical_damage_per_capita multiplied by JUSTICE welfare_function.calculate_discount_rate; regional time-discounting visibility, not full welfare aggregation",-4144.312094162514,"scalar from welfare_function.calculate_welfare(physical_damage, welfare_loss=True)"
2216,rjan57 / Japan & Pacific,Utilitarian,0.015,1.45,0.0,0.0,0.0,9.114901955664287,0.05015630191043579,0.4571697743723196,"physical_damage_per_capita multiplied by JUSTICE welfare_function.calculate_discount_rate; regional time-discounting visibility, not full welfare aggregation",-4144.312094162514,"scalar from welfare_function.calculate_welfare(physical_damage, welfare_loss=True)"
2217,rjan57 / Japan & Pacific,Utilitarian,0.015,1.45,0.0,0.0,0.0,9.120212788126977,0.049415075773828365,0.45067600599873303,"physical_damage_per_capita multiplied by JUSTICE welfare_function.calculate_discount_rate; regional time-discounting visibility, not full welfare aggregation",-4144.312094162514,"scalar from welfare_function.calculate_welfare(physical_damage, welfare_loss=True)"
2218,rjan57 / Japan & Pacific,Utilitarian,0.015,1.45,0.0,0.0,0.0,9.12220927480226,0.048684803718057515,0.44411296801879185,"physical_damage_per_capita multiplied by JUSTICE welfare_function.calculate_discount_rate; regional time-discounting visibility, not full welfare aggregation",-4144.312094162514,"scalar from welfare_function.calculate_welfare(physical_damage, welfare_loss=True)"
2219,rjan57 / Japan & Pacific,Utilitarian,0.015,1.45,0.0,0.0,0.0,9.126982267108858,0.04796532386015518,0.4377786603077697,"physical_damage_per_capita multiplied by JUSTICE welfare_function.calculate_discount_rate; regional time-discounting visibility, not full welfare aggregation",-4144.312094162514,"scalar from welfare_function.calculate_welfare(physical_damage, welfare_loss=True)"
2220,rjan57 / Japan & Pacific,Utilitarian,0.015,1.45,0.0,0.0,0.0,9.136292882877026,0.0472564767095125,0.43174901183096304,"physical_damage_per_capita multiplied by JUSTICE welfare_function.calculate_discount_rate; regional time-discounting visibility, not full welfare aggregation",-4144.312094162514,"scalar from welfare_function.calculate_welfare(physical_damage, welfare_loss=True)"
2221,rjan57 / Japan & Pacific,Utilitarian,0.015,1.45,0.0,0.0,0.0,9.15181864336374,0.04655810513252464,0.42609133455152803,"physical_damage_per_capita multiplied by JUSTICE welfare_function.calculate_discount_rate; regional time-discounting visibility, not full welfare aggregation",-4144.312094162514,"scalar from welfare_function.calculate_welfare(physical_damage, welfare_loss=True)"
2222,rjan57 / Japan & Pacific,Utilitarian,0.015,1.45,0.0,0.0,0.0,9.175606748214854,0.04587005431775827,0.42088557993900466,"physical_damage_per_capita multiplied by JUSTICE welfare_function.calculate_discount_rate; regional time-discounting visibility, not full welfare aggregation",-4144.312094162514,"scalar from welfare_function.calculate_welfare(physical_damage, welfare_loss=True)"
2223,rjan57 / Japan & Pacific,Utilitarian,0.015,1.45,0.0,0.0,0.0,9.204079883290758,0.045192171741633765,0.4159523588093924,"physical_damage_per_capita multiplied by JUSTICE welfare_function.calculate_discount_rate; regional time-discounting visibility, not full welfare aggregation",-4144.312094162514,"scalar from welfare_function.calculate_welfare(physical_damage, welfare_loss=True)"
2224,rjan57 / Japan & Pacific,Utilitarian,0.015,1.45,0.0,0.0,0.0,9.235324797656146,0.044524307134614555,0.41119643777876425,"physical_damage_per_capita multiplied by JUSTICE welfare_function.calculate_discount_rate; regional time-discounting visibility, not full welfare aggregation",-4144.312094162514,"scalar from welfare_function.calculate_welfare(physical_damage, welfare_loss=True)"
2225,rjan57 / Japan & Pacific,Utilitarian,0.015,1.45,0.0,0.0,0.0,9.260817824703974,0.04386631244789612,0.4062379282215102,"physical_damage_per_capita multiplied by JUSTICE welfare_function.calculate_discount_rate; regional time-discounting visibility, not full welfare aggregation",-4144.312094162514,"scalar from welfare_function.calculate_welfare(physical_damage, welfare_loss=True)"
2226,rjan57 / Japan & Pacific,Utilitarian,0.015,1.45,0.0,0.0,0.0,9.272115723649845,0.04321804182058731,0.4007226851100242,"physical_damage_per_capita multiplied by JUSTICE welfare_function.calculate_discount_rate; regional time-discounting visibility, not full welfare aggregation",-4144.312094162514,"scalar from welfare_function.calculate_welfare(physical_damage, welfare_loss=True)"
2227,rjan57 / Japan & Pacific,Utilitarian,0.015,1.45,0.0,0.0,0.0,9.274923198711301,0.04257935154737666,0.3949202154528477,"physical_damage_per_capita multiplied by JUSTICE welfare_function.calculate_discount_rate; regional time-discounting visibility, not full welfare aggregation",-4144.312094162514,"scalar from welfare_function.calculate_welfare(physical_damage, welfare_loss=True)"
2228,rjan57 / Japan & Pacific,Utilitarian,0.015,1.45,0.0,0.0,0.0,9.273557058145574,0.04195010004667652,0.38902664637777,"physical_damage_per_capita multiplied by JUSTICE welfare_function.calculate_discount_rate; regional time-discounting visibility, not full welfare aggregation",-4144.312094162514,"scalar from welfare_function.calculate_welfare(physical_damage, welfare_loss=True)"
2229,rjan57 / Japan & Pacific,Utilitarian,0.015,1.45,0.0,0.0,0.0,9.272738959057827,0.041330147829237954,0.3832436719597941,"physical_damage_per_capita multiplied by JUSTICE welfare_function.calculate_discount_rate; regional time-discounting visibility, not full welfare aggregation",-4144.312094162514,"scalar from welfare_function.calculate_welfare(physical_damage, welfare_loss=True)"
2230,rjan57 / Japan & Pacific,Utilitarian,0.015,1.45,0.0,0.0,0.0,9.274820506061843,0.04071935746722952,0.3776647316307228,"physical_damage_per_capita multiplied by JUSTICE welfare_function.calculate_discount_rate; regional time-discounting visibility, not full welfare aggregation",-4144.312094162514,"scalar from welfare_function.calculate_welfare(physical_damage, welfare_loss=True)"
2231,rjan57 / Japan & Pacific,Utilitarian,0.015,1.45,0.0,0.0,0.0,9.281560043390591,0.040117593563772924,0.3723538534584983,"physical_damage_per_capita multiplied by JUSTICE welfare_function.calculate_discount_rate; regional time-discounting visibility, not full welfare aggregation",-4144.312094162514,"scalar from welfare_function.calculate_welfare(physical_damage, welfare_loss=True)"
2232,rjan57 / Japan & Pacific,Utilitarian,0.015,1.45,0.0,0.0,0.0,9.297837705315793,0.03952472272292899,0.3674944572254011,"physical_damage_per_capita multiplied by JUSTICE welfare_function.calculate_discount_rate; regional time-discounting visibility, not full welfare aggregation",-4144.312094162514,"scalar from welfare_function.calculate_welfare(physical_damage, welfare_loss=True)"
2233,rjan57 / Japan & Pacific,Utilitarian,0.015,1.45,0.0,0.0,0.0,9.320100387781896,0.03894061352012709,0.36293042716940144,"physical_damage_per_capita multiplied by JUSTICE welfare_function.calculate_discount_rate; regional time-discounting visibility, not full welfare aggregation",-4144.312094162514,"scalar from welfare_function.calculate_welfare(physical_damage, welfare_loss=True)"
2234,rjan57 / Japan & Pacific,Utilitarian,0.015,1.45,0.0,0.0,0.0,9.340409303532574,0.03836513647303162,0.35834607764400145,"physical_damage_per_capita multiplied by JUSTICE welfare_function.calculate_discount_rate; regional time-discounting visibility, not full welfare aggregation",-4144.312094162514,"scalar from welfare_function.calculate_welfare(physical_damage, welfare_loss=True)"
2235,rjan57 / Japan & Pacific,Utilitarian,0.015,1.45,0.0,0.0,0.0,9.358109423698378,0.03779816401283904,0.3537193548470459,"physical_damage_per_capita multiplied by JUSTICE welfare_function.calculate_discount_rate; regional time-discounting visibility, not full welfare aggregation",-4144.312094162514,"scalar from welfare_function.calculate_welfare(physical_damage, welfare_loss=True)"
2236,rjan57 / Japan & Pacific,Utilitarian,0.015,1.45,0.0,0.0,0.0,9.371407233976162,0.03723957045599906,0.34898717996151457,"physical_damage_per_capita multiplied by JUSTICE welfare_function.calculate_discount_rate; regional time-discounting visibility, not full welfare aggregation",-4144.312094162514,"scalar from welfare_function.calculate_welfare(physical_damage, welfare_loss=True)"
2237,rjan57 / Japan & Pacific,Utilitarian,0.015,1.45,0.0,0.0,0.0,9.378105555177992,0.03668923197635376,0.3440754902126572,"physical_damage_per_capita multiplied by JUSTICE welfare_function.calculate_discount_rate; regional time-discounting visibility, not full welfare aggregation",-4144.312094162514,"scalar from welfare_function.calculate_welfare(physical_damage, welfare_loss=True)"
2238,rjan57 / Japan & Pacific,Utilitarian,0.015,1.45,0.0,0.0,0.0,9.378943488892778,0.03614702657768843,0.3390209195636451,"physical_damage_per_capita multiplied by JUSTICE welfare_function.calculate_discount_rate; regional time-discounting visibility, not full welfare aggregation",-4144.312094162514,"scalar from welfare_function.calculate_welfare(physical_damage, welfare_loss=True)"
2239,rjan57 / Japan & Pacific,Utilitarian,0.015,1.45,0.0,0.0,0.0,9.377046881705446,0.03561283406668811,0.3339432146337312,"physical_damage_per_capita multiplied by JUSTICE welfare_function.calculate_discount_rate; regional time-discounting visibility, not full welfare aggregation",-4144.312094162514,"scalar from welfare_function.calculate_welfare(physical_damage, welfare_loss=True)"
2240,rjan57 / Japan & Pacific,Utilitarian,0.015,1.45,0.0,0.0,0.0,9.377436455118255,0.03508653602629371,0.3290217620167867,"physical_damage_per_capita multiplied by JUSTICE welfare_function.calculate_discount_rate; regional time-discounting visibility, not full welfare aggregation",-4144.312094162514,"scalar from welfare_function.calculate_welfare(physical_damage, welfare_loss=True)"
2241,rjan57 / Japan & Pacific,Utilitarian,0.015,1.45,0.0,0.0,0.0,9.381115583777792,0.034568015789451935,0.3242865516227043,"physical_damage_per_capita multiplied by JUSTICE welfare_function.calculate_discount_rate; regional time-discounting visibility, not full welfare aggregation",-4144.312094162514,"scalar from welfare_function.calculate_welfare(physical_damage, welfare_loss=True)"
2242,rjan57 / Japan & Pacific,Utilitarian,0.015,1.45,0.0,0.0,0.0,9.390062797836935,0.03405715841325314,0.3197988562163275,"physical_damage_per_capita multiplied by JUSTICE welfare_function.calculate_discount_rate; regional time-discounting visibility, not full welfare aggregation",-4144.312094162514,"scalar from welfare_function.calculate_welfare(physical_damage, welfare_loss=True)"
2243,rjan57 / Japan & Pacific,Utilitarian,0.015,1.45,0.0,0.0,0.0,9.407897415653833,0.03355385065345137,0.31567118484783985,"physical_damage_per_capita multiplied by JUSTICE welfare_function.calculate_discount_rate; regional time-discounting visibility, not full welfare aggregation",-4144.312094162514,"scalar from welfare_function.calculate_welfare(physical_damage, welfare_loss=True)"
2244,rjan57 / Japan & Pacific,Utilitarian,0.015,1.45,0.0,0.0,0.0,9.43341846205613,0.033057980939360965,0.3118497677116674,"physical_damage_per_capita multiplied by JUSTICE welfare_function.calculate_discount_rate; regional time-discounting visibility, not full welfare aggregation",-4144.312094162514,"scalar from welfare_function.calculate_welfare(physical_damage, welfare_loss=True)"
2245,rjan57 / Japan & Pacific,Utilitarian,0.015,1.45,0.0,0.0,0.0,9.456754134553863,0.0325694393491241,0.30800118022493067,"physical_damage_per_capita multiplied by JUSTICE welfare_function.calculate_discount_rate; regional time-discounting visibility, not full welfare aggregation",-4144.312094162514,"scalar from welfare_function.calculate_welfare(physical_damage, welfare_loss=True)"
2246,rjan57 / Japan & Pacific,Utilitarian,0.015,1.45,0.0,0.0,0.0,9.472109812825828,0.032088117585343946,0.3039421734552454,"physical_damage_per_capita multiplied by JUSTICE welfare_function.calculate_discount_rate; regional time-discounting visibility, not full welfare aggregation",-4144.312094162514,"scalar from welfare_function.calculate_welfare(physical_damage, welfare_loss=True)"
2247,rjan57 / Japan & Pacific,Utilitarian,0.015,1.45,0.0,0.0,0.0,9.478429766985558,0.03161390895107778,0.2996502156526668,"physical_damage_per_capita multiplied by JUSTICE welfare_function.calculate_discount_rate; regional time-discounting visibility, not full welfare aggregation",-4144.312094162514,"scalar from welfare_function.calculate_welfare(physical_damage, welfare_loss=True)"
2248,rjan57 / Japan & Pacific,Utilitarian,0.015,1.45,0.0,0.0,0.0,9.476652911290259,0.031146708326185015,0.29516654413644977,"physical_damage_per_capita multiplied by JUSTICE welfare_function.calculate_discount_rate; regional time-discounting visibility, not full welfare aggregation",-4144.312094162514,"scalar from welfare_function.calculate_welfare(physical_damage, welfare_loss=True)"
2249,rjan57 / Japan & Pacific,Utilitarian,0.015,1.45,0.0,0.0,0.0,9.473382807199837,0.030686412144024643,0.29070412921985134,"physical_damage_per_capita multiplied by JUSTICE welfare_function.calculate_discount_rate; regional time-discounting visibility, not full welfare aggregation",-4144.312094162514,"scalar from welfare_function.calculate_welfare(physical_damage, welfare_loss=True)"
2250,rjan57 / Japan & Pacific,Utilitarian,0.015,1.45,0.0,0.0,0.0,9.470803982535323,0.030232918368497192,0.2863300436880285,"physical_damage_per_capita multiplied by JUSTICE welfare_function.calculate_discount_rate; regional time-discounting visibility, not full welfare aggregation",-4144.312094162514,"scalar from welfare_function.calculate_welfare(physical_damage, welfare_loss=True)"
2251,rjan57 / Japan & Pacific,Utilitarian,0.015,1.45,0.0,0.0,0.0,9.46818916181725,0.029786126471425808,0.2820206798292717,"physical_damage_per_capita multiplied by JUSTICE welfare_function.calculate_discount_rate; regional time-discounting visibility, not full welfare aggregation",-4144.312094162514,"scalar from welfare_function.calculate_welfare(physical_damage, welfare_loss=True)"
2252,rjan57 / Japan & Pacific,Utilitarian,0.015,1.45,0.0,0.0,0.0,9.466722580156018,0.029345937410271732,0.27780984831766464,"physical_damage_per_capita multiplied by JUSTICE welfare_function.calculate_discount_rate; regional time-discounting visibility, not full welfare aggregation",-4144.312094162514,"scalar from welfare_function.calculate_welfare(physical_damage, welfare_loss=True)"
2253,rjan57 / Japan & Pacific,Utilitarian,0.015,1.45,0.0,0.0,0.0,9.467250474048408,0.02891225360617905,0.2737195466589064,"physical_damage_per_capita multiplied by JUSTICE welfare_function.calculate_discount_rate; regional time-discounting visibility, not full welfare aggregation",-4144.312094162514,"scalar from welfare_function.calculate_welfare(physical_damage, welfare_loss=True)"
2254,rjan57 / Japan & Pacific,Utilitarian,0.015,1.45,0.0,0.0,0.0,9.471309785034023,0.028484978922343897,0.2697900595936837,"physical_damage_per_capita multiplied by JUSTICE welfare_function.calculate_discount_rate; regional time-discounting visibility, not full welfare aggregation",-4144.312094162514,"scalar from welfare_function.calculate_welfare(physical_damage, welfare_loss=True)"
2255,rjan57 / Japan & Pacific,Utilitarian,0.015,1.45,0.0,0.0,0.0,9.481813522017864,0.02806401864270335,0.26609779144854606,"physical_damage_per_capita multiplied by JUSTICE welfare_function.calculate_discount_rate; regional time-discounting visibility, not full welfare aggregation",-4144.312094162514,"scalar from welfare_function.calculate_welfare(physical_damage, welfare_loss=True)"
2256,rjan57 / Japan & Pacific,Utilitarian,0.015,1.45,0.0,0.0,0.0,9.498682561640141,0.027649279450939264,0.2626317285625519,"physical_damage_per_capita multiplied by JUSTICE welfare_function.calculate_discount_rate; regional time-discounting visibility, not full welfare aggregation",-4144.312094162514,"scalar from welfare_function.calculate_welfare(physical_damage, welfare_loss=True)"
2257,rjan57 / Japan & Pacific,Utilitarian,0.015,1.45,0.0,0.0,0.0,9.515044496426809,0.02724066940979238,0.2591961815466271,"physical_damage_per_capita multiplied by JUSTICE welfare_function.calculate_discount_rate; regional time-discounting visibility, not full welfare aggregation",-4144.312094162514,"scalar from welfare_function.calculate_welfare(physical_damage, welfare_loss=True)"
2258,rjan57 / Japan & Pacific,Utilitarian,0.015,1.45,0.0,0.0,0.0,9.52727703954847,0.02683809794068215,0.25569399429541406,"physical_damage_per_capita multiplied by JUSTICE welfare_function.calculate_discount_rate; regional time-discounting visibility, not full welfare aggregation",-4144.312094162514,"scalar from welfare_function.calculate_welfare(physical_damage, welfare_loss=True)"
2259,rjan57 / Japan & Pacific,Utilitarian,0.015,1.45,0.0,0.0,0.0,9.535980624143408,0.026441475803627736,0.2521454009371508,"physical_damage_per_capita multiplied by JUSTICE welfare_function.calculate_discount_rate; regional time-discounting visibility, not full welfare aggregation",-4144.312094162514,"scalar from welfare_function.calculate_welfare(physical_damage, welfare_loss=True)"
2260,rjan57 / Japan & Pacific,Utilitarian,0.015,1.45,0.0,0.0,0.0,9.538510668650519,0.02605071507746575,0.24848502369238198,"physical_damage_per_capita multiplied by JUSTICE welfare_function.calculate_discount_rate; regional time-discounting visibility, not full welfare aggregation",-4144.312094162514,"scalar from welfare_function.calculate_welfare(physical_damage, welfare_loss=True)"
2261,rjan57 / Japan & Pacific,Utilitarian,0.015,1.45,0.0,0.0,0.0,9.536539324672294,0.025665729140360347,0.24476223524343407,"physical_damage_per_capita multiplied by JUSTICE welfare_function.calculate_discount_rate; regional time-discounting visibility, not full welfare aggregation",-4144.312094162514,"scalar from welfare_function.calculate_welfare(physical_damage, welfare_loss=True)"
2262,rjan57 / Japan & Pacific,Utilitarian,0.015,1.45,0.0,0.0,0.0,9.531104918035176,0.02528643265060133,0.24100764259571159,"physical_damage_per_capita multiplied by JUSTICE welfare_function.calculate_discount_rate; regional time-discounting visibility, not full welfare aggregation",-4144.312094162514,"scalar from welfare_function.calculate_welfare(physical_damage, welfare_loss=True)"
2263,rjan57 / Japan & Pacific,Utilitarian,0.015,1.45,0.0,0.0,0.0,9.523892254122865,0.024912741527686043,0.23726626606449414,"physical_damage_per_capita multiplied by JUSTICE welfare_function.calculate_discount_rate; regional time-discounting visibility, not full welfare aggregation",-4144.312094162514,"scalar from welfare_function.calculate_welfare(physical_damage, welfare_loss=True)"
2264,rjan57 / Japan & Pacific,Utilitarian,0.015,1.45,0.0,0.0,0.0,9.52037473454507,0.024544572933680835,0.2336735320280138,"physical_damage_per_capita multiplied by JUSTICE welfare_function.calculate_discount_rate; regional time-discounting visibility, not full welfare aggregation",-4144.312094162514,"scalar from welfare_function.calculate_welfare(physical_damage, welfare_loss=True)"
2265,rjan57 / Japan & Pacific,Utilitarian,0.015,1.45,0.0,0.0,0.0,9.521705043763454,0.024181845254857965,0.23025239793068844,"physical_damage_per_capita multiplied by JUSTICE welfare_function.calculate_discount_rate; regional time-discounting visibility, not full welfare aggregation",-4144.312094162514,"scalar from welfare_function.calculate_welfare(physical_damage, welfare_loss=True)"
2266,rjan57 / Japan & Pacific,Utilitarian,0.015,1.45,0.0,0.0,0.0,9.529669761457356,0.023824478083603908,0.22703940837582365,"physical_damage_per_capita multiplied by JUSTICE welfare_function.calculate_discount_rate; regional time-discounting visibility, not full welfare aggregation",-4144.312094162514,"scalar from welfare_function.calculate_welfare(physical_damage, welfare_loss=True)"
2267,rjan57 / Japan & Pacific,Utilitarian,0.015,1.45,0.0,0.0,0.0,9.546503139100718,0.023472392200594987,0.22407926582518325,"physical_damage_per_capita multiplied by JUSTICE welfare_function.calculate_discount_rate; regional time-discounting visibility, not full welfare aggregation",-4144.312094162514,"scalar from welfare_function.calculate_welfare(physical_damage, welfare_loss=True)"
2268,rjan57 / Japan & Pacific,Utilitarian,0.015,1.45,0.0,0.0,0.0,9.56817464356978,0.02312550955723644,0.2212689141651803,"physical_damage_per_capita multiplied by JUSTICE welfare_function.calculate_discount_rate; regional time-discounting visibility, not full welfare aggregation",-4144.312094162514,"scalar from welfare_function.calculate_welfare(physical_damage, welfare_loss=True)"
2269,rjan57 / Japan & Pacific,Utilitarian,0.015,1.45,0.0,0.0,0.0,9.590432854445314,0.022783753258361027,0.21850605579656107,"physical_damage_per_capita multiplied by JUSTICE welfare_function.calculate_discount_rate; regional time-discounting visibility, not full welfare aggregation",-4144.312094162514,"scalar from welfare_function.calculate_welfare(physical_damage, welfare_loss=True)"
2270,rjan57 / Japan & Pacific,Utilitarian,0.015,1.45,0.0,0.0,0.0,9.603193253576556,0.02244704754518328,0.21556333554861629,"physical_damage_per_capita multiplied by JUSTICE welfare_function.calculate_discount_rate; regional time-discounting visibility, not full welfare aggregation",-4144.312094162514,"scalar from welfare_function.calculate_welfare(physical_damage, welfare_loss=True)"
2271,rjan57 / Japan & Pacific,Utilitarian,0.015,1.45,0.0,0.0,0.0,9.602767939456744,0.0221153177785057,0.21236826453433227,"physical_damage_per_capita multiplied by JUSTICE welfare_function.calculate_discount_rate; regional time-discounting visibility, not full welfare aggregation",-4144.312094162514,"scalar from welfare_function.calculate_welfare(physical_damage, welfare_loss=True)"
2272,rjan57 / Japan & Pacific,Utilitarian,0.015,1.45,0.0,0.0,0.0,9.595936913918692,0.021788490422173103,0.20908097954069474,"physical_damage_per_capita multiplied by JUSTICE welfare_function.calculate_discount_rate; regional time-discounting visibility, not full welfare aggregation",-4144.312094162514,"scalar from welfare_function.calculate_welfare(physical_damage, welfare_loss=True)"
2273,rjan57 / Japan & Pacific,Utilitarian,0.015,1.45,0.0,0.0,0.0,9.58694248003514,0.021466493026771533,0.2057980338957341,"physical_damage_per_capita multiplied by JUSTICE welfare_function.calculate_discount_rate; regional time-discounting visibility, not full welfare aggregation",-4144.312094162514,"scalar from welfare_function.calculate_welfare(physical_damage, welfare_loss=True)"
2274,rjan57 / Japan & Pacific,Utilitarian,0.015,1.45,0.0,0.0,0.0,9.578797803883747,0.021149254213568017,0.2025844298147044,"physical_damage_per_capita multiplied by JUSTICE welfare_function.calculate_discount_rate; regional time-discounting visibility, not full welfare aggregation",-4144.312094162514,"scalar from welfare_function.calculate_welfare(physical_damage, welfare_loss=True)"
2275,rjan57 / Japan & Pacific,Utilitarian,0.015,1.45,0.0,0.0,0.0,9.57376878877991,0.020836703658687703,0.1994857831486005,"physical_damage_per_capita multiplied by JUSTICE welfare_function.calculate_discount_rate; regional time-discounting visibility, not full welfare aggregation",-4144.312094162514,"scalar from welfare_function.calculate_welfare(physical_damage, welfare_loss=True)"
2276,rjan57 / Japan & Pacific,Utilitarian,0.015,1.45,0.0,0.0,0.0,9.576509244433428,0.02052877207752483,0.19659397557728336,"physical_damage_per_capita multiplied by JUSTICE welfare_function.calculate_discount_rate; regional time-discounting visibility, not full welfare aggregation",-4144.312094162514,"scalar from welfare_function.calculate_welfare(physical_damage, welfare_loss=True)"
2277,rjan57 / Japan & Pacific,Utilitarian,0.015,1.45,0.0,0.0,0.0,9.588138786025677,0.02022539120938407,0.1939238579172382,"physical_damage_per_capita multiplied by JUSTICE welfare_function.calculate_discount_rate; regional time-discounting visibility, not full welfare aggregation",-4144.312094162514,"scalar from welfare_function.calculate_welfare(physical_damage, welfare_loss=True)"
2278,rjan57 / Japan & Pacific,Utilitarian,0.015,1.45,0.0,0.0,0.0,9.604195580284166,0.01992649380234884,0.19137794370707856,"physical_damage_per_capita multiplied by JUSTICE welfare_function.calculate_discount_rate; regional time-discounting visibility, not full welfare aggregation",-4144.312094162514,"scalar from welfare_function.calculate_welfare(physical_damage, welfare_loss=True)"
2279,rjan57 / Japan & Pacific,Utilitarian,0.015,1.45,0.0,0.0,0.0,9.617081226002323,0.019632013598373244,0.18880266940553764,"physical_damage_per_capita multiplied by JUSTICE welfare_function.calculate_discount_rate; regional time-discounting visibility, not full welfare aggregation",-4144.312094162514,"scalar from welfare_function.calculate_welfare(physical_damage, welfare_loss=True)"
2280,rjan57 / Japan & Pacific,Utilitarian,0.015,1.45,0.0,0.0,0.0,9.62388562991308,0.01934188531859433,0.18614409217304675,"physical_damage_per_capita multiplied by JUSTICE welfare_function.calculate_discount_rate; regional time-discounting visibility, not full welfare aggregation",-4144.312094162514,"scalar from welfare_function.calculate_welfare(physical_damage, welfare_loss=True)"
2281,rjan57 / Japan & Pacific,Utilitarian,0.015,1.45,0.0,0.0,0.0,9.625266791381048,0.019056044648861414,0.18341951373376028,"physical_damage_per_capita multiplied by JUSTICE welfare_function.calculate_discount_rate; regional time-discounting visibility, not full welfare aggregation",-4144.312094162514,"scalar from welfare_function.calculate_welfare(physical_damage, welfare_loss=True)"
2282,rjan57 / Japan & Pacific,Utilitarian,0.015,1.45,0.0,0.0,0.0,9.619861918119343,0.018774428225479225,0.1806074071207525,"physical_damage_per_capita multiplied by JUSTICE welfare_function.calculate_discount_rate; regional time-discounting visibility, not full welfare aggregation",-4144.312094162514,"scalar from welfare_function.calculate_welfare(physical_damage, welfare_loss=True)"
2283,rjan57 / Japan & Pacific,Utilitarian,0.015,1.45,0.0,0.0,0.0,9.61114415212617,0.018496973621161802,0.1777770798510613,"physical_damage_per_capita multiplied by JUSTICE welfare_function.calculate_discount_rate; regional time-discounting visibility, not full welfare aggregation",-4144.312094162514,"scalar from welfare_function.calculate_welfare(physical_damage, welfare_loss=True)"
2284,rjan57 / Japan & Pacific,Utilitarian,0.015,1.45,0.0,0.0,0.0,9.60476816236957,0.018223619331193895,0.17503363875539377,"physical_damage_per_capita multiplied by JUSTICE welfare_function.calculate_discount_rate; regional time-discounting visibility, not full welfare aggregation",-4144.312094162514,"scalar from welfare_function.calculate_welfare(physical_damage, welfare_loss=True)"
2285,rjan57 / Japan & Pacific,Utilitarian,0.015,1.45,0.0,0.0,0.0,9.601493693410092,0.01795430475979694,0.17238814392075313,"physical_damage_per_capita multiplied by JUSTICE welfare_function.calculate_discount_rate; regional time-discounting visibility, not full welfare aggregation",-4144.312094162514,"scalar from welfare_function.calculate_welfare(physical_damage, welfare_loss=True)"
2286,rjan57 / Japan & Pacific,Utilitarian,0.015,1.45,0.0,0.0,0.0,9.60295744120788,0.017688970206696495,0.16986642807370061,"physical_damage_per_capita multiplied by JUSTICE welfare_function.calculate_discount_rate; regional time-discounting visibility, not full welfare aggregation",-4144.312094162514,"scalar from welfare_function.calculate_welfare(physical_damage, welfare_loss=True)"
2287,rjan57 / Japan & Pacific,Utilitarian,0.015,1.45,0.0,0.0,0.0,9.61336061079618,0.017427556853888176,0.16753738860157957,"physical_damage_per_capita multiplied by JUSTICE welfare_function.calculate_discount_rate; regional time-discounting visibility, not full welfare aggregation",-4144.312094162514,"scalar from welfare_function.calculate_welfare(physical_damage, welfare_loss=True)"
2288,rjan57 / Japan & Pacific,Utilitarian,0.015,1.45,0.0,0.0,0.0,9.632310369713458,0.01717000675259919,0.16538683409111127,"physical_damage_per_capita multiplied by JUSTICE welfare_function.calculate_discount_rate; regional time-discounting visibility, not full welfare aggregation",-4144.312094162514,"scalar from welfare_function.calculate_welfare(physical_damage, welfare_loss=True)"
2289,rjan57 / Japan & Pacific,Utilitarian,0.015,1.45,0.0,0.0,0.0,9.651452380466212,0.01691626281044255,0.16326650497043782,"physical_damage_per_capita multiplied by JUSTICE welfare_function.calculate_discount_rate; regional time-discounting visibility, not full welfare aggregation",-4144.312094162514,"scalar from welfare_function.calculate_welfare(physical_damage, welfare_loss=True)"
2290,rjan57 / Japan & Pacific,Utilitarian,0.015,1.45,0.0,0.0,0.0,9.663908712830535,0.016666268778761137,0.16106130006144528,"physical_damage_per_capita multiplied by JUSTICE welfare_function.calculate_discount_rate; regional time-discounting visibility, not full welfare aggregation",-4144.312094162514,"scalar from welfare_function.calculate_welfare(physical_damage, welfare_loss=True)"
2291,rjan57 / Japan & Pacific,Utilitarian,0.015,1.45,0.0,0.0,0.0,9.663699802341727,0.016419969240158757,0.1586776535005794,"physical_damage_per_capita multiplied by JUSTICE welfare_function.calculate_discount_rate; regional time-discounting visibility, not full welfare aggregation",-4144.312094162514,"scalar from welfare_function.calculate_welfare(physical_damage, welfare_loss=True)"
2292,rjan57 / Japan & Pacific,Utilitarian,0.015,1.45,0.0,0.0,0.0,9.655822174988213,0.016177309596215526,0.1562052247307875,"physical_damage_per_capita multiplied by JUSTICE welfare_function.calculate_discount_rate; regional time-discounting visibility, not full welfare aggregation",-4144.312094162514,"scalar from welfare_function.calculate_welfare(physical_damage, welfare_loss=True)"
2293,rjan57 / Japan & Pacific,Utilitarian,0.015,1.45,0.0,0.0,0.0,9.647908275148792,0.015938236055384757,0.15377063953002143,"physical_damage_per_capita multiplied by JUSTICE welfare_function.calculate_discount_rate; regional time-discounting visibility, not full welfare aggregation",-4144.312094162514,"scalar from welfare_function.calculate_welfare(physical_damage, welfare_loss=True)"
2294,rjan57 / Japan & Pacific,Utilitarian,0.015,1.45,0.0,0.0,0.0,9.638230026448534,0.015702695621068727,0.1513461924311665,"physical_damage_per_capita multiplied by JUSTICE welfare_function.calculate_discount_rate; regional time-discounting visibility, not full welfare aggregation",-4144.312094162514,"scalar from welfare_function.calculate_welfare(physical_damage, welfare_loss=True)"
2295,rjan57 / Japan & Pacific,Utilitarian,0.015,1.45,0.0,0.0,0.0,9.62919087520027,0.01547063607987067,0.14896970777383475,"physical_damage_per_capita multiplied by JUSTICE welfare_function.calculate_discount_rate; regional time-discounting visibility, not full welfare aggregation",-4144.312094162514,"scalar from welfare_function.calculate_welfare(physical_damage, welfare_loss=True)"
2296,rjan57 / Japan & Pacific,Utilitarian,0.015,1.45,0.0,0.0,0.0,9.625085907412826,0.015242005990020364,0.14670561705524687,"physical_damage_per_capita multiplied by JUSTICE welfare_function.calculate_discount_rate; regional time-discounting visibility, not full welfare aggregation",-4144.312094162514,"scalar from welfare_function.calculate_welfare(physical_damage, welfare_loss=True)"
2297,rjan57 / Japan & Pacific,Utilitarian,0.015,1.45,0.0,0.0,0.0,9.630863101580356,0.015016754669970803,0.1446243084565063,"physical_damage_per_capita multiplied by JUSTICE welfare_function.calculate_discount_rate; regional time-discounting visibility, not full welfare aggregation",-4144.312094162514,"scalar from welfare_function.calculate_welfare(physical_damage, welfare_loss=True)"
2298,rjan57 / Japan & Pacific,Utilitarian,0.015,1.45,0.0,0.0,0.0,9.645119049650289,0.014794832187163355,0.14269791776478852,"physical_damage_per_capita multiplied by JUSTICE welfare_function.calculate_discount_rate; regional time-discounting visibility, not full welfare aggregation",-4144.312094162514,"scalar from welfare_function.calculate_welfare(physical_damage, welfare_loss=True)"
2299,rjan57 / Japan & Pacific,Utilitarian,0.015,1.45,0.0,0.0,0.0,9.663194542847105,0.01457618934695897,0.14085255335304003,"physical_damage_per_capita multiplied by JUSTICE welfare_function.calculate_discount_rate; regional time-discounting visibility, not full welfare aggregation",-4144.312094162514,"scalar from welfare_function.calculate_welfare(physical_damage, welfare_loss=True)"
2300,rjan57 / Japan & Pacific,Utilitarian,0.015,1.45,0.0,0.0,0.0,9.678257151921152,0.014360777681732979,0.13898729930538187,"physical_damage_per_capita multiplied by JUSTICE welfare_function.calculate_discount_rate; regional time-discounting visibility, not full welfare aggregation",-4144.312094162514,"scalar from welfare_function.calculate_welfare(physical_damage, welfare_loss=True)"
2015,rsas / South Asia,Utilitarian,0.015,1.45,0.0,0.0,0.0,0.0,1.0,0.0,"physical_damage_per_capita multiplied by JUSTICE welfare_function.calculate_discount_rate; regional time-discounting visibility, not full welfare aggregation",-4144.312094162514,"scalar from welfare_function.calculate_welfare(physical_damage, welfare_loss=True)"
2016,rsas / South Asia,Utilitarian,0.015,1.45,0.0,0.0,0.0,0.0,0.9852216748768474,0.0,"physical_damage_per_capita multiplied by JUSTICE welfare_function.calculate_discount_rate; regional time-discounting visibility, not full welfare aggregation",-4144.312094162514,"scalar from welfare_function.calculate_welfare(physical_damage, welfare_loss=True)"
2017,rsas / South Asia,Utilitarian,0.015,1.45,0.0,0.0,0.0,0.0,0.9706617486471405,0.0,"physical_damage_per_capita multiplied by JUSTICE welfare_function.calculate_discount_rate; regional time-discounting visibility, not full welfare aggregation",-4144.312094162514,"scalar from welfare_function.calculate_welfare(physical_damage, welfare_loss=True)"
2018,rsas / South Asia,Utilitarian,0.015,1.45,0.0,0.0,0.0,1.0086836715802105e-06,0.9563169937410252,9.646213364412465e-07,"physical_damage_per_capita multiplied by JUSTICE welfare_function.calculate_discount_rate; regional time-discounting visibility, not full welfare aggregation",-4144.312094162514,"scalar from welfare_function.calculate_welfare(physical_damage, welfare_loss=True)"
2019,rsas / South Asia,Utilitarian,0.015,1.45,0.0,0.0,0.0,0.006268612545165623,0.9421842302867243,0.005906187885832577,"physical_damage_per_capita multiplied by JUSTICE welfare_function.calculate_discount_rate; regional time-discounting visibility, not full welfare aggregation",-4144.312094162514,"scalar from welfare_function.calculate_welfare(physical_damage, welfare_loss=True)"
2020,rsas / South Asia,Utilitarian,0.015,1.45,0.0,0.0,0.0,0.012405244089514666,0.9282603254056397,0.011515295915269274,"physical_damage_per_capita multiplied by JUSTICE welfare_function.calculate_discount_rate; regional time-discounting visibility, not full welfare aggregation",-4144.312094162514,"scalar from welfare_function.calculate_welfare(physical_damage, welfare_loss=True)"
2021,rsas / South Asia,Utilitarian,0.015,1.45,0.0,0.0,0.0,0.018868412157474295,0.9145421925178719,0.017255959023827414,"physical_damage_per_capita multiplied by JUSTICE welfare_function.calculate_discount_rate; regional time-discounting visibility, not full welfare aggregation",-4144.312094162514,"scalar from welfare_function.calculate_welfare(physical_damage, welfare_loss=True)"
2022,rsas / South Asia,Utilitarian,0.015,1.45,0.0,0.0,0.0,0.02565564309658419,0.9010267906580018,0.023116421761582375,"physical_damage_per_capita multiplied by JUSTICE welfare_function.calculate_discount_rate; regional time-discounting visibility, not full welfare aggregation",-4144.312094162514,"scalar from welfare_function.calculate_welfare(physical_damage, welfare_loss=True)"
2023,rsas / South Asia,Utilitarian,0.015,1.45,0.0,0.0,0.0,0.03330666139277572,0.887711123800987,0.029566693815039884,"physical_damage_per_capita multiplied by JUSTICE welfare_function.calculate_discount_rate; regional time-discounting visibility, not full welfare aggregation",-4144.312094162514,"scalar from welfare_function.calculate_welfare(physical_damage, welfare_loss=True)"
2024,rsas / South Asia,Utilitarian,0.015,1.45,0.0,0.0,0.0,0.041404034540144796,0.874592240198017,0.03621164732170131,"physical_damage_per_capita multiplied by JUSTICE welfare_function.calculate_discount_rate; regional time-discounting visibility, not full welfare aggregation",-4144.312094162514,"scalar from welfare_function.calculate_welfare(physical_damage, welfare_loss=True)"
2025,rsas / South Asia,Utilitarian,0.015,1.45,0.0,0.0,0.0,0.04958607945384667,0.8616672317221843,0.042726699814952335,"physical_damage_per_capita multiplied by JUSTICE welfare_function.calculate_discount_rate; regional time-discounting visibility, not full welfare aggregation",-4144.312094162514,"scalar from welfare_function.calculate_welfare(physical_damage, welfare_loss=True)"
2026,rsas / South Asia,Utilitarian,0.015,1.45,0.0,0.0,0.0,0.05752370916938063,0.848933233223827,0.0488337884121894,"physical_damage_per_capita multiplied by JUSTICE welfare_function.calculate_discount_rate; regional time-discounting visibility, not full welfare aggregation",-4144.312094162514,"scalar from welfare_function.calculate_welfare(physical_damage, welfare_loss=True)"
2027,rsas / South Asia,Utilitarian,0.015,1.45,0.0,0.0,0.0,0.06476157813094173,0.836387421895396,0.05416576937081562,"physical_damage_per_capita multiplied by JUSTICE welfare_function.calculate_discount_rate; regional time-discounting visibility, not full welfare aggregation",-4144.312094162514,"scalar from welfare_function.calculate_welfare(physical_damage, welfare_loss=True)"
2028,rsas / South Asia,Utilitarian,0.015,1.45,0.0,0.0,0.0,0.07129162766482976,0.8240270166457105,0.05874622725646647,"physical_damage_per_capita multiplied by JUSTICE welfare_function.calculate_discount_rate; regional time-discounting visibility, not full welfare aggregation",-4144.312094162514,"scalar from welfare_function.calculate_welfare(physical_damage, welfare_loss=True)"
2029,rsas / South Asia,Utilitarian,0.015,1.45,0.0,0.0,0.0,0.07743831863565147,0.8118492774834588,0.06286824303388751,"physical_damage_per_capita multiplied by JUSTICE welfare_function.calculate_discount_rate; regional time-discounting visibility, not full welfare aggregation",-4144.312094162514,"scalar from welfare_function.calculate_welfare(physical_damage, welfare_loss=True)"
2030,rsas / South Asia,Utilitarian,0.015,1.45,0.0,0.0,0.0,0.08368632585238356,0.7998515049098116,0.06693663367340186,"physical_damage_per_capita multiplied by JUSTICE welfare_function.calculate_discount_rate; regional time-discounting visibility, not full welfare aggregation",-4144.312094162514,"scalar from welfare_function.calculate_welfare(physical_damage, welfare_loss=True)"
2031,rsas / South Asia,Utilitarian,0.015,1.45,0.0,0.0,0.0,0.09066875449005968,0.7880310393200115,0.07144979283465269,"physical_damage_per_capita multiplied by JUSTICE welfare_function.calculate_discount_rate; regional time-discounting visibility, not full welfare aggregation",-4144.312094162514,"scalar from welfare_function.calculate_welfare(physical_damage, welfare_loss=True)"
2032,rsas / South Asia,Utilitarian,0.015,1.45,0.0,0.0,0.0,0.09784622387312601,0.7763852604138046,0.07596636600224436,"physical_damage_per_capita multiplied by JUSTICE welfare_function.calculate_discount_rate; regional time-discounting visibility, not full welfare aggregation",-4144.312094162514,"scalar from welfare_function.calculate_welfare(physical_damage, welfare_loss=True)"
2033,rsas / South Asia,Utilitarian,0.015,1.45,0.0,0.0,0.0,0.1053119429787746,0.7649115866145859,0.08055432539335927,"physical_damage_per_capita multiplied by JUSTICE welfare_function.calculate_discount_rate; regional time-discounting visibility, not full welfare aggregation",-4144.312094162514,"scalar from welfare_function.calculate_welfare(physical_damage, welfare_loss=True)"
2034,rsas / South Asia,Utilitarian,0.015,1.45,0.0,0.0,0.0,0.11347407501333567,0.7536074744971291,0.08551491109169768,"physical_damage_per_capita multiplied by JUSTICE welfare_function.calculate_discount_rate; regional time-discounting visibility, not full welfare aggregation",-4144.312094162514,"scalar from welfare_function.calculate_welfare(physical_damage, welfare_loss=True)"
2035,rsas / South Asia,Utilitarian,0.015,1.45,0.0,0.0,0.0,0.12270409353320826,0.7424704182237725,0.09110415964337003,"physical_damage_per_capita multiplied by JUSTICE welfare_function.calculate_discount_rate; regional time-discounting visibility, not full welfare aggregation",-4144.312094162514,"scalar from welfare_function.calculate_welfare(physical_damage, welfare_loss=True)"
2036,rsas / South Asia,Utilitarian,0.015,1.45,0.0,0.0,0.0,0.13324591658343604,0.7314979489889384,0.09746911469193463,"physical_damage_per_capita multiplied by JUSTICE welfare_function.calculate_discount_rate; regional time-discounting visibility, not full welfare aggregation",-4144.312094162514,"scalar from welfare_function.calculate_welfare(physical_damage, welfare_loss=True)"
2037,rsas / South Asia,Utilitarian,0.015,1.45,0.0,0.0,0.0,0.1442690737793394,0.7206876344718607,0.10397293750947845,"physical_damage_per_capita multiplied by JUSTICE welfare_function.calculate_discount_rate; regional time-discounting visibility, not full welfare aggregation",-4144.312094162514,"scalar from welfare_function.calculate_welfare(physical_damage, welfare_loss=True)"
2038,rsas / South Asia,Utilitarian,0.015,1.45,0.0,0.0,0.0,0.15519795623070812,0.7100370782973997,0.11019630339977972,"physical_damage_per_capita multiplied by JUSTICE welfare_function.calculate_discount_rate; regional time-discounting visibility, not full welfare aggregation",-4144.312094162514,"scalar from welfare_function.calculate_welfare(physical_damage, welfare_loss=True)"
2039,rsas / South Asia,Utilitarian,0.015,1.45,0.0,0.0,0.0,0.16577521818098395,0.6995439195048273,0.11596704588309342,"physical_damage_per_capita multiplied by JUSTICE welfare_function.calculate_discount_rate; regional time-discounting visibility, not full welfare aggregation",-4144.312094162514,"scalar from welfare_function.calculate_welfare(physical_damage, welfare_loss=True)"
2040,rsas / South Asia,Utilitarian,0.015,1.45,0.0,0.0,0.0,0.17593798307362468,0.6892058320244606,0.12125748400896297,"physical_damage_per_capita multiplied by JUSTICE welfare_function.calculate_discount_rate; regional time-discounting visibility, not full welfare aggregation",-4144.312094162514,"scalar from welfare_function.calculate_welfare(physical_damage, welfare_loss=True)"
2041,rsas / South Asia,Utilitarian,0.015,1.45,0.0,0.0,0.0,0.1866577108571066,0.6790205241620302,0.12674441666507721,"physical_damage_per_capita multiplied by JUSTICE welfare_function.calculate_discount_rate; regional time-discounting visibility, not full welfare aggregation",-4144.312094162514,"scalar from welfare_function.calculate_welfare(physical_damage, welfare_loss=True)"
2042,rsas / South Asia,Utilitarian,0.015,1.45,0.0,0.0,0.0,0.1969360396704985,0.6689857380906702,0.13174740185562195,"physical_damage_per_capita multiplied by JUSTICE welfare_function.calculate_discount_rate; regional time-discounting visibility, not full welfare aggregation",-4144.312094162514,"scalar from welfare_function.calculate_welfare(physical_damage, welfare_loss=True)"
2043,rsas / South Asia,Utilitarian,0.015,1.45,0.0,0.0,0.0,0.20717918450134742,0.6590992493504141,0.13655164498586903,"physical_damage_per_capita multiplied by JUSTICE welfare_function.calculate_discount_rate; regional time-discounting visibility, not full welfare aggregation",-4144.312094162514,"scalar from welfare_function.calculate_welfare(physical_damage, welfare_loss=True)"
2044,rsas / South Asia,Utilitarian,0.015,1.45,0.0,0.0,0.0,0.2179729208047638,0.6493588663550878,0.14154264874988876,"physical_damage_per_capita multiplied by JUSTICE welfare_function.calculate_discount_rate; regional time-discounting visibility, not full welfare aggregation",-4144.312094162514,"scalar from welfare_function.calculate_welfare(physical_damage, welfare_loss=True)"
2045,rsas / South Asia,Utilitarian,0.015,1.45,0.0,0.0,0.0,0.22970180448124222,0.6397624299064905,0.1469545845888251,"physical_damage_per_capita multiplied by JUSTICE welfare_function.calculate_discount_rate; regional time-discounting visibility, not full welfare aggregation",-4144.312094162514,"scalar from welfare_function.calculate_welfare(physical_damage, welfare_loss=True)"
2046,rsas / South Asia,Utilitarian,0.015,1.45,0.0,0.0,0.0,0.24294059057309964,0.6303078127157542,0.153127352264004,"physical_damage_per_capita multiplied by JUSTICE welfare_function.calculate_discount_rate; regional time-discounting visibility, not full welfare aggregation",-4144.312094162514,"scalar from welfare_function.calculate_welfare(physical_damage, welfare_loss=True)"
2047,rsas / South Asia,Utilitarian,0.015,1.45,0.0,0.0,0.0,0.25773592270287293,0.6209929189317777,0.16005218295283208,"physical_damage_per_capita multiplied by JUSTICE welfare_function.calculate_discount_rate; regional time-discounting visibility, not full welfare aggregation",-4144.312094162514,"scalar from welfare_function.calculate_welfare(physical_damage, welfare_loss=True)"
2048,rsas / South Asia,Utilitarian,0.015,1.45,0.0,0.0,0.0,0.2738784970226791,0.6118156836766282,0.16756315990025777,"physical_damage_per_capita multiplied by JUSTICE welfare_function.calculate_discount_rate; regional time-discounting visibility, not full welfare aggregation",-4144.312094162514,"scalar from welfare_function.calculate_welfare(physical_damage, welfare_loss=True)"
2049,rsas / South Asia,Utilitarian,0.015,1.45,0.0,0.0,0.0,0.29073510708768885,0.6027740725878111,0.1752475845434996,"physical_damage_per_capita multiplied by JUSTICE welfare_function.calculate_discount_rate; regional time-discounting visibility, not full welfare aggregation",-4144.312094162514,"scalar from welfare_function.calculate_welfare(physical_damage, welfare_loss=True)"
2050,rsas / South Asia,Utilitarian,0.015,1.45,0.0,0.0,0.0,0.3076420941212735,0.5938660813673017,0.1826982048994313,"physical_damage_per_capita multiplied by JUSTICE welfare_function.calculate_discount_rate; regional time-discounting visibility, not full welfare aggregation",-4144.312094162514,"scalar from welfare_function.calculate_welfare(physical_damage, welfare_loss=True)"
2051,rsas / South Asia,Utilitarian,0.015,1.45,0.0,0.0,0.0,0.32390998614556565,0.5850897353372431,0.18951640806699907,"physical_damage_per_capita multiplied by JUSTICE welfare_function.calculate_discount_rate; regional time-discounting visibility, not full welfare aggregation",-4144.312094162514,"scalar from welfare_function.calculate_welfare(physical_damage, welfare_loss=True)"
2052,rsas / South Asia,Utilitarian,0.015,1.45,0.0,0.0,0.0,0.33883006621705275,0.57644308900221,0.19531625001698125,"physical_damage_per_capita multiplied by JUSTICE welfare_function.calculate_discount_rate; regional time-discounting visibility, not full welfare aggregation",-4144.312094162514,"scalar from welfare_function.calculate_welfare(physical_damage, welfare_loss=True)"
2053,rsas / South Asia,Utilitarian,0.015,1.45,0.0,0.0,0.0,0.35338830214505107,0.5679242256179409,0.20069777783816703,"physical_damage_per_capita multiplied by JUSTICE welfare_function.calculate_discount_rate; regional time-discounting visibility, not full welfare aggregation",-4144.312094162514,"scalar from welfare_function.calculate_welfare(physical_damage, welfare_loss=True)"
2054,rsas / South Asia,Utilitarian,0.015,1.45,0.0,0.0,0.0,0.3682678639784396,0.5595312567664443,0.20605738075855026,"physical_damage_per_capita multiplied by JUSTICE welfare_function.calculate_discount_rate; regional time-discounting visibility, not full welfare aggregation",-4144.312094162514,"scalar from welfare_function.calculate_welfare(physical_damage, welfare_loss=True)"
2055,rsas / South Asia,Utilitarian,0.015,1.45,0.0,0.0,0.0,0.383585184252034,0.5512623219373836,0.21145605933155534,"physical_damage_per_capita multiplied by JUSTICE welfare_function.calculate_discount_rate; regional time-discounting visibility, not full welfare aggregation",-4144.312094162514,"scalar from welfare_function.calculate_welfare(physical_damage, welfare_loss=True)"
2056,rsas / South Asia,Utilitarian,0.015,1.45,0.0,0.0,0.0,0.40044368507280576,0.543115588115649,0.21748720752551462,"physical_damage_per_capita multiplied by JUSTICE welfare_function.calculate_discount_rate; regional time-discounting visibility, not full welfare aggregation",-4144.312094162514,"scalar from welfare_function.calculate_welfare(physical_damage, welfare_loss=True)"
2057,rsas / South Asia,Utilitarian,0.015,1.45,0.0,0.0,0.0,0.4189438787069762,0.5350892493750237,0.22417236558757686,"physical_damage_per_capita multiplied by JUSTICE welfare_function.calculate_discount_rate; regional time-discounting visibility, not full welfare aggregation",-4144.312094162514,"scalar from welfare_function.calculate_welfare(physical_damage, welfare_loss=True)"
2058,rsas / South Asia,Utilitarian,0.015,1.45,0.0,0.0,0.0,0.4391814823570611,0.5271815264778559,0.231528364269803,"physical_damage_per_capita multiplied by JUSTICE welfare_function.calculate_discount_rate; regional time-discounting visibility, not full welfare aggregation",-4144.312094162514,"scalar from welfare_function.calculate_welfare(physical_damage, welfare_loss=True)"
2059,rsas / South Asia,Utilitarian,0.015,1.45,0.0,0.0,0.0,0.45990588483038986,0.5193906664806461,0.23887082404042748,"physical_damage_per_capita multiplied by JUSTICE welfare_function.calculate_discount_rate; regional time-discounting visibility, not full welfare aggregation",-4144.312094162514,"scalar from welfare_function.calculate_welfare(physical_damage, welfare_loss=True)"
2060,rsas / South Asia,Utilitarian,0.015,1.45,0.0,0.0,0.0,0.480386927560229,0.5117149423454643,0.24582116893999734,"physical_damage_per_capita multiplied by JUSTICE welfare_function.calculate_discount_rate; regional time-discounting visibility, not full welfare aggregation",-4144.312094162514,"scalar from welfare_function.calculate_welfare(physical_damage, welfare_loss=True)"
2061,rsas / South Asia,Utilitarian,0.015,1.45,0.0,0.0,0.0,0.5018965438945194,0.5041526525571077,0.25303247391366684,"physical_damage_per_capita multiplied by JUSTICE welfare_function.calculate_discount_rate; regional time-discounting visibility, not full welfare aggregation",-4144.312094162514,"scalar from welfare_function.calculate_welfare(physical_damage, welfare_loss=True)"
2062,rsas / South Asia,Utilitarian,0.015,1.45,0.0,0.0,0.0,0.5229742794631149,0.49670212074591896,0.2597624337048981,"physical_damage_per_capita multiplied by JUSTICE welfare_function.calculate_discount_rate; regional time-discounting visibility, not full welfare aggregation",-4144.312094162514,"scalar from welfare_function.calculate_welfare(physical_damage, welfare_loss=True)"
2063,rsas / South Asia,Utilitarian,0.015,1.45,0.0,0.0,0.0,0.5432650749925223,0.4893616953161764,0.2658531181044104,"physical_damage_per_capita multiplied by JUSTICE welfare_function.calculate_discount_rate; regional time-discounting visibility, not full welfare aggregation",-4144.312094162514,"scalar from welfare_function.calculate_welfare(physical_damage, welfare_loss=True)"
2064,rsas / South Asia,Utilitarian,0.015,1.45,0.0,0.0,0.0,0.5635454768291452,0.4821297490799768,0.27170203933879167,"physical_damage_per_capita multiplied by JUSTICE welfare_function.calculate_discount_rate; regional time-discounting visibility, not full welfare aggregation",-4144.312094162514,"scalar from welfare_function.calculate_welfare(physical_damage, welfare_loss=True)"
2065,rsas / South Asia,Utilitarian,0.015,1.45,0.0,0.0,0.0,0.5845160311012194,0.47500467889652886,0.2776478496631082,"physical_damage_per_capita multiplied by JUSTICE welfare_function.calculate_discount_rate; regional time-discounting visibility, not full welfare aggregation",-4144.312094162514,"scalar from welfare_function.calculate_welfare(physical_damage, welfare_loss=True)"
2066,rsas / South Asia,Utilitarian,0.015,1.45,0.0,0.0,0.0,0.6072951212877237,0.4679849053167772,0.2842049498351761,"physical_damage_per_capita multiplied by JUSTICE welfare_function.calculate_discount_rate; regional time-discounting visibility, not full welfare aggregation",-4144.312094162514,"scalar from welfare_function.calculate_welfare(physical_damage, welfare_loss=True)"
2067,rsas / South Asia,Utilitarian,0.015,1.45,0.0,0.0,0.0,0.631298675497423,0.46106887223327814,0.29107216835395905,"physical_damage_per_capita multiplied by JUSTICE welfare_function.calculate_discount_rate; regional time-discounting visibility, not full welfare aggregation",-4144.312094162514,"scalar from welfare_function.calculate_welfare(physical_damage, welfare_loss=True)"
2068,rsas / South Asia,Utilitarian,0.015,1.45,0.0,0.0,0.0,0.6573876505118903,0.4542550465352495,0.29862165777497707,"physical_damage_per_capita multiplied by JUSTICE welfare_function.calculate_discount_rate; regional time-discounting visibility, not full welfare aggregation",-4144.312094162514,"scalar from welfare_function.calculate_welfare(physical_damage, welfare_loss=True)"
2069,rsas / South Asia,Utilitarian,0.015,1.45,0.0,0.0,0.0,0.6856768030150053,0.44754191776871877,0.3068691113908595,"physical_damage_per_capita multiplied by JUSTICE welfare_function.calculate_discount_rate; regional time-discounting visibility, not full welfare aggregation",-4144.312094162514,"scalar from welfare_function.calculate_welfare(physical_damage, welfare_loss=True)"
2070,rsas / South Asia,Utilitarian,0.015,1.45,0.0,0.0,0.0,0.714881930085908,0.4409279978016934,0.31521145809738954,"physical_damage_per_capita multiplied by JUSTICE welfare_function.calculate_discount_rate; regional time-discounting visibility, not full welfare aggregation",-4144.312094162514,"scalar from welfare_function.calculate_welfare(physical_damage, welfare_loss=True)"
2071,rsas / South Asia,Utilitarian,0.015,1.45,0.0,0.0,0.0,0.7441334219052566,0.43441182049427923,0.32326035450050006,"physical_damage_per_capita multiplied by JUSTICE welfare_function.calculate_discount_rate; regional time-discounting visibility, not full welfare aggregation",-4144.312094162514,"scalar from welfare_function.calculate_welfare(physical_damage, welfare_loss=True)"
2072,rsas / South Asia,Utilitarian,0.015,1.45,0.0,0.0,0.0,0.7722322373566968,0.42799194137367413,0.33050917445762856,"physical_damage_per_capita multiplied by JUSTICE welfare_function.calculate_discount_rate; regional time-discounting visibility, not full welfare aggregation",-4144.312094162514,"scalar from welfare_function.calculate_welfare(physical_damage, welfare_loss=True)"
2073,rsas / South Asia,Utilitarian,0.015,1.45,0.0,0.0,0.0,0.7993348347098711,0.42166693731396476,0.3370530716404756,"physical_damage_per_capita multiplied by JUSTICE welfare_function.calculate_discount_rate; regional time-discounting visibility, not full welfare aggregation",-4144.312094162514,"scalar from welfare_function.calculate_welfare(physical_damage, welfare_loss=True)"
2074,rsas / South Asia,Utilitarian,0.015,1.45,0.0,0.0,0.0,0.8264142102269523,0.41543540622065495,0.34332172313215564,"physical_damage_per_capita multiplied by JUSTICE welfare_function.calculate_discount_rate; regional time-discounting visibility, not full welfare aggregation",-4144.312094162514,"scalar from welfare_function.calculate_welfare(physical_damage, welfare_loss=True)"
2075,rsas / South Asia,Utilitarian,0.015,1.45,0.0,0.0,0.0,0.8543784528092039,0.4092959667198571,0.3496936547871589,"physical_damage_per_capita multiplied by JUSTICE welfare_function.calculate_discount_rate; regional time-discounting visibility, not full welfare aggregation",-4144.312094162514,"scalar from welfare_function.calculate_welfare(physical_damage, welfare_loss=True)"
2076,rsas / South Asia,Utilitarian,0.015,1.45,0.0,0.0,0.0,0.8836943534282149,0.403247257852076,0.35634732479929093,"physical_damage_per_capita multiplied by JUSTICE welfare_function.calculate_discount_rate; regional time-discounting visibility, not full welfare aggregation",-4144.312094162514,"scalar from welfare_function.calculate_welfare(physical_damage, welfare_loss=True)"
2077,rsas / South Asia,Utilitarian,0.015,1.45,0.0,0.0,0.0,0.9136689489079836,0.3972879387705183,0.3629896534302788,"physical_damage_per_capita multiplied by JUSTICE welfare_function.calculate_discount_rate; regional time-discounting visibility, not full welfare aggregation",-4144.312094162514,"scalar from welfare_function.calculate_welfare(physical_damage, welfare_loss=True)"
2078,rsas / South Asia,Utilitarian,0.015,1.45,0.0,0.0,0.0,0.9445443183468702,0.39141668844386046,0.36971040917579545,"physical_damage_per_capita multiplied by JUSTICE welfare_function.calculate_discount_rate; regional time-discounting visibility, not full welfare aggregation",-4144.312094162514,"scalar from welfare_function.calculate_welfare(physical_damage, welfare_loss=True)"
2079,rsas / South Asia,Utilitarian,0.015,1.45,0.0,0.0,0.0,0.9766925545419223,0.3856322053634093,0.37664410377002344,"physical_damage_per_capita multiplied by JUSTICE welfare_function.calculate_discount_rate; regional time-discounting visibility, not full welfare aggregation",-4144.312094162514,"scalar from welfare_function.calculate_welfare(physical_damage, welfare_loss=True)"
2080,rsas / South Asia,Utilitarian,0.015,1.45,0.0,0.0,0.0,1.01094386905359,0.37993320725459045,0.38409114652389514,"physical_damage_per_capita multiplied by JUSTICE welfare_function.calculate_discount_rate; regional time-discounting visibility, not full welfare aggregation",-4144.312094162514,"scalar from welfare_function.calculate_welfare(physical_damage, welfare_loss=True)"
2081,rsas / South Asia,Utilitarian,0.015,1.45,0.0,0.0,0.0,1.0480016654401976,0.3743184307927,0.3922863388757109,"physical_damage_per_capita multiplied by JUSTICE welfare_function.calculate_discount_rate; regional time-discounting visibility, not full welfare aggregation",-4144.312094162514,"scalar from welfare_function.calculate_welfare(physical_damage, welfare_loss=True)"
2082,rsas / South Asia,Utilitarian,0.015,1.45,0.0,0.0,0.0,1.0863314573151812,0.3687866313228572,0.40062451864331594,"physical_damage_per_capita multiplied by JUSTICE welfare_function.calculate_discount_rate; regional time-discounting visibility, not full welfare aggregation",-4144.312094162514,"scalar from welfare_function.calculate_welfare(physical_damage, welfare_loss=True)"
2083,rsas / South Asia,Utilitarian,0.015,1.45,0.0,0.0,0.0,1.124769593216124,0.3633365825840958,0.40866994019365005,"physical_damage_per_capita multiplied by JUSTICE welfare_function.calculate_discount_rate; regional time-discounting visibility, not full welfare aggregation",-4144.312094162514,"scalar from welfare_function.calculate_welfare(physical_damage, welfare_loss=True)"
2084,rsas / South Asia,Utilitarian,0.015,1.45,0.0,0.0,0.0,1.1628610625766733,0.35796707643753284,0.41626597487361466,"physical_damage_per_capita multiplied by JUSTICE welfare_function.calculate_discount_rate; regional time-discounting visibility, not full welfare aggregation",-4144.312094162514,"scalar from welfare_function.calculate_welfare(physical_damage, welfare_loss=True)"
2085,rsas / South Asia,Utilitarian,0.015,1.45,0.0,0.0,0.0,1.2002960404810268,0.35267692259855454,0.4233167137640786,"physical_damage_per_capita multiplied by JUSTICE welfare_function.calculate_discount_rate; regional time-discounting visibility, not full welfare aggregation",-4144.312094162514,"scalar from welfare_function.calculate_welfare(physical_damage, welfare_loss=True)"
2086,rsas / South Asia,Utilitarian,0.015,1.45,0.0,0.0,0.0,1.238219014112467,0.3474649483729602,0.430237705813006,"physical_damage_per_capita multiplied by JUSTICE welfare_function.calculate_discount_rate; regional time-discounting visibility, not full welfare aggregation",-4144.312094162514,"scalar from welfare_function.calculate_welfare(physical_damage, welfare_loss=True)"
2087,rsas / South Asia,Utilitarian,0.015,1.45,0.0,0.0,0.0,1.2759328389208202,0.3423299983970051,0.43679008670245056,"physical_damage_per_capita multiplied by JUSTICE welfare_function.calculate_discount_rate; regional time-discounting visibility, not full welfare aggregation",-4144.312094162514,"scalar from welfare_function.calculate_welfare(physical_damage, welfare_loss=True)"
2088,rsas / South Asia,Utilitarian,0.015,1.45,0.0,0.0,0.0,1.3134958222998945,0.3372709343812859,0.4430039632930009,"physical_damage_per_capita multiplied by JUSTICE welfare_function.calculate_discount_rate; regional time-discounting visibility, not full welfare aggregation",-4144.312094162514,"scalar from welfare_function.calculate_welfare(physical_damage, welfare_loss=True)"
2089,rsas / South Asia,Utilitarian,0.015,1.45,0.0,0.0,0.0,1.352500559153559,0.3322866348584098,0.44941785944525375,"physical_damage_per_capita multiplied by JUSTICE welfare_function.calculate_discount_rate; regional time-discounting visibility, not full welfare aggregation",-4144.312094162514,"scalar from welfare_function.calculate_welfare(physical_damage, welfare_loss=True)"
2090,rsas / South Asia,Utilitarian,0.015,1.45,0.0,0.0,0.0,1.393429598878162,0.3273759949343939,0.45617540130377165,"physical_damage_per_capita multiplied by JUSTICE welfare_function.calculate_discount_rate; regional time-discounting visibility, not full welfare aggregation",-4144.312094162514,"scalar from welfare_function.calculate_welfare(physical_damage, welfare_loss=True)"
2091,rsas / South Asia,Utilitarian,0.015,1.45,0.0,0.0,0.0,1.4377897217786437,0.3225379260437378,0.46374171494948657,"physical_damage_per_capita multiplied by JUSTICE welfare_function.calculate_discount_rate; regional time-discounting visibility, not full welfare aggregation",-4144.312094162514,"scalar from welfare_function.calculate_welfare(physical_damage, welfare_loss=True)"
2092,rsas / South Asia,Utilitarian,0.015,1.45,0.0,0.0,0.0,1.4855307888386187,0.31777135570811615,0.47205913271539507,"physical_damage_per_capita multiplied by JUSTICE welfare_function.calculate_discount_rate; regional time-discounting visibility, not full welfare aggregation",-4144.312094162514,"scalar from welfare_function.calculate_welfare(physical_damage, welfare_loss=True)"
2093,rsas / South Asia,Utilitarian,0.015,1.45,0.0,0.0,0.0,1.53580275088205,0.3130752272986366,0.4808217953182692,"physical_damage_per_capita multiplied by JUSTICE welfare_function.calculate_discount_rate; regional time-discounting visibility, not full welfare aggregation",-4144.312094162514,"scalar from welfare_function.calculate_welfare(physical_damage, welfare_loss=True)"
2094,rsas / South Asia,Utilitarian,0.015,1.45,0.0,0.0,0.0,1.5872850972369432,0.3084484998016125,0.4895957070001917,"physical_damage_per_capita multiplied by JUSTICE welfare_function.calculate_discount_rate; regional time-discounting visibility, not full welfare aggregation",-4144.312094162514,"scalar from welfare_function.calculate_welfare(physical_damage, welfare_loss=True)"
2095,rsas / South Asia,Utilitarian,0.015,1.45,0.0,0.0,0.0,1.6378196208469546,0.30389014758779553,0.4977172463013684,"physical_damage_per_capita multiplied by JUSTICE welfare_function.calculate_discount_rate; regional time-discounting visibility, not full welfare aggregation",-4144.312094162514,"scalar from welfare_function.calculate_welfare(physical_damage, welfare_loss=True)"
2096,rsas / South Asia,Utilitarian,0.015,1.45,0.0,0.0,0.0,1.688402084659633,0.29939916018502033,0.5055061662017317,"physical_damage_per_capita multiplied by JUSTICE welfare_function.calculate_discount_rate; regional time-discounting visibility, not full welfare aggregation",-4144.312094162514,"scalar from welfare_function.calculate_welfare(physical_damage, welfare_loss=True)"
2097,rsas / South Asia,Utilitarian,0.015,1.45,0.0,0.0,0.0,1.7373586878334648,0.2949745420542072,0.5124765833275746,"physical_damage_per_capita multiplied by JUSTICE welfare_function.calculate_discount_rate; regional time-discounting visibility, not full welfare aggregation",-4144.312094162514,"scalar from welfare_function.calculate_welfare(physical_damage, welfare_loss=True)"
2098,rsas / South Asia,Utilitarian,0.015,1.45,0.0,0.0,0.0,1.786126370258723,0.2906153123686771,0.5190756730226702,"physical_damage_per_capita multiplied by JUSTICE welfare_function.calculate_discount_rate; regional time-discounting visibility, not full welfare aggregation",-4144.312094162514,"scalar from welfare_function.calculate_welfare(physical_damage, welfare_loss=True)"
2099,rsas / South Asia,Utilitarian,0.015,1.45,0.0,0.0,0.0,1.8359432021113606,0.2863205047967262,0.5256681844066428,"physical_damage_per_capita multiplied by JUSTICE welfare_function.calculate_discount_rate; regional time-discounting visibility, not full welfare aggregation",-4144.312094162514,"scalar from welfare_function.calculate_welfare(physical_damage, welfare_loss=True)"
2100,rsas / South Asia,Utilitarian,0.015,1.45,0.0,0.0,0.0,1.8876922020266935,0.282089167287415,0.5324975213646568,"physical_damage_per_capita multiplied by JUSTICE welfare_function.calculate_discount_rate; regional time-discounting visibility, not full welfare aggregation",-4144.312094162514,"scalar from welfare_function.calculate_welfare(physical_damage, welfare_loss=True)"
2101,rsas / South Asia,Utilitarian,0.015,1.45,0.0,0.0,0.0,1.9427228408067831,0.27792036185952224,0.5399222349097802,"physical_damage_per_capita multiplied by JUSTICE welfare_function.calculate_discount_rate; regional time-discounting visibility, not full welfare aggregation",-4144.312094162514,"scalar from welfare_function.calculate_welfare(physical_damage, welfare_loss=True)"
2102,rsas / South Asia,Utilitarian,0.015,1.45,0.0,0.0,0.0,2.001835069849156,0.27381316439361797,0.5481287950695167,"physical_damage_per_capita multiplied by JUSTICE welfare_function.calculate_discount_rate; regional time-discounting visibility, not full welfare aggregation",-4144.312094162514,"scalar from welfare_function.calculate_welfare(physical_damage, welfare_loss=True)"
2103,rsas / South Asia,Utilitarian,0.015,1.45,0.0,0.0,0.0,2.0649798635180168,0.26976666442720987,0.5570627298906105,"physical_damage_per_capita multiplied by JUSTICE welfare_function.calculate_discount_rate; regional time-discounting visibility, not full welfare aggregation",-4144.312094162514,"scalar from welfare_function.calculate_welfare(physical_damage, welfare_loss=True)"
2104,rsas / South Asia,Utilitarian,0.015,1.45,0.0,0.0,0.0,2.1281761239412975,0.2657799649529161,0.5656265756347509,"physical_damage_per_capita multiplied by JUSTICE welfare_function.calculate_discount_rate; regional time-discounting visibility, not full welfare aggregation",-4144.312094162514,"scalar from welfare_function.calculate_welfare(physical_damage, welfare_loss=True)"
2105,rsas / South Asia,Utilitarian,0.015,1.45,0.0,0.0,0.0,2.1896818531252222,0.26185218221962187,0.573372971607545,"physical_damage_per_capita multiplied by JUSTICE welfare_function.calculate_discount_rate; regional time-discounting visibility, not full welfare aggregation",-4144.312094162514,"scalar from welfare_function.calculate_welfare(physical_damage, welfare_loss=True)"
2106,rsas / South Asia,Utilitarian,0.015,1.45,0.0,0.0,0.0,2.2505081700178113,0.25798244553657323,0.5805916014012331,"physical_damage_per_capita multiplied by JUSTICE welfare_function.calculate_discount_rate; regional time-discounting visibility, not full welfare aggregation",-4144.312094162514,"scalar from welfare_function.calculate_welfare(physical_damage, welfare_loss=True)"
2107,rsas / South Asia,Utilitarian,0.015,1.45,0.0,0.0,0.0,2.309667929831652,0.25416989708036775,0.587048060015137,"physical_damage_per_capita multiplied by JUSTICE welfare_function.calculate_discount_rate; regional time-discounting visibility, not full welfare aggregation",-4144.312094162514,"scalar from welfare_function.calculate_welfare(physical_damage, welfare_loss=True)"
2108,rsas / South Asia,Utilitarian,0.015,1.45,0.0,0.0,0.0,2.3682809141715038,0.2504136917047958,0.593049966711695,"physical_damage_per_capita multiplied by JUSTICE welfare_function.calculate_discount_rate; regional time-discounting visibility, not full welfare aggregation",-4144.312094162514,"scalar from welfare_function.calculate_welfare(physical_damage, welfare_loss=True)"
2109,rsas / South Asia,Utilitarian,0.015,1.45,0.0,0.0,0.0,2.4280455463749666,0.24671299675349345,0.5990303930001414,"physical_damage_per_capita multiplied by JUSTICE welfare_function.calculate_discount_rate; regional time-discounting visibility, not full welfare aggregation",-4144.312094162514,"scalar from welfare_function.calculate_welfare(physical_damage, welfare_loss=True)"
2110,rsas / South Asia,Utilitarian,0.015,1.45,0.0,0.0,0.0,2.489785597269893,0.24306699187536304,0.605184695542997,"physical_damage_per_capita multiplied by JUSTICE welfare_function.calculate_discount_rate; regional time-discounting visibility, not full welfare aggregation",-4144.312094162514,"scalar from welfare_function.calculate_welfare(physical_damage, welfare_loss=True)"
2111,rsas / South Asia,Utilitarian,0.015,1.45,0.0,0.0,0.0,2.5547085073941114,0.23947486884272226,0.6117884847395916,"physical_damage_per_capita multiplied by JUSTICE welfare_function.calculate_discount_rate; regional time-discounting visibility, not full welfare aggregation",-4144.312094162514,"scalar from welfare_function.calculate_welfare(physical_damage, welfare_loss=True)"
2112,rsas / South Asia,Utilitarian,0.015,1.45,0.0,0.0,0.0,2.6236758708753496,0.23593583137214016,0.6190191478459994,"physical_damage_per_capita multiplied by JUSTICE welfare_function.calculate_discount_rate; regional time-discounting visibility, not full welfare aggregation",-4144.312094162514,"scalar from welfare_function.calculate_welfare(physical_damage, welfare_loss=True)"
2113,rsas / South Asia,Utilitarian,0.015,1.45,0.0,0.0,0.0,2.698911359294287,0.23244909494792138,0.6273595028126213,"physical_damage_per_capita multiplied by JUSTICE welfare_function.calculate_discount_rate; regional time-discounting visibility, not full welfare aggregation",-4144.312094162514,"scalar from welfare_function.calculate_welfare(physical_damage, welfare_loss=True)"
2114,rsas / South Asia,Utilitarian,0.015,1.45,0.0,0.0,0.0,2.776303076763155,0.2290138866481984,0.6358119581228816,"physical_damage_per_capita multiplied by JUSTICE welfare_function.calculate_discount_rate; regional time-discounting visibility, not full welfare aggregation",-4144.312094162514,"scalar from welfare_function.calculate_welfare(physical_damage, welfare_loss=True)"
2115,rsas / South Asia,Utilitarian,0.015,1.45,0.0,0.0,0.0,2.851275509437793,0.22562944497359452,0.6433317106612523,"physical_damage_per_capita multiplied by JUSTICE welfare_function.calculate_discount_rate; regional time-discounting visibility, not full welfare aggregation",-4144.312094162514,"scalar from welfare_function.calculate_welfare(physical_damage, welfare_loss=True)"
2116,rsas / South Asia,Utilitarian,0.015,1.45,0.0,0.0,0.0,2.923067872205993,0.2222950196784183,0.6497834301733835,"physical_damage_per_capita multiplied by JUSTICE welfare_function.calculate_discount_rate; regional time-discounting visibility, not full welfare aggregation",-4144.312094162514,"scalar from welfare_function.calculate_welfare(physical_damage, welfare_loss=True)"
2117,rsas / South Asia,Utilitarian,0.015,1.45,0.0,0.0,0.0,2.9928328151665027,0.219009871604353,0.6554599305829101,"physical_damage_per_capita multiplied by JUSTICE welfare_function.calculate_discount_rate; regional time-discounting visibility, not full welfare aggregation",-4144.312094162514,"scalar from welfare_function.calculate_welfare(physical_damage, welfare_loss=True)"
2118,rsas / South Asia,Utilitarian,0.015,1.45,0.0,0.0,0.0,3.0625104644341423,0.21577327251660394,0.6608079050272995,"physical_damage_per_capita multiplied by JUSTICE welfare_function.calculate_discount_rate; regional time-discounting visibility, not full welfare aggregation",-4144.312094162514,"scalar from welfare_function.calculate_welfare(physical_damage, welfare_loss=True)"
2119,rsas / South Asia,Utilitarian,0.015,1.45,0.0,0.0,0.0,3.1321537933896426,0.21258450494246697,0.6658473635714072,"physical_damage_per_capita multiplied by JUSTICE welfare_function.calculate_discount_rate; regional time-discounting visibility, not full welfare aggregation",-4144.312094162514,"scalar from welfare_function.calculate_welfare(physical_damage, welfare_loss=True)"
2120,rsas / South Asia,Utilitarian,0.015,1.45,0.0,0.0,0.0,3.2035892235357535,0.20944286201228274,0.6709688956890348,"physical_damage_per_capita multiplied by JUSTICE welfare_function.calculate_discount_rate; regional time-discounting visibility, not full welfare aggregation",-4144.312094162514,"scalar from welfare_function.calculate_welfare(physical_damage, welfare_loss=True)"
2121,rsas / South Asia,Utilitarian,0.015,1.45,0.0,0.0,0.0,3.2775511541339113,0.20634764730274166,0.6763149695699182,"physical_damage_per_capita multiplied by JUSTICE welfare_function.calculate_discount_rate; regional time-discounting visibility, not full welfare aggregation",-4144.312094162514,"scalar from welfare_function.calculate_welfare(physical_damage, welfare_loss=True)"
2122,rsas / South Asia,Utilitarian,0.015,1.45,0.0,0.0,0.0,3.3562709401209254,0.2032981746825041,0.6823237558665162,"physical_damage_per_capita multiplied by JUSTICE welfare_function.calculate_discount_rate; regional time-discounting visibility, not full welfare aggregation",-4144.312094162514,"scalar from welfare_function.calculate_welfare(physical_damage, welfare_loss=True)"
2123,rsas / South Asia,Utilitarian,0.015,1.45,0.0,0.0,0.0,3.441549635534362,0.20029376816010258,0.6893209448112051,"physical_damage_per_capita multiplied by JUSTICE welfare_function.calculate_discount_rate; regional time-discounting visibility, not full welfare aggregation",-4144.312094162514,"scalar from welfare_function.calculate_welfare(physical_damage, welfare_loss=True)"
2124,rsas / South Asia,Utilitarian,0.015,1.45,0.0,0.0,0.0,3.532437818064331,0.19733376173409123,0.6970692427303998,"physical_damage_per_capita multiplied by JUSTICE welfare_function.calculate_discount_rate; regional time-discounting visibility, not full welfare aggregation",-4144.312094162514,"scalar from welfare_function.calculate_welfare(physical_damage, welfare_loss=True)"
2125,rsas / South Asia,Utilitarian,0.015,1.45,0.0,0.0,0.0,3.621025986377945,0.1944174992454101,0.7039908169742445,"physical_damage_per_capita multiplied by JUSTICE welfare_function.calculate_discount_rate; regional time-discounting visibility, not full welfare aggregation",-4144.312094162514,"scalar from welfare_function.calculate_welfare(physical_damage, welfare_loss=True)"
2126,rsas / South Asia,Utilitarian,0.015,1.45,0.0,0.0,0.0,3.7052337982462844,0.19154433423193118,0.7097165410587342,"physical_damage_per_capita multiplied by JUSTICE welfare_function.calculate_discount_rate; regional time-discounting visibility, not full welfare aggregation",-4144.312094162514,"scalar from welfare_function.calculate_welfare(physical_damage, welfare_loss=True)"
2127,rsas / South Asia,Utilitarian,0.015,1.45,0.0,0.0,0.0,3.7872009681617897,0.18871362978515388,0.7146964414276603,"physical_damage_per_capita multiplied by JUSTICE welfare_function.calculate_discount_rate; regional time-discounting visibility, not full welfare aggregation",-4144.312094162514,"scalar from welfare_function.calculate_welfare(physical_damage, welfare_loss=True)"
2128,rsas / South Asia,Utilitarian,0.015,1.45,0.0,0.0,0.0,3.8651813596924187,0.18592475840901862,0.718632910507855,"physical_damage_per_capita multiplied by JUSTICE welfare_function.calculate_discount_rate; regional time-discounting visibility, not full welfare aggregation",-4144.312094162514,"scalar from welfare_function.calculate_welfare(physical_damage, welfare_loss=True)"
2129,rsas / South Asia,Utilitarian,0.015,1.45,0.0,0.0,0.0,3.9432759957875785,0.18317710188080652,0.7223178688245201,"physical_damage_per_capita multiplied by JUSTICE welfare_function.calculate_discount_rate; regional time-discounting visibility, not full welfare aggregation",-4144.312094162514,"scalar from welfare_function.calculate_welfare(physical_damage, welfare_loss=True)"
2130,rsas / South Asia,Utilitarian,0.015,1.45,0.0,0.0,0.0,4.0236513888587755,0.18047005111409511,0.726148571812643,"physical_damage_per_capita multiplied by JUSTICE welfare_function.calculate_discount_rate; regional time-discounting visibility, not full welfare aggregation",-4144.312094162514,"scalar from welfare_function.calculate_welfare(physical_damage, welfare_loss=True)"
2131,rsas / South Asia,Utilitarian,0.015,1.45,0.0,0.0,0.0,4.10666566953927,0.17780300602373905,0.7301775007785731,"physical_damage_per_capita multiplied by JUSTICE welfare_function.calculate_discount_rate; regional time-discounting visibility, not full welfare aggregation",-4144.312094162514,"scalar from welfare_function.calculate_welfare(physical_damage, welfare_loss=True)"
2132,rsas / South Asia,Utilitarian,0.015,1.45,0.0,0.0,0.0,4.195586120596543,0.1751753753928464,0.7349633736685155,"physical_damage_per_capita multiplied by JUSTICE welfare_function.calculate_discount_rate; regional time-discounting visibility, not full welfare aggregation",-4144.312094162514,"scalar from welfare_function.calculate_welfare(physical_damage, welfare_loss=True)"
2133,rsas / South Asia,Utilitarian,0.015,1.45,0.0,0.0,0.0,4.294719714495533,0.1725865767417206,0.7412109735899636,"physical_damage_per_capita multiplied by JUSTICE welfare_function.calculate_discount_rate; regional time-discounting visibility, not full welfare aggregation",-4144.312094162514,"scalar from welfare_function.calculate_welfare(physical_damage, welfare_loss=True)"
2134,rsas / South Asia,Utilitarian,0.015,1.45,0.0,0.0,0.0,4.39828457832123,0.1700360361987395,0.7478668757717865,"physical_damage_per_capita multiplied by JUSTICE welfare_function.calculate_discount_rate; regional time-discounting visibility, not full welfare aggregation",-4144.312094162514,"scalar from welfare_function.calculate_welfare(physical_damage, welfare_loss=True)"
2135,rsas / South Asia,Utilitarian,0.015,1.45,0.0,0.0,0.0,4.49884925863693,0.16752318837314237,0.7536615718170064,"physical_damage_per_capita multiplied by JUSTICE welfare_function.calculate_discount_rate; regional time-discounting visibility, not full welfare aggregation",-4144.312094162514,"scalar from welfare_function.calculate_welfare(physical_damage, welfare_loss=True)"
2136,rsas / South Asia,Utilitarian,0.015,1.45,0.0,0.0,0.0,4.594000154749415,0.16504747622969693,0.7582281313402282,"physical_damage_per_capita multiplied by JUSTICE welfare_function.calculate_discount_rate; regional time-discounting visibility, not full welfare aggregation",-4144.312094162514,"scalar from welfare_function.calculate_welfare(physical_damage, welfare_loss=True)"
2137,rsas / South Asia,Utilitarian,0.015,1.45,0.0,0.0,0.0,4.6827094396931805,0.1626083509652187,0.7614476600377713,"physical_damage_per_capita multiplied by JUSTICE welfare_function.calculate_discount_rate; regional time-discounting visibility, not full welfare aggregation",-4144.312094162514,"scalar from welfare_function.calculate_welfare(physical_damage, welfare_loss=True)"
2138,rsas / South Asia,Utilitarian,0.015,1.45,0.0,0.0,0.0,4.766594207651366,0.16020527188691497,0.763633521011381,"physical_damage_per_capita multiplied by JUSTICE welfare_function.calculate_discount_rate; regional time-discounting visibility, not full welfare aggregation",-4144.312094162514,"scalar from welfare_function.calculate_welfare(physical_damage, welfare_loss=True)"
2139,rsas / South Asia,Utilitarian,0.015,1.45,0.0,0.0,0.0,4.850755423390667,0.15783770629252708,0.765632109814019,"physical_damage_per_capita multiplied by JUSTICE welfare_function.calculate_discount_rate; regional time-discounting visibility, not full welfare aggregation",-4144.312094162514,"scalar from welfare_function.calculate_welfare(physical_damage, welfare_loss=True)"
2140,rsas / South Asia,Utilitarian,0.015,1.45,0.0,0.0,0.0,4.938506481367594,0.15550512935224345,0.7679630891919603,"physical_damage_per_capita multiplied by JUSTICE welfare_function.calculate_discount_rate; regional time-discounting visibility, not full welfare aggregation",-4144.312094162514,"scalar from welfare_function.calculate_welfare(physical_damage, welfare_loss=True)"
2141,rsas / South Asia,Utilitarian,0.015,1.45,0.0,0.0,0.0,5.027330275026358,0.15320702399235808,0.7702223100634714,"physical_damage_per_capita multiplied by JUSTICE welfare_function.calculate_discount_rate; regional time-discounting visibility, not full welfare aggregation",-4144.312094162514,"scalar from welfare_function.calculate_welfare(physical_damage, welfare_loss=True)"
2142,rsas / South Asia,Utilitarian,0.015,1.45,0.0,0.0,0.0,5.119403399052945,0.15094288078064838,0.7727374969312947,"physical_damage_per_capita multiplied by JUSTICE welfare_function.calculate_discount_rate; regional time-discounting visibility, not full welfare aggregation",-4144.312094162514,"scalar from welfare_function.calculate_welfare(physical_damage, welfare_loss=True)"
2143,rsas / South Asia,Utilitarian,0.015,1.45,0.0,0.0,0.0,5.21731529413699,0.1487121978134467,0.7758784240768208,"physical_damage_per_capita multiplied by JUSTICE welfare_function.calculate_discount_rate; regional time-discounting visibility, not full welfare aggregation",-4144.312094162514,"scalar from welfare_function.calculate_welfare(physical_damage, welfare_loss=True)"
2144,rsas / South Asia,Utilitarian,0.015,1.45,0.0,0.0,0.0,5.321560397841868,0.146514480604381,0.7796856576946444,"physical_damage_per_capita multiplied by JUSTICE welfare_function.calculate_discount_rate; regional time-discounting visibility, not full welfare aggregation",-4144.312094162514,"scalar from welfare_function.calculate_welfare(physical_damage, welfare_loss=True)"
2145,rsas / South Asia,Utilitarian,0.015,1.45,0.0,0.0,0.0,5.426763532271373,0.14434924197475962,0.7833492022596417,"physical_damage_per_capita multiplied by JUSTICE welfare_function.calculate_discount_rate; regional time-discounting visibility, not full welfare aggregation",-4144.312094162514,"scalar from welfare_function.calculate_welfare(physical_damage, welfare_loss=True)"
2146,rsas / South Asia,Utilitarian,0.015,1.45,0.0,0.0,0.0,5.527997363416199,0.142216001945576,0.7861696837907372,"physical_damage_per_capita multiplied by JUSTICE welfare_function.calculate_discount_rate; regional time-discounting visibility, not full welfare aggregation",-4144.312094162514,"scalar from welfare_function.calculate_welfare(physical_damage, welfare_loss=True)"
2147,rsas / South Asia,Utilitarian,0.015,1.45,0.0,0.0,0.0,5.627869567293551,0.14011428763110936,0.7885449353021357,"physical_damage_per_capita multiplied by JUSTICE welfare_function.calculate_discount_rate; regional time-discounting visibility, not full welfare aggregation",-4144.312094162514,"scalar from welfare_function.calculate_welfare(physical_damage, welfare_loss=True)"
2148,rsas / South Asia,Utilitarian,0.015,1.45,0.0,0.0,0.0,5.723827882605116,0.1380436331340979,0.790137996349061,"physical_damage_per_capita multiplied by JUSTICE welfare_function.calculate_discount_rate; regional time-discounting visibility, not full welfare aggregation",-4144.312094162514,"scalar from welfare_function.calculate_welfare(physical_damage, welfare_loss=True)"
2149,rsas / South Asia,Utilitarian,0.015,1.45,0.0,0.0,0.0,5.8183419008588535,0.136003579442461,0.7913153249368566,"physical_damage_per_capita multiplied by JUSTICE welfare_function.calculate_discount_rate; regional time-discounting visibility, not full welfare aggregation",-4144.312094162514,"scalar from welfare_function.calculate_welfare(physical_damage, welfare_loss=True)"
2150,rsas / South Asia,Utilitarian,0.015,1.45,0.0,0.0,0.0,5.913564280853068,0.1339936743275478,0.7923802063636454,"physical_damage_per_capita multiplied by JUSTICE welfare_function.calculate_discount_rate; regional time-discounting visibility, not full welfare aggregation",-4144.312094162514,"scalar from welfare_function.calculate_welfare(physical_damage, welfare_loss=True)"
2151,rsas / South Asia,Utilitarian,0.015,1.45,0.0,0.0,0.0,6.005631231004563,0.13201347224388946,0.7928242318212566,"physical_damage_per_capita multiplied by JUSTICE welfare_function.calculate_discount_rate; regional time-discounting visibility, not full welfare aggregation",-4144.312094162514,"scalar from welfare_function.calculate_welfare(physical_damage, welfare_loss=True)"
2152,rsas / South Asia,Utilitarian,0.015,1.45,0.0,0.0,0.0,6.099139692659386,0.13006253423043299,0.7932695650527039,"physical_damage_per_capita multiplied by JUSTICE welfare_function.calculate_discount_rate; regional time-discounting visibility, not full welfare aggregation",-4144.312094162514,"scalar from welfare_function.calculate_welfare(physical_damage, welfare_loss=True)"
2153,rsas / South Asia,Utilitarian,0.015,1.45,0.0,0.0,0.0,6.194827603082189,0.12814042781323448,0.7938078592881855,"physical_damage_per_capita multiplied by JUSTICE welfare_function.calculate_discount_rate; regional time-discounting visibility, not full welfare aggregation",-4144.312094162514,"scalar from welfare_function.calculate_welfare(physical_damage, welfare_loss=True)"
2154,rsas / South Asia,Utilitarian,0.015,1.45,0.0,0.0,0.0,6.295533804530596,0.12624672690959063,0.7947905369706703,"physical_damage_per_capita multiplied by JUSTICE welfare_function.calculate_discount_rate; regional time-discounting visibility, not full welfare aggregation",-4144.312094162514,"scalar from welfare_function.calculate_welfare(physical_damage, welfare_loss=True)"
2155,rsas / South Asia,Utilitarian,0.015,1.45,0.0,0.0,0.0,6.405341634994291,0.12438101173358686,0.7967028730598573,"physical_damage_per_capita multiplied by JUSTICE welfare_function.calculate_discount_rate; regional time-discounting visibility, not full welfare aggregation",-4144.312094162514,"scalar from welfare_function.calculate_welfare(physical_damage, welfare_loss=True)"
2156,rsas / South Asia,Utilitarian,0.015,1.45,0.0,0.0,0.0,6.5181183697389065,0.12254286870304124,0.798748923573796,"physical_damage_per_capita multiplied by JUSTICE welfare_function.calculate_discount_rate; regional time-discounting visibility, not full welfare aggregation",-4144.312094162514,"scalar from welfare_function.calculate_welfare(physical_damage, welfare_loss=True)"
2157,rsas / South Asia,Utilitarian,0.015,1.45,0.0,0.0,0.0,6.6279841489937175,0.12073189034782389,0.8002090555034244,"physical_damage_per_capita multiplied by JUSTICE welfare_function.calculate_discount_rate; regional time-discounting visibility, not full welfare aggregation",-4144.312094162514,"scalar from welfare_function.calculate_welfare(physical_damage, welfare_loss=True)"
2158,rsas / South Asia,Utilitarian,0.015,1.45,0.0,0.0,0.0,6.730838909007189,0.11894767521953095,0.8006176405035692,"physical_damage_per_capita multiplied by JUSTICE welfare_function.calculate_discount_rate; regional time-discounting visibility, not full welfare aggregation",-4144.312094162514,"scalar from welfare_function.calculate_welfare(physical_damage, welfare_loss=True)"
2159,rsas / South Asia,Utilitarian,0.015,1.45,0.0,0.0,0.0,6.82782808974708,0.11718982780249355,0.8001519981024888,"physical_damage_per_capita multiplied by JUSTICE welfare_function.calculate_discount_rate; regional time-discounting visibility, not full welfare aggregation",-4144.312094162514,"scalar from welfare_function.calculate_welfare(physical_damage, welfare_loss=True)"
2160,rsas / South Asia,Utilitarian,0.015,1.45,0.0,0.0,0.0,6.918718309851282,0.11545795842610204,0.7988210909807203,"physical_damage_per_capita multiplied by JUSTICE welfare_function.calculate_discount_rate; regional time-discounting visibility, not full welfare aggregation",-4144.312094162514,"scalar from welfare_function.calculate_welfare(physical_damage, welfare_loss=True)"
2161,rsas / South Asia,Utilitarian,0.015,1.45,0.0,0.0,0.0,7.0013268691311294,0.11375168317842566,0.796412715846003,"physical_damage_per_capita multiplied by JUSTICE welfare_function.calculate_discount_rate; regional time-discounting visibility, not full welfare aggregation",-4144.312094162514,"scalar from welfare_function.calculate_welfare(physical_damage, welfare_loss=True)"
2162,rsas / South Asia,Utilitarian,0.015,1.45,0.0,0.0,0.0,7.084357221522711,0.11207062382110904,0.7939483331876289,"physical_damage_per_capita multiplied by JUSTICE welfare_function.calculate_discount_rate; regional time-discounting visibility, not full welfare aggregation",-4144.312094162514,"scalar from welfare_function.calculate_welfare(physical_damage, welfare_loss=True)"
2163,rsas / South Asia,Utilitarian,0.015,1.45,0.0,0.0,0.0,7.17139045850979,0.11041440770552614,0.79182482990142,"physical_damage_per_capita multiplied by JUSTICE welfare_function.calculate_discount_rate; regional time-discounting visibility, not full welfare aggregation",-4144.312094162514,"scalar from welfare_function.calculate_welfare(physical_damage, welfare_loss=True)"
2164,rsas / South Asia,Utilitarian,0.015,1.45,0.0,0.0,0.0,7.265787086610339,0.10878266769017356,0.7903917021502868,"physical_damage_per_capita multiplied by JUSTICE welfare_function.calculate_discount_rate; regional time-discounting visibility, not full welfare aggregation",-4144.312094162514,"scalar from welfare_function.calculate_welfare(physical_damage, welfare_loss=True)"
2165,rsas / South Asia,Utilitarian,0.015,1.45,0.0,0.0,0.0,7.3707358623902515,0.10717504205928431,0.7899589260595504,"physical_damage_per_capita multiplied by JUSTICE welfare_function.calculate_discount_rate; regional time-discounting visibility, not full welfare aggregation",-4144.312094162514,"scalar from welfare_function.calculate_welfare(physical_damage, welfare_loss=True)"
2166,rsas / South Asia,Utilitarian,0.015,1.45,0.0,0.0,0.0,7.479111966024295,0.10559117444264465,0.7897282162805423,"physical_damage_per_capita multiplied by JUSTICE welfare_function.calculate_discount_rate; regional time-discounting visibility, not full welfare aggregation",-4144.312094162514,"scalar from welfare_function.calculate_welfare(physical_damage, welfare_loss=True)"
2167,rsas / South Asia,Utilitarian,0.015,1.45,0.0,0.0,0.0,7.582595851405901,0.10403071373659573,0.7888228583979057,"physical_damage_per_capita multiplied by JUSTICE welfare_function.calculate_discount_rate; regional time-discounting visibility, not full welfare aggregation",-4144.312094162514,"scalar from welfare_function.calculate_welfare(physical_damage, welfare_loss=True)"
2168,rsas / South Asia,Utilitarian,0.015,1.45,0.0,0.0,0.0,7.67758928306222,0.10249331402620268,0.7869015693531044,"physical_damage_per_capita multiplied by JUSTICE welfare_function.calculate_discount_rate; regional time-discounting visibility, not full welfare aggregation",-4144.312094162514,"scalar from welfare_function.calculate_welfare(physical_damage, welfare_loss=True)"
2169,rsas / South Asia,Utilitarian,0.015,1.45,0.0,0.0,0.0,7.76420946765824,0.10097863450857408,0.784019270082672,"physical_damage_per_capita multiplied by JUSTICE welfare_function.calculate_discount_rate; regional time-discounting visibility, not full welfare aggregation",-4144.312094162514,"scalar from welfare_function.calculate_welfare(physical_damage, welfare_loss=True)"
2170,rsas / South Asia,Utilitarian,0.015,1.45,0.0,0.0,0.0,7.840774377147579,0.09948633941731437,0.7800499409794857,"physical_damage_per_capita multiplied by JUSTICE welfare_function.calculate_discount_rate; regional time-discounting visibility, not full welfare aggregation",-4144.312094162514,"scalar from welfare_function.calculate_welfare(physical_damage, welfare_loss=True)"
2171,rsas / South Asia,Utilitarian,0.015,1.45,0.0,0.0,0.0,7.909024796779807,0.09801609794809299,0.7752117491550659,"physical_damage_per_capita multiplied by JUSTICE welfare_function.calculate_discount_rate; regional time-discounting visibility, not full welfare aggregation",-4144.312094162514,"scalar from welfare_function.calculate_welfare(physical_damage, welfare_loss=True)"
2172,rsas / South Asia,Utilitarian,0.015,1.45,0.0,0.0,0.0,7.97896668620711,0.09656758418531329,0.7705095371821152,"physical_damage_per_capita multiplied by JUSTICE welfare_function.calculate_discount_rate; regional time-discounting visibility, not full welfare aggregation",-4144.312094162514,"scalar from welfare_function.calculate_welfare(physical_damage, welfare_loss=True)"
2173,rsas / South Asia,Utilitarian,0.015,1.45,0.0,0.0,0.0,8.052164797526745,0.09514047702986533,0.7660867999597835,"physical_damage_per_capita multiplied by JUSTICE welfare_function.calculate_discount_rate; regional time-discounting visibility, not full welfare aggregation",-4144.312094162514,"scalar from welfare_function.calculate_welfare(physical_damage, welfare_loss=True)"
2174,rsas / South Asia,Utilitarian,0.015,1.45,0.0,0.0,0.0,8.130643691809587,0.09373446012794615,0.7621214969444625,"physical_damage_per_capita multiplied by JUSTICE welfare_function.calculate_discount_rate; regional time-discounting visibility, not full welfare aggregation",-4144.312094162514,"scalar from welfare_function.calculate_welfare(physical_damage, welfare_loss=True)"
2175,rsas / South Asia,Utilitarian,0.015,1.45,0.0,0.0,0.0,8.21858479294331,0.09234922180093218,0.7589799099332899,"physical_damage_per_capita multiplied by JUSTICE welfare_function.calculate_discount_rate; regional time-discounting visibility, not full welfare aggregation",-4144.312094162514,"scalar from welfare_function.calculate_welfare(physical_damage, welfare_loss=True)"
2176,rsas / South Asia,Utilitarian,0.015,1.45,0.0,0.0,0.0,8.305676889203845,0.09098445497628786,0.7556874849733618,"physical_damage_per_capita multiplied by JUSTICE welfare_function.calculate_discount_rate; regional time-discounting visibility, not full welfare aggregation",-4144.312094162514,"scalar from welfare_function.calculate_welfare(physical_damage, welfare_loss=True)"
2177,rsas / South Asia,Utilitarian,0.015,1.45,0.0,0.0,0.0,8.392383787098575,0.08963985711949544,0.7522920835674863,"physical_damage_per_capita multiplied by JUSTICE welfare_function.calculate_discount_rate; regional time-discounting visibility, not full welfare aggregation",-4144.312094162514,"scalar from welfare_function.calculate_welfare(physical_damage, welfare_loss=True)"
2178,rsas / South Asia,Utilitarian,0.015,1.45,0.0,0.0,0.0,8.475092021511989,0.0883151301669906,0.7484788550570547,"physical_damage_per_capita multiplied by JUSTICE welfare_function.calculate_discount_rate; regional time-discounting visibility, not full welfare aggregation",-4144.312094162514,"scalar from welfare_function.calculate_welfare(physical_damage, welfare_loss=True)"
2179,rsas / South Asia,Utilitarian,0.015,1.45,0.0,0.0,0.0,8.548965565654964,0.08700998046008926,0.7438453268216143,"physical_damage_per_capita multiplied by JUSTICE welfare_function.calculate_discount_rate; regional time-discounting visibility, not full welfare aggregation",-4144.312094162514,"scalar from welfare_function.calculate_welfare(physical_damage, welfare_loss=True)"
2180,rsas / South Asia,Utilitarian,0.015,1.45,0.0,0.0,0.0,8.613134845202584,0.08572411867989091,0.7383533936760501,"physical_damage_per_capita multiplied by JUSTICE welfare_function.calculate_discount_rate; regional time-discounting visibility, not full welfare aggregation",-4144.312094162514,"scalar from welfare_function.calculate_welfare(physical_damage, welfare_loss=True)"
2181,rsas / South Asia,Utilitarian,0.015,1.45,0.0,0.0,0.0,8.664744468388083,0.08445725978314376,0.7318005745212103,"physical_damage_per_capita multiplied by JUSTICE welfare_function.calculate_discount_rate; regional time-discounting visibility, not full welfare aggregation",-4144.312094162514,"scalar from welfare_function.calculate_welfare(physical_damage, welfare_loss=True)"
2182,rsas / South Asia,Utilitarian,0.015,1.45,0.0,0.0,0.0,8.715297510675002,0.0832091229390579,0.7251922620162216,"physical_damage_per_capita multiplied by JUSTICE welfare_function.calculate_discount_rate; regional time-discounting visibility, not full welfare aggregation",-4144.312094162514,"scalar from welfare_function.calculate_welfare(physical_damage, welfare_loss=True)"
2183,rsas / South Asia,Utilitarian,0.015,1.45,0.0,0.0,0.0,8.76568887339442,0.08197943146705212,0.7186061902579393,"physical_damage_per_capita multiplied by JUSTICE welfare_function.calculate_discount_rate; regional time-discounting visibility, not full welfare aggregation",-4144.312094162514,"scalar from welfare_function.calculate_welfare(physical_damage, welfare_loss=True)"
2184,rsas / South Asia,Utilitarian,0.015,1.45,0.0,0.0,0.0,8.81685801625303,0.08076791277542082,0.7121192192099947,"physical_damage_per_capita multiplied by JUSTICE welfare_function.calculate_discount_rate; regional time-discounting visibility, not full welfare aggregation",-4144.312094162514,"scalar from welfare_function.calculate_welfare(physical_damage, welfare_loss=True)"
2185,rsas / South Asia,Utilitarian,0.015,1.45,0.0,0.0,0.0,8.869107093141714,0.07957429830090723,0.705752973492351,"physical_damage_per_capita multiplied by JUSTICE welfare_function.calculate_discount_rate; regional time-discounting visibility, not full welfare aggregation",-4144.312094162514,"scalar from welfare_function.calculate_welfare(physical_damage, welfare_loss=True)"
2186,rsas / South Asia,Utilitarian,0.015,1.45,0.0,0.0,0.0,8.915321515687081,0.07839832344916968,0.6989462598401774,"physical_damage_per_capita multiplied by JUSTICE welfare_function.calculate_discount_rate; regional time-discounting visibility, not full welfare aggregation",-4144.312094162514,"scalar from welfare_function.calculate_welfare(physical_damage, welfare_loss=True)"
2187,rsas / South Asia,Utilitarian,0.015,1.45,0.0,0.0,0.0,8.965996949055851,0.07723972753612778,0.6925311614348268,"physical_damage_per_capita multiplied by JUSTICE welfare_function.calculate_discount_rate; regional time-discounting visibility, not full welfare aggregation",-4144.312094162514,"scalar from welfare_function.calculate_welfare(physical_damage, welfare_loss=True)"
2188,rsas / South Asia,Utilitarian,0.015,1.45,0.0,0.0,0.0,9.025025612307074,0.07609825373017516,0.6867886889666731,"physical_damage_per_capita multiplied by JUSTICE welfare_function.calculate_discount_rate; regional time-discounting visibility, not full welfare aggregation",-4144.312094162514,"scalar from welfare_function.calculate_welfare(physical_damage, welfare_loss=True)"
2189,rsas / South Asia,Utilitarian,0.015,1.45,0.0,0.0,0.0,9.086079788026792,0.07497364899524647,0.6812165567703242,"physical_damage_per_capita multiplied by JUSTICE welfare_function.calculate_discount_rate; regional time-discounting visibility, not full welfare aggregation",-4144.312094162514,"scalar from welfare_function.calculate_welfare(physical_damage, welfare_loss=True)"
2190,rsas / South Asia,Utilitarian,0.015,1.45,0.0,0.0,0.0,9.142461059063026,0.07386566403472558,0.6753139570393109,"physical_damage_per_capita multiplied by JUSTICE welfare_function.calculate_discount_rate; regional time-discounting visibility, not full welfare aggregation",-4144.312094162514,"scalar from welfare_function.calculate_welfare(physical_damage, welfare_loss=True)"
2191,rsas / South Asia,Utilitarian,0.015,1.45,0.0,0.0,0.0,9.187580640760679,0.07277405323618286,0.6686174826624406,"physical_damage_per_capita multiplied by JUSTICE welfare_function.calculate_discount_rate; regional time-discounting visibility, not full welfare aggregation",-4144.312094162514,"scalar from welfare_function.calculate_welfare(physical_damage, welfare_loss=True)"
2192,rsas / South Asia,Utilitarian,0.015,1.45,0.0,0.0,0.0,9.22422744154569,0.07169857461692893,0.661363959501187,"physical_damage_per_capita multiplied by JUSTICE welfare_function.calculate_discount_rate; regional time-discounting visibility, not full welfare aggregation",-4144.312094162514,"scalar from welfare_function.calculate_welfare(physical_damage, welfare_loss=True)"
2193,rsas / South Asia,Utilitarian,0.015,1.45,0.0,0.0,0.0,9.250056219122833,0.07063898977037333,0.653414626637996,"physical_damage_per_capita multiplied by JUSTICE welfare_function.calculate_discount_rate; regional time-discounting visibility, not full welfare aggregation",-4144.312094162514,"scalar from welfare_function.calculate_welfare(physical_damage, welfare_loss=True)"
2194,rsas / South Asia,Utilitarian,0.015,1.45,0.0,0.0,0.0,9.272298767331952,0.0695950638131757,0.6453062244072977,"physical_damage_per_capita multiplied by JUSTICE welfare_function.calculate_discount_rate; regional time-discounting visibility, not full welfare aggregation",-4144.312094162514,"scalar from welfare_function.calculate_welfare(physical_damage, welfare_loss=True)"
2195,rsas / South Asia,Utilitarian,0.015,1.45,0.0,0.0,0.0,9.295920983224951,0.06856656533317804,0.6373893734283542,"physical_damage_per_capita multiplied by JUSTICE welfare_function.calculate_discount_rate; regional time-discounting visibility, not full welfare aggregation",-4144.312094162514,"scalar from welfare_function.calculate_welfare(physical_damage, welfare_loss=True)"
2196,rsas / South Asia,Utilitarian,0.015,1.45,0.0,0.0,0.0,9.312626556157982,0.06755326633810645,0.6290983420554631,"physical_damage_per_capita multiplied by JUSTICE welfare_function.calculate_discount_rate; regional time-discounting visibility, not full welfare aggregation",-4144.312094162514,"scalar from welfare_function.calculate_welfare(physical_damage, welfare_loss=True)"
2197,rsas / South Asia,Utilitarian,0.015,1.45,0.0,0.0,0.0,9.332355165032247,0.066554942205031,0.6211143586455438,"physical_damage_per_capita multiplied by JUSTICE welfare_function.calculate_discount_rate; regional time-discounting visibility, not full welfare aggregation",-4144.312094162514,"scalar from welfare_function.calculate_welfare(physical_damage, welfare_loss=True)"
2198,rsas / South Asia,Utilitarian,0.015,1.45,0.0,0.0,0.0,9.360002029318517,0.0655713716305724,0.6137481715273564,"physical_damage_per_capita multiplied by JUSTICE welfare_function.calculate_discount_rate; regional time-discounting visibility, not full welfare aggregation",-4144.312094162514,"scalar from welfare_function.calculate_welfare(physical_damage, welfare_loss=True)"
2199,rsas / South Asia,Utilitarian,0.015,1.45,0.0,0.0,0.0,9.396297757856352,0.06460233658184475,0.6070227903762693,"physical_damage_per_capita multiplied by JUSTICE welfare_function.calculate_discount_rate; regional time-discounting visibility, not full welfare aggregation",-4144.312094162514,"scalar from welfare_function.calculate_welfare(physical_damage, welfare_loss=True)"
2200,rsas / South Asia,Utilitarian,0.015,1.45,0.0,0.0,0.0,9.433726016195772,0.06364762224812291,0.6004342298711179,"physical_damage_per_capita multiplied by JUSTICE welfare_function.calculate_discount_rate; regional time-discounting visibility, not full welfare aggregation",-4144.312094162514,"scalar from welfare_function.calculate_welfare(physical_damage, welfare_loss=True)"
2201,rsas / South Asia,Utilitarian,0.015,1.45,0.0,0.0,0.0,9.46609863733745,0.06270701699322455,0.5935908081110591,"physical_damage_per_capita multiplied by JUSTICE welfare_function.calculate_discount_rate; regional time-discounting visibility, not full welfare aggregation",-4144.312094162514,"scalar from welfare_function.calculate_welfare(physical_damage, welfare_loss=True)"
2202,rsas / South Asia,Utilitarian,0.015,1.45,0.0,0.0,0.0,9.486827090201036,0.06178031230859562,0.5860991404502655,"physical_damage_per_capita multiplied by JUSTICE welfare_function.calculate_discount_rate; regional time-discounting visibility, not full welfare aggregation",-4144.312094162514,"scalar from welfare_function.calculate_welfare(physical_damage, welfare_loss=True)"
2203,rsas / South Asia,Utilitarian,0.015,1.45,0.0,0.0,0.0,9.49773823284589,0.06086730276708929,0.5781017086211904,"physical_damage_per_capita multiplied by JUSTICE welfare_function.calculate_discount_rate; regional time-discounting visibility, not full welfare aggregation",-4144.312094162514,"scalar from welfare_function.calculate_welfare(physical_damage, welfare_loss=True)"
2204,rsas / South Asia,Utilitarian,0.015,1.45,0.0,0.0,0.0,9.50457682385628,0.05996778597742788,0.5699684287790345,"physical_damage_per_capita multiplied by JUSTICE welfare_function.calculate_discount_rate; regional time-discounting visibility, not full welfare aggregation",-4144.312094162514,"scalar from welfare_function.calculate_welfare(physical_damage, welfare_loss=True)"
2205,rsas / South Asia,Utilitarian,0.015,1.45,0.0,0.0,0.0,9.512902539895899,0.059081562539337815,0.562037146341485,"physical_damage_per_capita multiplied by JUSTICE welfare_function.calculate_discount_rate; regional time-discounting visibility, not full welfare aggregation",-4144.312094162514,"scalar from welfare_function.calculate_welfare(physical_damage, welfare_loss=True)"
2206,rsas / South Asia,Utilitarian,0.015,1.45,0.0,0.0,0.0,9.522642689654568,0.0582084359993476,0.5542981375454132,"physical_damage_per_capita multiplied by JUSTICE welfare_function.calculate_discount_rate; regional time-discounting visibility, not full welfare aggregation",-4144.312094162514,"scalar from welfare_function.calculate_welfare(physical_damage, welfare_loss=True)"
2207,rsas / South Asia,Utilitarian,0.015,1.45,0.0,0.0,0.0,9.532001542797628,0.05734821280723902,0.546643252955289,"physical_damage_per_capita multiplied by JUSTICE welfare_function.calculate_discount_rate; regional time-discounting visibility, not full welfare aggregation",-4144.312094162514,"scalar from welfare_function.calculate_welfare(physical_damage, welfare_loss=True)"
2208,rsas / South Asia,Utilitarian,0.015,1.45,0.0,0.0,0.0,9.542387460754474,0.056500702273141905,0.5391515928950511,"physical_damage_per_capita multiplied by JUSTICE welfare_function.calculate_discount_rate; regional time-discounting visibility, not full welfare aggregation",-4144.312094162514,"scalar from welfare_function.calculate_welfare(physical_damage, welfare_loss=True)"
2209,rsas / South Asia,Utilitarian,0.015,1.45,0.0,0.0,0.0,9.555351836387706,0.055665716525262955,0.5319055066235089,"physical_damage_per_capita multiplied by JUSTICE welfare_function.calculate_discount_rate; regional time-discounting visibility, not full welfare aggregation",-4144.312094162514,"scalar from welfare_function.calculate_welfare(physical_damage, welfare_loss=True)"
2210,rsas / South Asia,Utilitarian,0.015,1.45,0.0,0.0,0.0,9.574721516070074,0.05484307046823938,0.5251071268195988,"physical_damage_per_capita multiplied by JUSTICE welfare_function.calculate_discount_rate; regional time-discounting visibility, not full welfare aggregation",-4144.312094162514,"scalar from welfare_function.calculate_welfare(physical_damage, welfare_loss=True)"
2211,rsas / South Asia,Utilitarian,0.015,1.45,0.0,0.0,0.0,9.60150419835367,0.05403258174210777,0.5187940604447355,"physical_damage_per_capita multiplied by JUSTICE welfare_function.calculate_discount_rate; regional time-discounting visibility, not full welfare aggregation",-4144.312094162514,"scalar from welfare_function.calculate_welfare(physical_damage, welfare_loss=True)"
2212,rsas / South Asia,Utilitarian,0.015,1.45,0.0,0.0,0.0,9.630495655151618,0.05323407068187958,0.5126704864078755,"physical_damage_per_capita multiplied by JUSTICE welfare_function.calculate_discount_rate; regional time-discounting visibility, not full welfare aggregation",-4144.312094162514,"scalar from welfare_function.calculate_welfare(physical_damage, welfare_loss=True)"
2213,rsas / South Asia,Utilitarian,0.015,1.45,0.0,0.0,0.0,9.655874769953337,0.05244736027771388,0.5064251428562303,"physical_damage_per_capita multiplied by JUSTICE welfare_function.calculate_discount_rate; regional time-discounting visibility, not full welfare aggregation",-4144.312094162514,"scalar from welfare_function.calculate_welfare(physical_damage, welfare_loss=True)"
2214,rsas / South Asia,Utilitarian,0.015,1.45,0.0,0.0,0.0,9.675526564151095,0.0516722761356787,0.49995648038090995,"physical_damage_per_capita multiplied by JUSTICE welfare_function.calculate_discount_rate; regional time-discounting visibility, not full welfare aggregation",-4144.312094162514,"scalar from welfare_function.calculate_welfare(physical_damage, welfare_loss=True)"
2215,rsas / South Asia,Utilitarian,0.015,1.45,0.0,0.0,0.0,9.688932145152846,0.05090864643909232,0.49325042094994254,"physical_damage_per_capita multiplied by JUSTICE welfare_function.calculate_discount_rate; regional time-discounting visibility, not full welfare aggregation",-4144.312094162514,"scalar from welfare_function.calculate_welfare(physical_damage, welfare_loss=True)"
2216,rsas / South Asia,Utilitarian,0.015,1.45,0.0,0.0,0.0,9.69842548836514,0.05015630191043579,0.48643715685030764,"physical_damage_per_capita multiplied by JUSTICE welfare_function.calculate_discount_rate; regional time-discounting visibility, not full welfare aggregation",-4144.312094162514,"scalar from welfare_function.calculate_welfare(physical_damage, welfare_loss=True)"
2217,rsas / South Asia,Utilitarian,0.015,1.45,0.0,0.0,0.0,9.703786305576532,0.049415075773828365,0.47951333558310233,"physical_damage_per_capita multiplied by JUSTICE welfare_function.calculate_discount_rate; regional time-discounting visibility, not full welfare aggregation",-4144.312094162514,"scalar from welfare_function.calculate_welfare(physical_damage, welfare_loss=True)"
2218,rsas / South Asia,Utilitarian,0.015,1.45,0.0,0.0,0.0,9.705709502409867,0.048684803718057515,0.47252056206931004,"physical_damage_per_capita multiplied by JUSTICE welfare_function.calculate_discount_rate; regional time-discounting visibility, not full welfare aggregation",-4144.312094162514,"scalar from welfare_function.calculate_welfare(physical_damage, welfare_loss=True)"
2219,rsas / South Asia,Utilitarian,0.015,1.45,0.0,0.0,0.0,9.710454250467782,0.04796532386015518,0.4657650829529076,"physical_damage_per_capita multiplied by JUSTICE welfare_function.calculate_discount_rate; regional time-discounting visibility, not full welfare aggregation",-4144.312094162514,"scalar from welfare_function.calculate_welfare(physical_damage, welfare_loss=True)"
2220,rsas / South Asia,Utilitarian,0.015,1.45,0.0,0.0,0.0,9.719832690914727,0.0472564767095125,0.45932504717857003,"physical_damage_per_capita multiplied by JUSTICE welfare_function.calculate_discount_rate; regional time-discounting visibility, not full welfare aggregation",-4144.312094162514,"scalar from welfare_function.calculate_welfare(physical_damage, welfare_loss=True)"
2221,rsas / South Asia,Utilitarian,0.015,1.45,0.0,0.0,0.0,9.735736518227517,0.04655810513252464,0.4532774443581961,"physical_damage_per_capita multiplied by JUSTICE welfare_function.calculate_discount_rate; regional time-discounting visibility, not full welfare aggregation",-4144.312094162514,"scalar from welfare_function.calculate_welfare(physical_damage, welfare_loss=True)"
2222,rsas / South Asia,Utilitarian,0.015,1.45,0.0,0.0,0.0,9.760109880318291,0.04587005431775827,0.44769677035748917,"physical_damage_per_capita multiplied by JUSTICE welfare_function.calculate_discount_rate; regional time-discounting visibility, not full welfare aggregation",-4144.312094162514,"scalar from welfare_function.calculate_welfare(physical_damage, welfare_loss=True)"
2223,rsas / South Asia,Utilitarian,0.015,1.45,0.0,0.0,0.0,9.789279791950982,0.045192171741633765,0.44239881358475364,"physical_damage_per_capita multiplied by JUSTICE welfare_function.calculate_discount_rate; regional time-discounting visibility, not full welfare aggregation",-4144.312094162514,"scalar from welfare_function.calculate_welfare(physical_damage, welfare_loss=True)"
2224,rsas / South Asia,Utilitarian,0.015,1.45,0.0,0.0,0.0,9.821282529668668,0.044524307134614555,0.43728579980679194,"physical_damage_per_capita multiplied by JUSTICE welfare_function.calculate_discount_rate; regional time-discounting visibility, not full welfare aggregation",-4144.312094162514,"scalar from welfare_function.calculate_welfare(physical_damage, welfare_loss=True)"
2225,rsas / South Asia,Utilitarian,0.015,1.45,0.0,0.0,0.0,9.847368213402936,0.04386631244789612,0.4319677308386138,"physical_damage_per_capita multiplied by JUSTICE welfare_function.calculate_discount_rate; regional time-discounting visibility, not full welfare aggregation",-4144.312094162514,"scalar from welfare_function.calculate_welfare(physical_damage, welfare_loss=True)"
2226,rsas / South Asia,Utilitarian,0.015,1.45,0.0,0.0,0.0,9.858960683866187,0.04321804182058731,0.4260849751428549,"physical_damage_per_capita multiplied by JUSTICE welfare_function.calculate_discount_rate; regional time-discounting visibility, not full welfare aggregation",-4144.312094162514,"scalar from welfare_function.calculate_welfare(physical_damage, welfare_loss=True)"
2227,rsas / South Asia,Utilitarian,0.015,1.45,0.0,0.0,0.0,9.861831563124857,0.04257935154737666,0.41991039302730837,"physical_damage_per_capita multiplied by JUSTICE welfare_function.calculate_discount_rate; regional time-discounting visibility, not full welfare aggregation",-4144.312094162514,"scalar from welfare_function.calculate_welfare(physical_damage, welfare_loss=True)"
2228,rsas / South Asia,Utilitarian,0.015,1.45,0.0,0.0,0.0,9.860410515096962,0.04195010004667652,0.41364520760961876,"physical_damage_per_capita multiplied by JUSTICE welfare_function.calculate_discount_rate; regional time-discounting visibility, not full welfare aggregation",-4144.312094162514,"scalar from welfare_function.calculate_welfare(physical_damage, welfare_loss=True)"
2229,rsas / South Asia,Utilitarian,0.015,1.45,0.0,0.0,0.0,9.859543138918276,0.041330147829237954,0.40749637546024114,"physical_damage_per_capita multiplied by JUSTICE welfare_function.calculate_discount_rate; regional time-discounting visibility, not full welfare aggregation",-4144.312094162514,"scalar from welfare_function.calculate_welfare(physical_damage, welfare_loss=True)"
2230,rsas / South Asia,Utilitarian,0.015,1.45,0.0,0.0,0.0,9.861644105699785,0.04071935746722952,0.4015598115545865,"physical_damage_per_capita multiplied by JUSTICE welfare_function.calculate_discount_rate; regional time-discounting visibility, not full welfare aggregation",-4144.312094162514,"scalar from welfare_function.calculate_welfare(physical_damage, welfare_loss=True)"
2231,rsas / South Asia,Utilitarian,0.015,1.45,0.0,0.0,0.0,9.868559563768002,0.040117593563772924,0.39590286163912897,"physical_damage_per_capita multiplied by JUSTICE welfare_function.calculate_discount_rate; regional time-discounting visibility, not full welfare aggregation",-4144.312094162514,"scalar from welfare_function.calculate_welfare(physical_damage, welfare_loss=True)"
2232,rsas / South Asia,Utilitarian,0.015,1.45,0.0,0.0,0.0,9.885260481852765,0.03952472272292899,0.39071217958915794,"physical_damage_per_capita multiplied by JUSTICE welfare_function.calculate_discount_rate; regional time-discounting visibility, not full welfare aggregation",-4144.312094162514,"scalar from welfare_function.calculate_welfare(physical_damage, welfare_loss=True)"
2233,rsas / South Asia,Utilitarian,0.015,1.45,0.0,0.0,0.0,9.908102446558052,0.03894061352012709,0.38582758808924283,"physical_damage_per_capita multiplied by JUSTICE welfare_function.calculate_discount_rate; regional time-discounting visibility, not full welfare aggregation",-4144.312094162514,"scalar from welfare_function.calculate_welfare(physical_damage, welfare_loss=True)"
2234,rsas / South Asia,Utilitarian,0.015,1.45,0.0,0.0,0.0,9.928940489235423,0.03836513647303162,0.38092515690212636,"physical_damage_per_capita multiplied by JUSTICE welfare_function.calculate_discount_rate; regional time-discounting visibility, not full welfare aggregation",-4144.312094162514,"scalar from welfare_function.calculate_welfare(physical_damage, welfare_loss=True)"
2235,rsas / South Asia,Utilitarian,0.015,1.45,0.0,0.0,0.0,9.947103179042436,0.03779816401283904,0.3759822374140786,"physical_damage_per_capita multiplied by JUSTICE welfare_function.calculate_discount_rate; regional time-discounting visibility, not full welfare aggregation",-4144.312094162514,"scalar from welfare_function.calculate_welfare(physical_damage, welfare_loss=True)"
2236,rsas / South Asia,Utilitarian,0.015,1.45,0.0,0.0,0.0,9.960763698520566,0.03723957045599906,0.37093456154661436,"physical_damage_per_capita multiplied by JUSTICE welfare_function.calculate_discount_rate; regional time-discounting visibility, not full welfare aggregation",-4144.312094162514,"scalar from welfare_function.calculate_welfare(physical_damage, welfare_loss=True)"
2237,rsas / South Asia,Utilitarian,0.015,1.45,0.0,0.0,0.0,9.967656739763287,0.03668923197635376,0.36570567038584123,"physical_damage_per_capita multiplied by JUSTICE welfare_function.calculate_discount_rate; regional time-discounting visibility, not full welfare aggregation",-4144.312094162514,"scalar from welfare_function.calculate_welfare(physical_damage, welfare_loss=True)"
2238,rsas / South Asia,Utilitarian,0.015,1.45,0.0,0.0,0.0,9.96853983622173,0.03614702657768843,0.36033307440065276,"physical_damage_per_capita multiplied by JUSTICE welfare_function.calculate_discount_rate; regional time-discounting visibility, not full welfare aggregation",-4144.312094162514,"scalar from welfare_function.calculate_welfare(physical_damage, welfare_loss=True)"
2239,rsas / South Asia,Utilitarian,0.015,1.45,0.0,0.0,0.0,9.966617871128694,0.03561283406668811,0.35493950845059447,"physical_damage_per_capita multiplied by JUSTICE welfare_function.calculate_discount_rate; regional time-discounting visibility, not full welfare aggregation",-4144.312094162514,"scalar from welfare_function.calculate_welfare(physical_damage, welfare_loss=True)"
2240,rsas / South Asia,Utilitarian,0.015,1.45,0.0,0.0,0.0,9.96703982894501,0.03508653602629371,0.3497089020337834,"physical_damage_per_capita multiplied by JUSTICE welfare_function.calculate_discount_rate; regional time-discounting visibility, not full welfare aggregation",-4144.312094162514,"scalar from welfare_function.calculate_welfare(physical_damage, welfare_loss=True)"
2241,rsas / South Asia,Utilitarian,0.015,1.45,0.0,0.0,0.0,9.970832203022871,0.034568015789451935,0.34467188502807045,"physical_damage_per_capita multiplied by JUSTICE welfare_function.calculate_discount_rate; regional time-discounting visibility, not full welfare aggregation",-4144.312094162514,"scalar from welfare_function.calculate_welfare(physical_damage, welfare_loss=True)"
2242,rsas / South Asia,Utilitarian,0.015,1.45,0.0,0.0,0.0,9.980029095661402,0.03405715841325314,0.33989143187981585,"physical_damage_per_capita multiplied by JUSTICE welfare_function.calculate_discount_rate; regional time-discounting visibility, not full welfare aggregation",-4144.312094162514,"scalar from welfare_function.calculate_welfare(physical_damage, welfare_loss=True)"
2243,rsas / South Asia,Utilitarian,0.015,1.45,0.0,0.0,0.0,9.998343450502883,0.03355385065345137,0.3354829229200874,"physical_damage_per_capita multiplied by JUSTICE welfare_function.calculate_discount_rate; regional time-discounting visibility, not full welfare aggregation",-4144.312094162514,"scalar from welfare_function.calculate_welfare(physical_damage, welfare_loss=True)"
2244,rsas / South Asia,Utilitarian,0.015,1.45,0.0,0.0,0.0,10.024544759376942,0.033057980939360965,0.3313912095812538,"physical_damage_per_capita multiplied by JUSTICE welfare_function.calculate_discount_rate; regional time-discounting visibility, not full welfare aggregation",-4144.312094162514,"scalar from welfare_function.calculate_welfare(physical_damage, welfare_loss=True)"
2245,rsas / South Asia,Utilitarian,0.015,1.45,0.0,0.0,0.0,10.048510852261035,0.0325694393491241,0.32727436475173116,"physical_damage_per_capita multiplied by JUSTICE welfare_function.calculate_discount_rate; regional time-discounting visibility, not full welfare aggregation",-4144.312094162514,"scalar from welfare_function.calculate_welfare(physical_damage, welfare_loss=True)"
2246,rsas / South Asia,Utilitarian,0.015,1.45,0.0,0.0,0.0,10.064288185145331,0.032088117585343946,0.32294406269773124,"physical_damage_per_capita multiplied by JUSTICE welfare_function.calculate_discount_rate; regional time-discounting visibility, not full welfare aggregation",-4144.312094162514,"scalar from welfare_function.calculate_welfare(physical_damage, welfare_loss=True)"
2247,rsas / South Asia,Utilitarian,0.015,1.45,0.0,0.0,0.0,10.07080768104789,0.03161390895107778,0.31837759709246277,"physical_damage_per_capita multiplied by JUSTICE welfare_function.calculate_discount_rate; regional time-discounting visibility, not full welfare aggregation",-4144.312094162514,"scalar from welfare_function.calculate_welfare(physical_damage, welfare_loss=True)"
2248,rsas / South Asia,Utilitarian,0.015,1.45,0.0,0.0,0.0,10.069030655711835,0.031146708326185015,0.31361716096087194,"physical_damage_per_capita multiplied by JUSTICE welfare_function.calculate_discount_rate; regional time-discounting visibility, not full welfare aggregation",-4144.312094162514,"scalar from welfare_function.calculate_welfare(physical_damage, welfare_loss=True)"
2249,rsas / South Asia,Utilitarian,0.015,1.45,0.0,0.0,0.0,10.065723807609277,0.030686412144024643,0.3088809492882193,"physical_damage_per_capita multiplied by JUSTICE welfare_function.calculate_discount_rate; regional time-discounting visibility, not full welfare aggregation",-4144.312094162514,"scalar from welfare_function.calculate_welfare(physical_damage, welfare_loss=True)"
2250,rsas / South Asia,Utilitarian,0.015,1.45,0.0,0.0,0.0,10.063126302348634,0.030232918368497192,0.3042376760307832,"physical_damage_per_capita multiplied by JUSTICE welfare_function.calculate_discount_rate; regional time-discounting visibility, not full welfare aggregation",-4144.312094162514,"scalar from welfare_function.calculate_welfare(physical_damage, welfare_loss=True)"
2251,rsas / South Asia,Utilitarian,0.015,1.45,0.0,0.0,0.0,10.060474604372398,0.029786126471425808,0.29966256892840376,"physical_damage_per_capita multiplied by JUSTICE welfare_function.calculate_discount_rate; regional time-discounting visibility, not full welfare aggregation",-4144.312094162514,"scalar from welfare_function.calculate_welfare(physical_damage, welfare_loss=True)"
2252,rsas / South Asia,Utilitarian,0.015,1.45,0.0,0.0,0.0,10.059001196044651,0.029345937410271732,0.2951908195089748,"physical_damage_per_capita multiplied by JUSTICE welfare_function.calculate_discount_rate; regional time-discounting visibility, not full welfare aggregation",-4144.312094162514,"scalar from welfare_function.calculate_welfare(physical_damage, welfare_loss=True)"
2253,rsas / South Asia,Utilitarian,0.015,1.45,0.0,0.0,0.0,10.059574374855952,0.02891225360617905,0.2908449654960554,"physical_damage_per_capita multiplied by JUSTICE welfare_function.calculate_discount_rate; regional time-discounting visibility, not full welfare aggregation",-4144.312094162514,"scalar from welfare_function.calculate_welfare(physical_damage, welfare_loss=True)"
2254,rsas / South Asia,Utilitarian,0.015,1.45,0.0,0.0,0.0,10.063770635220378,0.028484978922343897,0.2866662944235559,"physical_damage_per_capita multiplied by JUSTICE welfare_function.calculate_discount_rate; regional time-discounting visibility, not full welfare aggregation",-4144.312094162514,"scalar from welfare_function.calculate_welfare(physical_damage, welfare_loss=True)"
2255,rsas / South Asia,Utilitarian,0.015,1.45,0.0,0.0,0.0,10.074577197641483,0.02806401864270335,0.2827331222919646,"physical_damage_per_capita multiplied by JUSTICE welfare_function.calculate_discount_rate; regional time-discounting visibility, not full welfare aggregation",-4144.312094162514,"scalar from welfare_function.calculate_welfare(physical_damage, welfare_loss=True)"
2256,rsas / South Asia,Utilitarian,0.015,1.45,0.0,0.0,0.0,10.091892475606404,0.027649279450939264,0.27903355524687273,"physical_damage_per_capita multiplied by JUSTICE welfare_function.calculate_discount_rate; regional time-discounting visibility, not full welfare aggregation",-4144.312094162514,"scalar from welfare_function.calculate_welfare(physical_damage, welfare_loss=True)"
2257,rsas / South Asia,Utilitarian,0.015,1.45,0.0,0.0,0.0,10.108694306367457,0.02724066940979238,0.2753675997644064,"physical_damage_per_capita multiplied by JUSTICE welfare_function.calculate_discount_rate; regional time-discounting visibility, not full welfare aggregation",-4144.312094162514,"scalar from welfare_function.calculate_welfare(physical_damage, welfare_loss=True)"
2258,rsas / South Asia,Utilitarian,0.015,1.45,0.0,0.0,0.0,10.12127050804578,0.02683809794068215,0.2716356491790704,"physical_damage_per_capita multiplied by JUSTICE welfare_function.calculate_discount_rate; regional time-discounting visibility, not full welfare aggregation",-4144.312094162514,"scalar from welfare_function.calculate_welfare(physical_damage, welfare_loss=True)"
2259,rsas / South Asia,Utilitarian,0.015,1.45,0.0,0.0,0.0,10.130236109475677,0.026441475803627736,0.2678583929737371,"physical_damage_per_capita multiplied by JUSTICE welfare_function.calculate_discount_rate; regional time-discounting visibility, not full welfare aggregation",-4144.312094162514,"scalar from welfare_function.calculate_welfare(physical_damage, welfare_loss=True)"
2260,rsas / South Asia,Utilitarian,0.015,1.45,0.0,0.0,0.0,10.132880846634535,0.02605071507746575,0.2639687918495862,"physical_damage_per_capita multiplied by JUSTICE welfare_function.calculate_discount_rate; regional time-discounting visibility, not full welfare aggregation",-4144.312094162514,"scalar from welfare_function.calculate_welfare(physical_damage, welfare_loss=True)"
2261,rsas / South Asia,Utilitarian,0.015,1.45,0.0,0.0,0.0,10.130893332602872,0.025665729140360347,0.2600167642244679,"physical_damage_per_capita multiplied by JUSTICE welfare_function.calculate_discount_rate; regional time-discounting visibility, not full welfare aggregation",-4144.312094162514,"scalar from welfare_function.calculate_welfare(physical_damage, welfare_loss=True)"
2262,rsas / South Asia,Utilitarian,0.015,1.45,0.0,0.0,0.0,10.125359068776968,0.02528643265060133,0.2560342101557842,"physical_damage_per_capita multiplied by JUSTICE welfare_function.calculate_discount_rate; regional time-discounting visibility, not full welfare aggregation",-4144.312094162514,"scalar from welfare_function.calculate_welfare(physical_damage, welfare_loss=True)"
2263,rsas / South Asia,Utilitarian,0.015,1.45,0.0,0.0,0.0,10.118003551676974,0.024912741527686043,0.25206720725913784,"physical_damage_per_capita multiplied by JUSTICE welfare_function.calculate_discount_rate; regional time-discounting visibility, not full welfare aggregation",-4144.312094162514,"scalar from welfare_function.calculate_welfare(physical_damage, welfare_loss=True)"
2264,rsas / South Asia,Utilitarian,0.015,1.45,0.0,0.0,0.0,10.114435420145346,0.024544572933680835,0.2482544978527622,"physical_damage_per_capita multiplied by JUSTICE welfare_function.calculate_discount_rate; regional time-discounting visibility, not full welfare aggregation",-4144.312094162514,"scalar from welfare_function.calculate_welfare(physical_damage, welfare_loss=True)"
2265,rsas / South Asia,Utilitarian,0.015,1.45,0.0,0.0,0.0,10.115837855349307,0.024181845254857965,0.24461962564129122,"physical_damage_per_capita multiplied by JUSTICE welfare_function.calculate_discount_rate; regional time-discounting visibility, not full welfare aggregation",-4144.312094162514,"scalar from welfare_function.calculate_welfare(physical_damage, welfare_loss=True)"
2266,rsas / South Asia,Utilitarian,0.015,1.45,0.0,0.0,0.0,10.124019328125431,0.023824478083603908,0.2411994766009067,"physical_damage_per_capita multiplied by JUSTICE welfare_function.calculate_discount_rate; regional time-discounting visibility, not full welfare aggregation",-4144.312094162514,"scalar from welfare_function.calculate_welfare(physical_damage, welfare_loss=True)"
2267,rsas / South Asia,Utilitarian,0.015,1.45,0.0,0.0,0.0,10.141294374756189,0.023472392200594987,0.23804043898596497,"physical_damage_per_capita multiplied by JUSTICE welfare_function.calculate_discount_rate; regional time-discounting visibility, not full welfare aggregation",-4144.312094162514,"scalar from welfare_function.calculate_welfare(physical_damage, welfare_loss=True)"
2268,rsas / South Asia,Utilitarian,0.015,1.45,0.0,0.0,0.0,10.163533900760008,0.02312550955723644,0.2350369003573221,"physical_damage_per_capita multiplied by JUSTICE welfare_function.calculate_discount_rate; regional time-discounting visibility, not full welfare aggregation",-4144.312094162514,"scalar from welfare_function.calculate_welfare(physical_damage, welfare_loss=True)"
2269,rsas / South Asia,Utilitarian,0.015,1.45,0.0,0.0,0.0,10.186382053106984,0.022783753258361027,0.23208401529338654,"physical_damage_per_capita multiplied by JUSTICE welfare_function.calculate_discount_rate; regional time-discounting visibility, not full welfare aggregation",-4144.312094162514,"scalar from welfare_function.calculate_welfare(physical_damage, welfare_loss=True)"
2270,rsas / South Asia,Utilitarian,0.015,1.45,0.0,0.0,0.0,10.199507938956112,0.02244704754518328,0.22894883964322219,"physical_damage_per_capita multiplied by JUSTICE welfare_function.calculate_discount_rate; regional time-discounting visibility, not full welfare aggregation",-4144.312094162514,"scalar from welfare_function.calculate_welfare(physical_damage, welfare_loss=True)"
2271,rsas / South Asia,Utilitarian,0.015,1.45,0.0,0.0,0.0,10.199108912032429,0.0221153177785057,0.2255565346471867,"physical_damage_per_capita multiplied by JUSTICE welfare_function.calculate_discount_rate; regional time-discounting visibility, not full welfare aggregation",-4144.312094162514,"scalar from welfare_function.calculate_welfare(physical_damage, welfare_loss=True)"
2272,rsas / South Asia,Utilitarian,0.015,1.45,0.0,0.0,0.0,10.192150524159844,0.021788490422173103,0.22207157407700334,"physical_damage_per_capita multiplied by JUSTICE welfare_function.calculate_discount_rate; regional time-discounting visibility, not full welfare aggregation",-4144.312094162514,"scalar from welfare_function.calculate_welfare(physical_damage, welfare_loss=True)"
2273,rsas / South Asia,Utilitarian,0.015,1.45,0.0,0.0,0.0,10.182976216089589,0.021466493026771533,0.21859278793446751,"physical_damage_per_capita multiplied by JUSTICE welfare_function.calculate_discount_rate; regional time-discounting visibility, not full welfare aggregation",-4144.312094162514,"scalar from welfare_function.calculate_welfare(physical_damage, welfare_loss=True)"
2274,rsas / South Asia,Utilitarian,0.015,1.45,0.0,0.0,0.0,10.174672189921047,0.021149254213568017,0.21518672868436103,"physical_damage_per_capita multiplied by JUSTICE welfare_function.calculate_discount_rate; regional time-discounting visibility, not full welfare aggregation",-4144.312094162514,"scalar from welfare_function.calculate_welfare(physical_damage, welfare_loss=True)"
2275,rsas / South Asia,Utilitarian,0.015,1.45,0.0,0.0,0.0,10.169560676092747,0.020836703658687703,0.21190012214678833,"physical_damage_per_capita multiplied by JUSTICE welfare_function.calculate_discount_rate; regional time-discounting visibility, not full welfare aggregation",-4144.312094162514,"scalar from welfare_function.calculate_welfare(physical_damage, welfare_loss=True)"
2276,rsas / South Asia,Utilitarian,0.015,1.45,0.0,0.0,0.0,10.172386675356254,0.02052877207752483,0.2088266075428391,"physical_damage_per_capita multiplied by JUSTICE welfare_function.calculate_discount_rate; regional time-discounting visibility, not full welfare aggregation",-4144.312094162514,"scalar from welfare_function.calculate_welfare(physical_damage, welfare_loss=True)"
2277,rsas / South Asia,Utilitarian,0.015,1.45,0.0,0.0,0.0,10.184323757073466,0.02022539120938407,0.20598193218983504,"physical_damage_per_capita multiplied by JUSTICE welfare_function.calculate_discount_rate; regional time-discounting visibility, not full welfare aggregation",-4144.312094162514,"scalar from welfare_function.calculate_welfare(physical_damage, welfare_loss=True)"
2278,rsas / South Asia,Utilitarian,0.015,1.45,0.0,0.0,0.0,10.200802782558258,0.01992649380234884,0.2032662334256299,"physical_damage_per_capita multiplied by JUSTICE welfare_function.calculate_discount_rate; regional time-discounting visibility, not full welfare aggregation",-4144.312094162514,"scalar from welfare_function.calculate_welfare(physical_damage, welfare_loss=True)"
2279,rsas / South Asia,Utilitarian,0.015,1.45,0.0,0.0,0.0,10.214040674192887,0.019632013598373244,0.20052218541009217,"physical_damage_per_capita multiplied by JUSTICE welfare_function.calculate_discount_rate; regional time-discounting visibility, not full welfare aggregation",-4144.312094162514,"scalar from welfare_function.calculate_welfare(physical_damage, welfare_loss=True)"
2280,rsas / South Asia,Utilitarian,0.015,1.45,0.0,0.0,0.0,10.221056449488586,0.01934188531859433,0.19769450168088717,"physical_damage_per_capita multiplied by JUSTICE welfare_function.calculate_discount_rate; regional time-discounting visibility, not full welfare aggregation",-4144.312094162514,"scalar from welfare_function.calculate_welfare(physical_damage, welfare_loss=True)"
2281,rsas / South Asia,Utilitarian,0.015,1.45,0.0,0.0,0.0,10.222498508316622,0.019056044648861414,0.19480038799740076,"physical_damage_per_capita multiplied by JUSTICE welfare_function.calculate_discount_rate; regional time-discounting visibility, not full welfare aggregation",-4144.312094162514,"scalar from welfare_function.calculate_welfare(physical_damage, welfare_loss=True)"
2282,rsas / South Asia,Utilitarian,0.015,1.45,0.0,0.0,0.0,10.216993495094354,0.018774428225479225,0.19181821105383706,"physical_damage_per_capita multiplied by JUSTICE welfare_function.calculate_discount_rate; regional time-discounting visibility, not full welfare aggregation",-4144.312094162514,"scalar from welfare_function.calculate_welfare(physical_damage, welfare_loss=True)"
2283,rsas / South Asia,Utilitarian,0.015,1.45,0.0,0.0,0.0,10.208096494734917,0.018496973621161802,0.18881889158538603,"physical_damage_per_capita multiplied by JUSTICE welfare_function.calculate_discount_rate; regional time-discounting visibility, not full welfare aggregation",-4144.312094162514,"scalar from welfare_function.calculate_welfare(physical_damage, welfare_loss=True)"
2284,rsas / South Asia,Utilitarian,0.015,1.45,0.0,0.0,0.0,10.201598467897124,0.018223619331193895,0.18591004704864805,"physical_damage_per_capita multiplied by JUSTICE welfare_function.calculate_discount_rate; regional time-discounting visibility, not full welfare aggregation",-4144.312094162514,"scalar from welfare_function.calculate_welfare(physical_damage, welfare_loss=True)"
2285,rsas / South Asia,Utilitarian,0.015,1.45,0.0,0.0,0.0,10.198279125639377,0.01795430475979694,0.18310301144720487,"physical_damage_per_capita multiplied by JUSTICE welfare_function.calculate_discount_rate; regional time-discounting visibility, not full welfare aggregation",-4144.312094162514,"scalar from welfare_function.calculate_welfare(physical_damage, welfare_loss=True)"
2286,rsas / South Asia,Utilitarian,0.015,1.45,0.0,0.0,0.0,10.199792392634754,0.017688970206696495,0.18042382374780572,"physical_damage_per_capita multiplied by JUSTICE welfare_function.calculate_discount_rate; regional time-discounting visibility, not full welfare aggregation",-4144.312094162514,"scalar from welfare_function.calculate_welfare(physical_damage, welfare_loss=True)"
2287,rsas / South Asia,Utilitarian,0.015,1.45,0.0,0.0,0.0,10.210466926148401,0.017427556853888176,0.1779434928601961,"physical_damage_per_capita multiplied by JUSTICE welfare_function.calculate_discount_rate; regional time-discounting visibility, not full welfare aggregation",-4144.312094162514,"scalar from welfare_function.calculate_welfare(physical_damage, welfare_loss=True)"
2288,rsas / South Asia,Utilitarian,0.015,1.45,0.0,0.0,0.0,10.22990227549236,0.01717000675259919,0.17564749114863365,"physical_damage_per_capita multiplied by JUSTICE welfare_function.calculate_discount_rate; regional time-discounting visibility, not full welfare aggregation",-4144.312094162514,"scalar from welfare_function.calculate_welfare(physical_damage, welfare_loss=True)"
2289,rsas / South Asia,Utilitarian,0.015,1.45,0.0,0.0,0.0,10.249542287645552,0.01691626281044255,0.17338395102455673,"physical_damage_per_capita multiplied by JUSTICE welfare_function.calculate_discount_rate; regional time-discounting visibility, not full welfare aggregation",-4144.312094162514,"scalar from welfare_function.calculate_welfare(physical_damage, welfare_loss=True)"
2290,rsas / South Asia,Utilitarian,0.015,1.45,0.0,0.0,0.0,10.262343170130311,0.016666268778761137,0.1710349695732754,"physical_damage_per_capita multiplied by JUSTICE welfare_function.calculate_discount_rate; regional time-discounting visibility, not full welfare aggregation",-4144.312094162514,"scalar from welfare_function.calculate_welfare(physical_damage, welfare_loss=True)"
2291,rsas / South Asia,Utilitarian,0.015,1.45,0.0,0.0,0.0,10.262157270889293,0.016419969240158757,0.16850430672567374,"physical_damage_per_capita multiplied by JUSTICE welfare_function.calculate_discount_rate; regional time-discounting visibility, not full welfare aggregation",-4144.312094162514,"scalar from welfare_function.calculate_welfare(physical_damage, welfare_loss=True)"
2292,rsas / South Asia,Utilitarian,0.015,1.45,0.0,0.0,0.0,10.254121177882238,0.016177309596215526,0.1658840929317112,"physical_damage_per_capita multiplied by JUSTICE welfare_function.calculate_discount_rate; regional time-discounting visibility, not full welfare aggregation",-4144.312094162514,"scalar from welfare_function.calculate_welfare(physical_damage, welfare_loss=True)"
2293,rsas / South Asia,Utilitarian,0.015,1.45,0.0,0.0,0.0,10.246048052003465,0.015938236055384757,0.16330393248764638,"physical_damage_per_capita multiplied by JUSTICE welfare_function.calculate_discount_rate; regional time-discounting visibility, not full welfare aggregation",-4144.312094162514,"scalar from welfare_function.calculate_welfare(physical_damage, welfare_loss=True)"
2294,rsas / South Asia,Utilitarian,0.015,1.45,0.0,0.0,0.0,10.23616858282322,0.015702695621068727,0.16073543958201944,"physical_damage_per_capita multiplied by JUSTICE welfare_function.calculate_discount_rate; regional time-discounting visibility, not full welfare aggregation",-4144.312094162514,"scalar from welfare_function.calculate_welfare(physical_damage, welfare_loss=True)"
2295,rsas / South Asia,Utilitarian,0.015,1.45,0.0,0.0,0.0,10.226943850861634,0.01547063607987067,0.1582173265259515,"physical_damage_per_capita multiplied by JUSTICE welfare_function.calculate_discount_rate; regional time-discounting visibility, not full welfare aggregation",-4144.312094162514,"scalar from welfare_function.calculate_welfare(physical_damage, welfare_loss=True)"
2296,rsas / South Asia,Utilitarian,0.015,1.45,0.0,0.0,0.0,10.222750111408176,0.015242005990020364,0.15581521843256477,"physical_damage_per_capita multiplied by JUSTICE welfare_function.calculate_discount_rate; regional time-discounting visibility, not full welfare aggregation",-4144.312094162514,"scalar from welfare_function.calculate_welfare(physical_damage, welfare_loss=True)"
2297,rsas / South Asia,Utilitarian,0.015,1.45,0.0,0.0,0.0,10.228680576407507,0.015016754669970803,0.15360158681340708,"physical_damage_per_capita multiplied by JUSTICE welfare_function.calculate_discount_rate; regional time-discounting visibility, not full welfare aggregation",-4144.312094162514,"scalar from welfare_function.calculate_welfare(physical_damage, welfare_loss=True)"
2298,rsas / South Asia,Utilitarian,0.015,1.45,0.0,0.0,0.0,10.243300800366733,0.014794832187163355,0.1515479163840619,"physical_damage_per_capita multiplied by JUSTICE welfare_function.calculate_discount_rate; regional time-discounting visibility, not full welfare aggregation",-4144.312094162514,"scalar from welfare_function.calculate_welfare(physical_damage, welfare_loss=True)"
2299,rsas / South Asia,Utilitarian,0.015,1.45,0.0,0.0,0.0,10.261840221777026,0.01457618934695897,0.14957852612086137,"physical_damage_per_capita multiplied by JUSTICE welfare_function.calculate_discount_rate; regional time-discounting visibility, not full welfare aggregation",-4144.312094162514,"scalar from welfare_function.calculate_welfare(physical_damage, welfare_loss=True)"
2300,rsas / South Asia,Utilitarian,0.015,1.45,0.0,0.0,0.0,10.277302140712735,0.014360777681732979,0.147590051210774,"physical_damage_per_capita multiplied by JUSTICE welfare_function.calculate_discount_rate; regional time-discounting visibility, not full welfare aggregation",-4144.312094162514,"scalar from welfare_function.calculate_welfare(physical_damage, welfare_loss=True)"
2015,rjan57 / Japan & Pacific,Prioritarian,0.0,1.45,2.0,0.0,0.0,0.0,1.0,0.0,"physical_damage_per_capita multiplied by JUSTICE welfare_function.calculate_discount_rate; regional time-discounting visibility, not full welfare aggregation",-31116.502585877628,"scalar from welfare_function.calculate_welfare(physical_damage, welfare_loss=True)"
2016,rjan57 / Japan & Pacific,Prioritarian,0.0,1.45,2.0,0.0,0.0,0.0,1.0,0.0,"physical_damage_per_capita multiplied by JUSTICE welfare_function.calculate_discount_rate; regional time-discounting visibility, not full welfare aggregation",-31116.502585877628,"scalar from welfare_function.calculate_welfare(physical_damage, welfare_loss=True)"
2017,rjan57 / Japan & Pacific,Prioritarian,0.0,1.45,2.0,0.0,0.0,0.0,1.0,0.0,"physical_damage_per_capita multiplied by JUSTICE welfare_function.calculate_discount_rate; regional time-discounting visibility, not full welfare aggregation",-31116.502585877628,"scalar from welfare_function.calculate_welfare(physical_damage, welfare_loss=True)"
2018,rjan57 / Japan & Pacific,Prioritarian,0.0,1.45,2.0,0.0,0.0,2.4841198845578845e-06,1.0,2.4841198845578845e-06,"physical_damage_per_capita multiplied by JUSTICE welfare_function.calculate_discount_rate; regional time-discounting visibility, not full welfare aggregation",-31116.502585877628,"scalar from welfare_function.calculate_welfare(physical_damage, welfare_loss=True)"
2019,rjan57 / Japan & Pacific,Prioritarian,0.0,1.45,2.0,0.0,0.0,0.005055126702544355,1.0,0.005055126702544355,"physical_damage_per_capita multiplied by JUSTICE welfare_function.calculate_discount_rate; regional time-discounting visibility, not full welfare aggregation",-31116.502585877628,"scalar from welfare_function.calculate_welfare(physical_damage, welfare_loss=True)"
2020,rjan57 / Japan & Pacific,Prioritarian,0.0,1.45,2.0,0.0,0.0,0.00980680815737475,1.0,0.00980680815737475,"physical_damage_per_capita multiplied by JUSTICE welfare_function.calculate_discount_rate; regional time-discounting visibility, not full welfare aggregation",-31116.502585877628,"scalar from welfare_function.calculate_welfare(physical_damage, welfare_loss=True)"
2021,rjan57 / Japan & Pacific,Prioritarian,0.0,1.45,2.0,0.0,0.0,0.014847610099758693,1.0,0.014847610099758693,"physical_damage_per_capita multiplied by JUSTICE welfare_function.calculate_discount_rate; regional time-discounting visibility, not full welfare aggregation",-31116.502585877628,"scalar from welfare_function.calculate_welfare(physical_damage, welfare_loss=True)"
2022,rjan57 / Japan & Pacific,Prioritarian,0.0,1.45,2.0,0.0,0.0,0.020107533429988167,1.0,0.020107533429988167,"physical_damage_per_capita multiplied by JUSTICE welfare_function.calculate_discount_rate; regional time-discounting visibility, not full welfare aggregation",-31116.502585877628,"scalar from welfare_function.calculate_welfare(physical_damage, welfare_loss=True)"
2023,rjan57 / Japan & Pacific,Prioritarian,0.0,1.45,2.0,0.0,0.0,0.02601362385867434,1.0,0.02601362385867434,"physical_damage_per_capita multiplied by JUSTICE welfare_function.calculate_discount_rate; regional time-discounting visibility, not full welfare aggregation",-31116.502585877628,"scalar from welfare_function.calculate_welfare(physical_damage, welfare_loss=True)"
2024,rjan57 / Japan & Pacific,Prioritarian,0.0,1.45,2.0,0.0,0.0,0.032244292236692514,1.0,0.032244292236692514,"physical_damage_per_capita multiplied by JUSTICE welfare_function.calculate_discount_rate; regional time-discounting visibility, not full welfare aggregation",-31116.502585877628,"scalar from welfare_function.calculate_welfare(physical_damage, welfare_loss=True)"
2025,rjan57 / Japan & Pacific,Prioritarian,0.0,1.45,2.0,0.0,0.0,0.038526291263178886,1.0,0.038526291263178886,"physical_damage_per_capita multiplied by JUSTICE welfare_function.calculate_discount_rate; regional time-discounting visibility, not full welfare aggregation",-31116.502585877628,"scalar from welfare_function.calculate_welfare(physical_damage, welfare_loss=True)"
2026,rjan57 / Japan & Pacific,Prioritarian,0.0,1.45,2.0,0.0,0.0,0.04578906675338585,1.0,0.04578906675338585,"physical_damage_per_capita multiplied by JUSTICE welfare_function.calculate_discount_rate; regional time-discounting visibility, not full welfare aggregation",-31116.502585877628,"scalar from welfare_function.calculate_welfare(physical_damage, welfare_loss=True)"
2027,rjan57 / Japan & Pacific,Prioritarian,0.0,1.45,2.0,0.0,0.0,0.05280136317632034,1.0,0.05280136317632034,"physical_damage_per_capita multiplied by JUSTICE welfare_function.calculate_discount_rate; regional time-discounting visibility, not full welfare aggregation",-31116.502585877628,"scalar from welfare_function.calculate_welfare(physical_damage, welfare_loss=True)"
2028,rjan57 / Japan & Pacific,Prioritarian,0.0,1.45,2.0,0.0,0.0,0.059527012217515315,1.0,0.059527012217515315,"physical_damage_per_capita multiplied by JUSTICE welfare_function.calculate_discount_rate; regional time-discounting visibility, not full welfare aggregation",-31116.502585877628,"scalar from welfare_function.calculate_welfare(physical_damage, welfare_loss=True)"
2029,rjan57 / Japan & Pacific,Prioritarian,0.0,1.45,2.0,0.0,0.0,0.06621408540331111,1.0,0.06621408540331111,"physical_damage_per_capita multiplied by JUSTICE welfare_function.calculate_discount_rate; regional time-discounting visibility, not full welfare aggregation",-31116.502585877628,"scalar from welfare_function.calculate_welfare(physical_damage, welfare_loss=True)"
2030,rjan57 / Japan & Pacific,Prioritarian,0.0,1.45,2.0,0.0,0.0,0.0732772128733809,1.0,0.0732772128733809,"physical_damage_per_capita multiplied by JUSTICE welfare_function.calculate_discount_rate; regional time-discounting visibility, not full welfare aggregation",-31116.502585877628,"scalar from welfare_function.calculate_welfare(physical_damage, welfare_loss=True)"
2031,rjan57 / Japan & Pacific,Prioritarian,0.0,1.45,2.0,0.0,0.0,0.08178027146952453,1.0,0.08178027146952453,"physical_damage_per_capita multiplied by JUSTICE welfare_function.calculate_discount_rate; regional time-discounting visibility, not full welfare aggregation",-31116.502585877628,"scalar from welfare_function.calculate_welfare(physical_damage, welfare_loss=True)"
2032,rjan57 / Japan & Pacific,Prioritarian,0.0,1.45,2.0,0.0,0.0,0.09086193089181462,1.0,0.09086193089181462,"physical_damage_per_capita multiplied by JUSTICE welfare_function.calculate_discount_rate; regional time-discounting visibility, not full welfare aggregation",-31116.502585877628,"scalar from welfare_function.calculate_welfare(physical_damage, welfare_loss=True)"
2033,rjan57 / Japan & Pacific,Prioritarian,0.0,1.45,2.0,0.0,0.0,0.10063940619576447,1.0,0.10063940619576447,"physical_damage_per_capita multiplied by JUSTICE welfare_function.calculate_discount_rate; regional time-discounting visibility, not full welfare aggregation",-31116.502585877628,"scalar from welfare_function.calculate_welfare(physical_damage, welfare_loss=True)"
2034,rjan57 / Japan & Pacific,Prioritarian,0.0,1.45,2.0,0.0,0.0,0.11155133617397249,1.0,0.11155133617397249,"physical_damage_per_capita multiplied by JUSTICE welfare_function.calculate_discount_rate; regional time-discounting visibility, not full welfare aggregation",-31116.502585877628,"scalar from welfare_function.calculate_welfare(physical_damage, welfare_loss=True)"
2035,rjan57 / Japan & Pacific,Prioritarian,0.0,1.45,2.0,0.0,0.0,0.12404514269610331,1.0,0.12404514269610331,"physical_damage_per_capita multiplied by JUSTICE welfare_function.calculate_discount_rate; regional time-discounting visibility, not full welfare aggregation",-31116.502585877628,"scalar from welfare_function.calculate_welfare(physical_damage, welfare_loss=True)"
2036,rjan57 / Japan & Pacific,Prioritarian,0.0,1.45,2.0,0.0,0.0,0.13795793200293888,1.0,0.13795793200293888,"physical_damage_per_capita multiplied by JUSTICE welfare_function.calculate_discount_rate; regional time-discounting visibility, not full welfare aggregation",-31116.502585877628,"scalar from welfare_function.calculate_welfare(physical_damage, welfare_loss=True)"
2037,rjan57 / Japan & Pacific,Prioritarian,0.0,1.45,2.0,0.0,0.0,0.1529471170210593,1.0,0.1529471170210593,"physical_damage_per_capita multiplied by JUSTICE welfare_function.calculate_discount_rate; regional time-discounting visibility, not full welfare aggregation",-31116.502585877628,"scalar from welfare_function.calculate_welfare(physical_damage, welfare_loss=True)"
2038,rjan57 / Japan & Pacific,Prioritarian,0.0,1.45,2.0,0.0,0.0,0.1684283818415932,1.0,0.1684283818415932,"physical_damage_per_capita multiplied by JUSTICE welfare_function.calculate_discount_rate; regional time-discounting visibility, not full welfare aggregation",-31116.502585877628,"scalar from welfare_function.calculate_welfare(physical_damage, welfare_loss=True)"
2039,rjan57 / Japan & Pacific,Prioritarian,0.0,1.45,2.0,0.0,0.0,0.18411249134669613,1.0,0.18411249134669613,"physical_damage_per_capita multiplied by JUSTICE welfare_function.calculate_discount_rate; regional time-discounting visibility, not full welfare aggregation",-31116.502585877628,"scalar from welfare_function.calculate_welfare(physical_damage, welfare_loss=True)"
2040,rjan57 / Japan & Pacific,Prioritarian,0.0,1.45,2.0,0.0,0.0,0.1999039185623636,1.0,0.1999039185623636,"physical_damage_per_capita multiplied by JUSTICE welfare_function.calculate_discount_rate; regional time-discounting visibility, not full welfare aggregation",-31116.502585877628,"scalar from welfare_function.calculate_welfare(physical_damage, welfare_loss=True)"
2041,rjan57 / Japan & Pacific,Prioritarian,0.0,1.45,2.0,0.0,0.0,0.21514777646988187,1.0,0.21514777646988187,"physical_damage_per_capita multiplied by JUSTICE welfare_function.calculate_discount_rate; regional time-discounting visibility, not full welfare aggregation",-31116.502585877628,"scalar from welfare_function.calculate_welfare(physical_damage, welfare_loss=True)"
2042,rjan57 / Japan & Pacific,Prioritarian,0.0,1.45,2.0,0.0,0.0,0.23019025458899411,1.0,0.23019025458899411,"physical_damage_per_capita multiplied by JUSTICE welfare_function.calculate_discount_rate; regional time-discounting visibility, not full welfare aggregation",-31116.502585877628,"scalar from welfare_function.calculate_welfare(physical_damage, welfare_loss=True)"
2043,rjan57 / Japan & Pacific,Prioritarian,0.0,1.45,2.0,0.0,0.0,0.24548760774498718,1.0,0.24548760774498718,"physical_damage_per_capita multiplied by JUSTICE welfare_function.calculate_discount_rate; regional time-discounting visibility, not full welfare aggregation",-31116.502585877628,"scalar from welfare_function.calculate_welfare(physical_damage, welfare_loss=True)"
2044,rjan57 / Japan & Pacific,Prioritarian,0.0,1.45,2.0,0.0,0.0,0.26174059330738414,1.0,0.26174059330738414,"physical_damage_per_capita multiplied by JUSTICE welfare_function.calculate_discount_rate; regional time-discounting visibility, not full welfare aggregation",-31116.502585877628,"scalar from welfare_function.calculate_welfare(physical_damage, welfare_loss=True)"
2045,rjan57 / Japan & Pacific,Prioritarian,0.0,1.45,2.0,0.0,0.0,0.27944053504344885,1.0,0.27944053504344885,"physical_damage_per_capita multiplied by JUSTICE welfare_function.calculate_discount_rate; regional time-discounting visibility, not full welfare aggregation",-31116.502585877628,"scalar from welfare_function.calculate_welfare(physical_damage, welfare_loss=True)"
2046,rjan57 / Japan & Pacific,Prioritarian,0.0,1.45,2.0,0.0,0.0,0.2981379587252719,1.0,0.2981379587252719,"physical_damage_per_capita multiplied by JUSTICE welfare_function.calculate_discount_rate; regional time-discounting visibility, not full welfare aggregation",-31116.502585877628,"scalar from welfare_function.calculate_welfare(physical_damage, welfare_loss=True)"
2047,rjan57 / Japan & Pacific,Prioritarian,0.0,1.45,2.0,0.0,0.0,0.3189764691171085,1.0,0.3189764691171085,"physical_damage_per_capita multiplied by JUSTICE welfare_function.calculate_discount_rate; regional time-discounting visibility, not full welfare aggregation",-31116.502585877628,"scalar from welfare_function.calculate_welfare(physical_damage, welfare_loss=True)"
2048,rjan57 / Japan & Pacific,Prioritarian,0.0,1.45,2.0,0.0,0.0,0.3417300587866634,1.0,0.3417300587866634,"physical_damage_per_capita multiplied by JUSTICE welfare_function.calculate_discount_rate; regional time-discounting visibility, not full welfare aggregation",-31116.502585877628,"scalar from welfare_function.calculate_welfare(physical_damage, welfare_loss=True)"
2049,rjan57 / Japan & Pacific,Prioritarian,0.0,1.45,2.0,0.0,0.0,0.3656244893315095,1.0,0.3656244893315095,"physical_damage_per_capita multiplied by JUSTICE welfare_function.calculate_discount_rate; regional time-discounting visibility, not full welfare aggregation",-31116.502585877628,"scalar from welfare_function.calculate_welfare(physical_damage, welfare_loss=True)"
2050,rjan57 / Japan & Pacific,Prioritarian,0.0,1.45,2.0,0.0,0.0,0.3898194390864622,1.0,0.3898194390864622,"physical_damage_per_capita multiplied by JUSTICE welfare_function.calculate_discount_rate; regional time-discounting visibility, not full welfare aggregation",-31116.502585877628,"scalar from welfare_function.calculate_welfare(physical_damage, welfare_loss=True)"
2051,rjan57 / Japan & Pacific,Prioritarian,0.0,1.45,2.0,0.0,0.0,0.4128191497035321,1.0,0.4128191497035321,"physical_damage_per_capita multiplied by JUSTICE welfare_function.calculate_discount_rate; regional time-discounting visibility, not full welfare aggregation",-31116.502585877628,"scalar from welfare_function.calculate_welfare(physical_damage, welfare_loss=True)"
2052,rjan57 / Japan & Pacific,Prioritarian,0.0,1.45,2.0,0.0,0.0,0.4342013387172012,1.0,0.4342013387172012,"physical_damage_per_capita multiplied by JUSTICE welfare_function.calculate_discount_rate; regional time-discounting visibility, not full welfare aggregation",-31116.502585877628,"scalar from welfare_function.calculate_welfare(physical_damage, welfare_loss=True)"
2053,rjan57 / Japan & Pacific,Prioritarian,0.0,1.45,2.0,0.0,0.0,0.4552135757060953,1.0,0.4552135757060953,"physical_damage_per_capita multiplied by JUSTICE welfare_function.calculate_discount_rate; regional time-discounting visibility, not full welfare aggregation",-31116.502585877628,"scalar from welfare_function.calculate_welfare(physical_damage, welfare_loss=True)"
2054,rjan57 / Japan & Pacific,Prioritarian,0.0,1.45,2.0,0.0,0.0,0.47673723453773986,1.0,0.47673723453773986,"physical_damage_per_capita multiplied by JUSTICE welfare_function.calculate_discount_rate; regional time-discounting visibility, not full welfare aggregation",-31116.502585877628,"scalar from welfare_function.calculate_welfare(physical_damage, welfare_loss=True)"
2055,rjan57 / Japan & Pacific,Prioritarian,0.0,1.45,2.0,0.0,0.0,0.4989266435424133,1.0,0.4989266435424133,"physical_damage_per_capita multiplied by JUSTICE welfare_function.calculate_discount_rate; regional time-discounting visibility, not full welfare aggregation",-31116.502585877628,"scalar from welfare_function.calculate_welfare(physical_damage, welfare_loss=True)"
2056,rjan57 / Japan & Pacific,Prioritarian,0.0,1.45,2.0,0.0,0.0,0.5227353526848816,1.0,0.5227353526848816,"physical_damage_per_capita multiplied by JUSTICE welfare_function.calculate_discount_rate; regional time-discounting visibility, not full welfare aggregation",-31116.502585877628,"scalar from welfare_function.calculate_welfare(physical_damage, welfare_loss=True)"
2057,rjan57 / Japan & Pacific,Prioritarian,0.0,1.45,2.0,0.0,0.0,0.5487718253851048,1.0,0.5487718253851048,"physical_damage_per_capita multiplied by JUSTICE welfare_function.calculate_discount_rate; regional time-discounting visibility, not full welfare aggregation",-31116.502585877628,"scalar from welfare_function.calculate_welfare(physical_damage, welfare_loss=True)"
2058,rjan57 / Japan & Pacific,Prioritarian,0.0,1.45,2.0,0.0,0.0,0.5771791693609036,1.0,0.5771791693609036,"physical_damage_per_capita multiplied by JUSTICE welfare_function.calculate_discount_rate; regional time-discounting visibility, not full welfare aggregation",-31116.502585877628,"scalar from welfare_function.calculate_welfare(physical_damage, welfare_loss=True)"
2059,rjan57 / Japan & Pacific,Prioritarian,0.0,1.45,2.0,0.0,0.0,0.6063042861561057,1.0,0.6063042861561057,"physical_damage_per_capita multiplied by JUSTICE welfare_function.calculate_discount_rate; regional time-discounting visibility, not full welfare aggregation",-31116.502585877628,"scalar from welfare_function.calculate_welfare(physical_damage, welfare_loss=True)"
2060,rjan57 / Japan & Pacific,Prioritarian,0.0,1.45,2.0,0.0,0.0,0.6351700636611485,1.0,0.6351700636611485,"physical_damage_per_capita multiplied by JUSTICE welfare_function.calculate_discount_rate; regional time-discounting visibility, not full welfare aggregation",-31116.502585877628,"scalar from welfare_function.calculate_welfare(physical_damage, welfare_loss=True)"
2061,rjan57 / Japan & Pacific,Prioritarian,0.0,1.45,2.0,0.0,0.0,0.6646438368228301,1.0,0.6646438368228301,"physical_damage_per_capita multiplied by JUSTICE welfare_function.calculate_discount_rate; regional time-discounting visibility, not full welfare aggregation",-31116.502585877628,"scalar from welfare_function.calculate_welfare(physical_damage, welfare_loss=True)"
2062,rjan57 / Japan & Pacific,Prioritarian,0.0,1.45,2.0,0.0,0.0,0.6935163798372004,1.0,0.6935163798372004,"physical_damage_per_capita multiplied by JUSTICE welfare_function.calculate_discount_rate; regional time-discounting visibility, not full welfare aggregation",-31116.502585877628,"scalar from welfare_function.calculate_welfare(physical_damage, welfare_loss=True)"
2063,rjan57 / Japan & Pacific,Prioritarian,0.0,1.45,2.0,0.0,0.0,0.7213043551905431,1.0,0.7213043551905431,"physical_damage_per_capita multiplied by JUSTICE welfare_function.calculate_discount_rate; regional time-discounting visibility, not full welfare aggregation",-31116.502585877628,"scalar from welfare_function.calculate_welfare(physical_damage, welfare_loss=True)"
2064,rjan57 / Japan & Pacific,Prioritarian,0.0,1.45,2.0,0.0,0.0,0.7490498339719973,1.0,0.7490498339719973,"physical_damage_per_capita multiplied by JUSTICE welfare_function.calculate_discount_rate; regional time-discounting visibility, not full welfare aggregation",-31116.502585877628,"scalar from welfare_function.calculate_welfare(physical_damage, welfare_loss=True)"
2065,rjan57 / Japan & Pacific,Prioritarian,0.0,1.45,2.0,0.0,0.0,0.7776986286339804,1.0,0.7776986286339804,"physical_damage_per_capita multiplied by JUSTICE welfare_function.calculate_discount_rate; regional time-discounting visibility, not full welfare aggregation",-31116.502585877628,"scalar from welfare_function.calculate_welfare(physical_damage, welfare_loss=True)"
2066,rjan57 / Japan & Pacific,Prioritarian,0.0,1.45,2.0,0.0,0.0,0.8079769780164131,1.0,0.8079769780164131,"physical_damage_per_capita multiplied by JUSTICE welfare_function.calculate_discount_rate; regional time-discounting visibility, not full welfare aggregation",-31116.502585877628,"scalar from welfare_function.calculate_welfare(physical_damage, welfare_loss=True)"
2067,rjan57 / Japan & Pacific,Prioritarian,0.0,1.45,2.0,0.0,0.0,0.839823742181374,1.0,0.839823742181374,"physical_damage_per_capita multiplied by JUSTICE welfare_function.calculate_discount_rate; regional time-discounting visibility, not full welfare aggregation",-31116.502585877628,"scalar from welfare_function.calculate_welfare(physical_damage, welfare_loss=True)"
2068,rjan57 / Japan & Pacific,Prioritarian,0.0,1.45,2.0,0.0,0.0,0.8744040923059835,1.0,0.8744040923059835,"physical_damage_per_capita multiplied by JUSTICE welfare_function.calculate_discount_rate; regional time-discounting visibility, not full welfare aggregation",-31116.502585877628,"scalar from welfare_function.calculate_welfare(physical_damage, welfare_loss=True)"
2069,rjan57 / Japan & Pacific,Prioritarian,0.0,1.45,2.0,0.0,0.0,0.9118722295618725,1.0,0.9118722295618725,"physical_damage_per_capita multiplied by JUSTICE welfare_function.calculate_discount_rate; regional time-discounting visibility, not full welfare aggregation",-31116.502585877628,"scalar from welfare_function.calculate_welfare(physical_damage, welfare_loss=True)"
2070,rjan57 / Japan & Pacific,Prioritarian,0.0,1.45,2.0,0.0,0.0,0.950492650130911,1.0,0.950492650130911,"physical_damage_per_capita multiplied by JUSTICE welfare_function.calculate_discount_rate; regional time-discounting visibility, not full welfare aggregation",-31116.502585877628,"scalar from welfare_function.calculate_welfare(physical_damage, welfare_loss=True)"
2071,rjan57 / Japan & Pacific,Prioritarian,0.0,1.45,2.0,0.0,0.0,0.9888566821772592,1.0,0.9888566821772592,"physical_damage_per_capita multiplied by JUSTICE welfare_function.calculate_discount_rate; regional time-discounting visibility, not full welfare aggregation",-31116.502585877628,"scalar from welfare_function.calculate_welfare(physical_damage, welfare_loss=True)"
2072,rjan57 / Japan & Pacific,Prioritarian,0.0,1.45,2.0,0.0,0.0,1.0255686870456506,1.0,1.0255686870456506,"physical_damage_per_capita multiplied by JUSTICE welfare_function.calculate_discount_rate; regional time-discounting visibility, not full welfare aggregation",-31116.502585877628,"scalar from welfare_function.calculate_welfare(physical_damage, welfare_loss=True)"
2073,rjan57 / Japan & Pacific,Prioritarian,0.0,1.45,2.0,0.0,0.0,1.0608442036246066,1.0,1.0608442036246066,"physical_damage_per_capita multiplied by JUSTICE welfare_function.calculate_discount_rate; regional time-discounting visibility, not full welfare aggregation",-31116.502585877628,"scalar from welfare_function.calculate_welfare(physical_damage, welfare_loss=True)"
2074,rjan57 / Japan & Pacific,Prioritarian,0.0,1.45,2.0,0.0,0.0,1.0960014195921814,1.0,1.0960014195921814,"physical_damage_per_capita multiplied by JUSTICE welfare_function.calculate_discount_rate; regional time-discounting visibility, not full welfare aggregation",-31116.502585877628,"scalar from welfare_function.calculate_welfare(physical_damage, welfare_loss=True)"
2075,rjan57 / Japan & Pacific,Prioritarian,0.0,1.45,2.0,0.0,0.0,1.132268302167857,1.0,1.132268302167857,"physical_damage_per_capita multiplied by JUSTICE welfare_function.calculate_discount_rate; regional time-discounting visibility, not full welfare aggregation",-31116.502585877628,"scalar from welfare_function.calculate_welfare(physical_damage, welfare_loss=True)"
2076,rjan57 / Japan & Pacific,Prioritarian,0.0,1.45,2.0,0.0,0.0,1.169703293157838,1.0,1.169703293157838,"physical_damage_per_capita multiplied by JUSTICE welfare_function.calculate_discount_rate; regional time-discounting visibility, not full welfare aggregation",-31116.502585877628,"scalar from welfare_function.calculate_welfare(physical_damage, welfare_loss=True)"
2077,rjan57 / Japan & Pacific,Prioritarian,0.0,1.45,2.0,0.0,0.0,1.2079159467207912,1.0,1.2079159467207912,"physical_damage_per_capita multiplied by JUSTICE welfare_function.calculate_discount_rate; regional time-discounting visibility, not full welfare aggregation",-31116.502585877628,"scalar from welfare_function.calculate_welfare(physical_damage, welfare_loss=True)"
2078,rjan57 / Japan & Pacific,Prioritarian,0.0,1.45,2.0,0.0,0.0,1.2472335237971515,1.0,1.2472335237971515,"physical_damage_per_capita multiplied by JUSTICE welfare_function.calculate_discount_rate; regional time-discounting visibility, not full welfare aggregation",-31116.502585877628,"scalar from welfare_function.calculate_welfare(physical_damage, welfare_loss=True)"
2079,rjan57 / Japan & Pacific,Prioritarian,0.0,1.45,2.0,0.0,0.0,1.2881569621356586,1.0,1.2881569621356586,"physical_damage_per_capita multiplied by JUSTICE welfare_function.calculate_discount_rate; regional time-discounting visibility, not full welfare aggregation",-31116.502585877628,"scalar from welfare_function.calculate_welfare(physical_damage, welfare_loss=True)"
2080,rjan57 / Japan & Pacific,Prioritarian,0.0,1.45,2.0,0.0,0.0,1.3317995296931568,1.0,1.3317995296931568,"physical_damage_per_capita multiplied by JUSTICE welfare_function.calculate_discount_rate; regional time-discounting visibility, not full welfare aggregation",-31116.502585877628,"scalar from welfare_function.calculate_welfare(physical_damage, welfare_loss=True)"
2081,rjan57 / Japan & Pacific,Prioritarian,0.0,1.45,2.0,0.0,0.0,1.3782549484483952,1.0,1.3782549484483952,"physical_damage_per_capita multiplied by JUSTICE welfare_function.calculate_discount_rate; regional time-discounting visibility, not full welfare aggregation",-31116.502585877628,"scalar from welfare_function.calculate_welfare(physical_damage, welfare_loss=True)"
2082,rjan57 / Japan & Pacific,Prioritarian,0.0,1.45,2.0,0.0,0.0,1.426255184023508,1.0,1.426255184023508,"physical_damage_per_capita multiplied by JUSTICE welfare_function.calculate_discount_rate; regional time-discounting visibility, not full welfare aggregation",-31116.502585877628,"scalar from welfare_function.calculate_welfare(physical_damage, welfare_loss=True)"
2083,rjan57 / Japan & Pacific,Prioritarian,0.0,1.45,2.0,0.0,0.0,1.4742440351283386,1.0,1.4742440351283386,"physical_damage_per_capita multiplied by JUSTICE welfare_function.calculate_discount_rate; regional time-discounting visibility, not full welfare aggregation",-31116.502585877628,"scalar from welfare_function.calculate_welfare(physical_damage, welfare_loss=True)"
2084,rjan57 / Japan & Pacific,Prioritarian,0.0,1.45,2.0,0.0,0.0,1.5216195445636795,1.0,1.5216195445636795,"physical_damage_per_capita multiplied by JUSTICE welfare_function.calculate_discount_rate; regional time-discounting visibility, not full welfare aggregation",-31116.502585877628,"scalar from welfare_function.calculate_welfare(physical_damage, welfare_loss=True)"
2085,rjan57 / Japan & Pacific,Prioritarian,0.0,1.45,2.0,0.0,0.0,1.5679768293893162,1.0,1.5679768293893162,"physical_damage_per_capita multiplied by JUSTICE welfare_function.calculate_discount_rate; regional time-discounting visibility, not full welfare aggregation",-31116.502585877628,"scalar from welfare_function.calculate_welfare(physical_damage, welfare_loss=True)"
2086,rjan57 / Japan & Pacific,Prioritarian,0.0,1.45,2.0,0.0,0.0,1.6141488906809993,1.0,1.6141488906809993,"physical_damage_per_capita multiplied by JUSTICE welfare_function.calculate_discount_rate; regional time-discounting visibility, not full welfare aggregation",-31116.502585877628,"scalar from welfare_function.calculate_welfare(physical_damage, welfare_loss=True)"
2087,rjan57 / Japan & Pacific,Prioritarian,0.0,1.45,2.0,0.0,0.0,1.6598849341812956,1.0,1.6598849341812956,"physical_damage_per_capita multiplied by JUSTICE welfare_function.calculate_discount_rate; regional time-discounting visibility, not full welfare aggregation",-31116.502585877628,"scalar from welfare_function.calculate_welfare(physical_damage, welfare_loss=True)"
2088,rjan57 / Japan & Pacific,Prioritarian,0.0,1.45,2.0,0.0,0.0,1.705270785114548,1.0,1.705270785114548,"physical_damage_per_capita multiplied by JUSTICE welfare_function.calculate_discount_rate; regional time-discounting visibility, not full welfare aggregation",-31116.502585877628,"scalar from welfare_function.calculate_welfare(physical_damage, welfare_loss=True)"
2089,rjan57 / Japan & Pacific,Prioritarian,0.0,1.45,2.0,0.0,0.0,1.752420604571699,1.0,1.752420604571699,"physical_damage_per_capita multiplied by JUSTICE welfare_function.calculate_discount_rate; regional time-discounting visibility, not full welfare aggregation",-31116.502585877628,"scalar from welfare_function.calculate_welfare(physical_damage, welfare_loss=True)"
2090,rjan57 / Japan & Pacific,Prioritarian,0.0,1.45,2.0,0.0,0.0,1.8019673914995622,1.0,1.8019673914995622,"physical_damage_per_capita multiplied by JUSTICE welfare_function.calculate_discount_rate; regional time-discounting visibility, not full welfare aggregation",-31116.502585877628,"scalar from welfare_function.calculate_welfare(physical_damage, welfare_loss=True)"
2091,rjan57 / Japan & Pacific,Prioritarian,0.0,1.45,2.0,0.0,0.0,1.8549448252000864,1.0,1.8549448252000864,"physical_damage_per_capita multiplied by JUSTICE welfare_function.calculate_discount_rate; regional time-discounting visibility, not full welfare aggregation",-31116.502585877628,"scalar from welfare_function.calculate_welfare(physical_damage, welfare_loss=True)"
2092,rjan57 / Japan & Pacific,Prioritarian,0.0,1.45,2.0,0.0,0.0,1.9121661693857575,1.0,1.9121661693857575,"physical_damage_per_capita multiplied by JUSTICE welfare_function.calculate_discount_rate; regional time-discounting visibility, not full welfare aggregation",-31116.502585877628,"scalar from welfare_function.calculate_welfare(physical_damage, welfare_loss=True)"
2093,rjan57 / Japan & Pacific,Prioritarian,0.0,1.45,2.0,0.0,0.0,1.9724949182260416,1.0,1.9724949182260416,"physical_damage_per_capita multiplied by JUSTICE welfare_function.calculate_discount_rate; regional time-discounting visibility, not full welfare aggregation",-31116.502585877628,"scalar from welfare_function.calculate_welfare(physical_damage, welfare_loss=True)"
2094,rjan57 / Japan & Pacific,Prioritarian,0.0,1.45,2.0,0.0,0.0,2.034188732540283,1.0,2.034188732540283,"physical_damage_per_capita multiplied by JUSTICE welfare_function.calculate_discount_rate; regional time-discounting visibility, not full welfare aggregation",-31116.502585877628,"scalar from welfare_function.calculate_welfare(physical_damage, welfare_loss=True)"
2095,rjan57 / Japan & Pacific,Prioritarian,0.0,1.45,2.0,0.0,0.0,2.094426332874928,1.0,2.094426332874928,"physical_damage_per_capita multiplied by JUSTICE welfare_function.calculate_discount_rate; regional time-discounting visibility, not full welfare aggregation",-31116.502585877628,"scalar from welfare_function.calculate_welfare(physical_damage, welfare_loss=True)"
2096,rjan57 / Japan & Pacific,Prioritarian,0.0,1.45,2.0,0.0,0.0,2.1504050124023104,1.0,2.1504050124023104,"physical_damage_per_capita multiplied by JUSTICE welfare_function.calculate_discount_rate; regional time-discounting visibility, not full welfare aggregation",-31116.502585877628,"scalar from welfare_function.calculate_welfare(physical_damage, welfare_loss=True)"
2097,rjan57 / Japan & Pacific,Prioritarian,0.0,1.45,2.0,0.0,0.0,2.20383143225076,1.0,2.20383143225076,"physical_damage_per_capita multiplied by JUSTICE welfare_function.calculate_discount_rate; regional time-discounting visibility, not full welfare aggregation",-31116.502585877628,"scalar from welfare_function.calculate_welfare(physical_damage, welfare_loss=True)"
2098,rjan57 / Japan & Pacific,Prioritarian,0.0,1.45,2.0,0.0,0.0,2.2566048555306053,1.0,2.2566048555306053,"physical_damage_per_capita multiplied by JUSTICE welfare_function.calculate_discount_rate; regional time-discounting visibility, not full welfare aggregation",-31116.502585877628,"scalar from welfare_function.calculate_welfare(physical_damage, welfare_loss=True)"
2099,rjan57 / Japan & Pacific,Prioritarian,0.0,1.45,2.0,0.0,0.0,2.310339298275043,1.0,2.310339298275043,"physical_damage_per_capita multiplied by JUSTICE welfare_function.calculate_discount_rate; regional time-discounting visibility, not full welfare aggregation",-31116.502585877628,"scalar from welfare_function.calculate_welfare(physical_damage, welfare_loss=True)"
2100,rjan57 / Japan & Pacific,Prioritarian,0.0,1.45,2.0,0.0,0.0,2.3661685730832893,1.0,2.3661685730832893,"physical_damage_per_capita multiplied by JUSTICE welfare_function.calculate_discount_rate; regional time-discounting visibility, not full welfare aggregation",-31116.502585877628,"scalar from welfare_function.calculate_welfare(physical_damage, welfare_loss=True)"
2101,rjan57 / Japan & Pacific,Prioritarian,0.0,1.45,2.0,0.0,0.0,2.425057154953746,1.0,2.425057154953746,"physical_damage_per_capita multiplied by JUSTICE welfare_function.calculate_discount_rate; regional time-discounting visibility, not full welfare aggregation",-31116.502585877628,"scalar from welfare_function.calculate_welfare(physical_damage, welfare_loss=True)"
2102,rjan57 / Japan & Pacific,Prioritarian,0.0,1.45,2.0,0.0,0.0,2.4886965768733886,1.0,2.4886965768733886,"physical_damage_per_capita multiplied by JUSTICE welfare_function.calculate_discount_rate; regional time-discounting visibility, not full welfare aggregation",-31116.502585877628,"scalar from welfare_function.calculate_welfare(physical_damage, welfare_loss=True)"
2103,rjan57 / Japan & Pacific,Prioritarian,0.0,1.45,2.0,0.0,0.0,2.5569794873169753,1.0,2.5569794873169753,"physical_damage_per_capita multiplied by JUSTICE welfare_function.calculate_discount_rate; regional time-discounting visibility, not full welfare aggregation",-31116.502585877628,"scalar from welfare_function.calculate_welfare(physical_damage, welfare_loss=True)"
2104,rjan57 / Japan & Pacific,Prioritarian,0.0,1.45,2.0,0.0,0.0,2.6248416423532523,1.0,2.6248416423532523,"physical_damage_per_capita multiplied by JUSTICE welfare_function.calculate_discount_rate; regional time-discounting visibility, not full welfare aggregation",-31116.502585877628,"scalar from welfare_function.calculate_welfare(physical_damage, welfare_loss=True)"
2105,rjan57 / Japan & Pacific,Prioritarian,0.0,1.45,2.0,0.0,0.0,2.6901114199967977,1.0,2.6901114199967977,"physical_damage_per_capita multiplied by JUSTICE welfare_function.calculate_discount_rate; regional time-discounting visibility, not full welfare aggregation",-31116.502585877628,"scalar from welfare_function.calculate_welfare(physical_damage, welfare_loss=True)"
2106,rjan57 / Japan & Pacific,Prioritarian,0.0,1.45,2.0,0.0,0.0,2.753416365532912,1.0,2.753416365532912,"physical_damage_per_capita multiplied by JUSTICE welfare_function.calculate_discount_rate; regional time-discounting visibility, not full welfare aggregation",-31116.502585877628,"scalar from welfare_function.calculate_welfare(physical_damage, welfare_loss=True)"
2107,rjan57 / Japan & Pacific,Prioritarian,0.0,1.45,2.0,0.0,0.0,2.8141955593954378,1.0,2.8141955593954378,"physical_damage_per_capita multiplied by JUSTICE welfare_function.calculate_discount_rate; regional time-discounting visibility, not full welfare aggregation",-31116.502585877628,"scalar from welfare_function.calculate_welfare(physical_damage, welfare_loss=True)"
2108,rjan57 / Japan & Pacific,Prioritarian,0.0,1.45,2.0,0.0,0.0,2.8738848816745097,1.0,2.8738848816745097,"physical_damage_per_capita multiplied by JUSTICE welfare_function.calculate_discount_rate; regional time-discounting visibility, not full welfare aggregation",-31116.502585877628,"scalar from welfare_function.calculate_welfare(physical_damage, welfare_loss=True)"
2109,rjan57 / Japan & Pacific,Prioritarian,0.0,1.45,2.0,0.0,0.0,2.9346138701251143,1.0,2.9346138701251143,"physical_damage_per_capita multiplied by JUSTICE welfare_function.calculate_discount_rate; regional time-discounting visibility, not full welfare aggregation",-31116.502585877628,"scalar from welfare_function.calculate_welfare(physical_damage, welfare_loss=True)"
2110,rjan57 / Japan & Pacific,Prioritarian,0.0,1.45,2.0,0.0,0.0,2.997399758077373,1.0,2.997399758077373,"physical_damage_per_capita multiplied by JUSTICE welfare_function.calculate_discount_rate; regional time-discounting visibility, not full welfare aggregation",-31116.502585877628,"scalar from welfare_function.calculate_welfare(physical_damage, welfare_loss=True)"
2111,rjan57 / Japan & Pacific,Prioritarian,0.0,1.45,2.0,0.0,0.0,3.0628541378885554,1.0,3.0628541378885554,"physical_damage_per_capita multiplied by JUSTICE welfare_function.calculate_discount_rate; regional time-discounting visibility, not full welfare aggregation",-31116.502585877628,"scalar from welfare_function.calculate_welfare(physical_damage, welfare_loss=True)"
2112,rjan57 / Japan & Pacific,Prioritarian,0.0,1.45,2.0,0.0,0.0,3.13281849322644,1.0,3.13281849322644,"physical_damage_per_capita multiplied by JUSTICE welfare_function.calculate_discount_rate; regional time-discounting visibility, not full welfare aggregation",-31116.502585877628,"scalar from welfare_function.calculate_welfare(physical_damage, welfare_loss=True)"
2113,rjan57 / Japan & Pacific,Prioritarian,0.0,1.45,2.0,0.0,0.0,3.2099614418029065,1.0,3.2099614418029065,"physical_damage_per_capita multiplied by JUSTICE welfare_function.calculate_discount_rate; regional time-discounting visibility, not full welfare aggregation",-31116.502585877628,"scalar from welfare_function.calculate_welfare(physical_damage, welfare_loss=True)"
2114,rjan57 / Japan & Pacific,Prioritarian,0.0,1.45,2.0,0.0,0.0,3.28921945078025,1.0,3.28921945078025,"physical_damage_per_capita multiplied by JUSTICE welfare_function.calculate_discount_rate; regional time-discounting visibility, not full welfare aggregation",-31116.502585877628,"scalar from welfare_function.calculate_welfare(physical_damage, welfare_loss=True)"
2115,rjan57 / Japan & Pacific,Prioritarian,0.0,1.45,2.0,0.0,0.0,3.3650482222753215,1.0,3.3650482222753215,"physical_damage_per_capita multiplied by JUSTICE welfare_function.calculate_discount_rate; regional time-discounting visibility, not full welfare aggregation",-31116.502585877628,"scalar from welfare_function.calculate_welfare(physical_damage, welfare_loss=True)"
2116,rjan57 / Japan & Pacific,Prioritarian,0.0,1.45,2.0,0.0,0.0,3.435591717854263,1.0,3.435591717854263,"physical_damage_per_capita multiplied by JUSTICE welfare_function.calculate_discount_rate; regional time-discounting visibility, not full welfare aggregation",-31116.502585877628,"scalar from welfare_function.calculate_welfare(physical_damage, welfare_loss=True)"
2117,rjan57 / Japan & Pacific,Prioritarian,0.0,1.45,2.0,0.0,0.0,3.503232174526705,1.0,3.503232174526705,"physical_damage_per_capita multiplied by JUSTICE welfare_function.calculate_discount_rate; regional time-discounting visibility, not full welfare aggregation",-31116.502585877628,"scalar from welfare_function.calculate_welfare(physical_damage, welfare_loss=True)"
2118,rjan57 / Japan & Pacific,Prioritarian,0.0,1.45,2.0,0.0,0.0,3.5703382363404925,1.0,3.5703382363404925,"physical_damage_per_capita multiplied by JUSTICE welfare_function.calculate_discount_rate; regional time-discounting visibility, not full welfare aggregation",-31116.502585877628,"scalar from welfare_function.calculate_welfare(physical_damage, welfare_loss=True)"
2119,rjan57 / Japan & Pacific,Prioritarian,0.0,1.45,2.0,0.0,0.0,3.636992593377092,1.0,3.636992593377092,"physical_damage_per_capita multiplied by JUSTICE welfare_function.calculate_discount_rate; regional time-discounting visibility, not full welfare aggregation",-31116.502585877628,"scalar from welfare_function.calculate_welfare(physical_damage, welfare_loss=True)"
2120,rjan57 / Japan & Pacific,Prioritarian,0.0,1.45,2.0,0.0,0.0,3.7053813992623588,1.0,3.7053813992623588,"physical_damage_per_capita multiplied by JUSTICE welfare_function.calculate_discount_rate; regional time-discounting visibility, not full welfare aggregation",-31116.502585877628,"scalar from welfare_function.calculate_welfare(physical_damage, welfare_loss=True)"
2121,rjan57 / Japan & Pacific,Prioritarian,0.0,1.45,2.0,0.0,0.0,3.7753191013205774,1.0,3.7753191013205774,"physical_damage_per_capita multiplied by JUSTICE welfare_function.calculate_discount_rate; regional time-discounting visibility, not full welfare aggregation",-31116.502585877628,"scalar from welfare_function.calculate_welfare(physical_damage, welfare_loss=True)"
2122,rjan57 / Japan & Pacific,Prioritarian,0.0,1.45,2.0,0.0,0.0,3.8504086557524198,1.0,3.8504086557524198,"physical_damage_per_capita multiplied by JUSTICE welfare_function.calculate_discount_rate; regional time-discounting visibility, not full welfare aggregation",-31116.502585877628,"scalar from welfare_function.calculate_welfare(physical_damage, welfare_loss=True)"
2123,rjan57 / Japan & Pacific,Prioritarian,0.0,1.45,2.0,0.0,0.0,3.9327156183865264,1.0,3.9327156183865264,"physical_damage_per_capita multiplied by JUSTICE welfare_function.calculate_discount_rate; regional time-discounting visibility, not full welfare aggregation",-31116.502585877628,"scalar from welfare_function.calculate_welfare(physical_damage, welfare_loss=True)"
2124,rjan57 / Japan & Pacific,Prioritarian,0.0,1.45,2.0,0.0,0.0,4.021055993276892,1.0,4.021055993276892,"physical_damage_per_capita multiplied by JUSTICE welfare_function.calculate_discount_rate; regional time-discounting visibility, not full welfare aggregation",-31116.502585877628,"scalar from welfare_function.calculate_welfare(physical_damage, welfare_loss=True)"
2125,rjan57 / Japan & Pacific,Prioritarian,0.0,1.45,2.0,0.0,0.0,4.106169797521071,1.0,4.106169797521071,"physical_damage_per_capita multiplied by JUSTICE welfare_function.calculate_discount_rate; regional time-discounting visibility, not full welfare aggregation",-31116.502585877628,"scalar from welfare_function.calculate_welfare(physical_damage, welfare_loss=True)"
2126,rjan57 / Japan & Pacific,Prioritarian,0.0,1.45,2.0,0.0,0.0,4.184630585366022,1.0,4.184630585366022,"physical_damage_per_capita multiplied by JUSTICE welfare_function.calculate_discount_rate; regional time-discounting visibility, not full welfare aggregation",-31116.502585877628,"scalar from welfare_function.calculate_welfare(physical_damage, welfare_loss=True)"
2127,rjan57 / Japan & Pacific,Prioritarian,0.0,1.45,2.0,0.0,0.0,4.2599916552225645,1.0,4.2599916552225645,"physical_damage_per_capita multiplied by JUSTICE welfare_function.calculate_discount_rate; regional time-discounting visibility, not full welfare aggregation",-31116.502585877628,"scalar from welfare_function.calculate_welfare(physical_damage, welfare_loss=True)"
2128,rjan57 / Japan & Pacific,Prioritarian,0.0,1.45,2.0,0.0,0.0,4.330292509523327,1.0,4.330292509523327,"physical_damage_per_capita multiplied by JUSTICE welfare_function.calculate_discount_rate; regional time-discounting visibility, not full welfare aggregation",-31116.502585877628,"scalar from welfare_function.calculate_welfare(physical_damage, welfare_loss=True)"
2129,rjan57 / Japan & Pacific,Prioritarian,0.0,1.45,2.0,0.0,0.0,4.4003078847533015,1.0,4.4003078847533015,"physical_damage_per_capita multiplied by JUSTICE welfare_function.calculate_discount_rate; regional time-discounting visibility, not full welfare aggregation",-31116.502585877628,"scalar from welfare_function.calculate_welfare(physical_damage, welfare_loss=True)"
2130,rjan57 / Japan & Pacific,Prioritarian,0.0,1.45,2.0,0.0,0.0,4.472528274898177,1.0,4.472528274898177,"physical_damage_per_capita multiplied by JUSTICE welfare_function.calculate_discount_rate; regional time-discounting visibility, not full welfare aggregation",-31116.502585877628,"scalar from welfare_function.calculate_welfare(physical_damage, welfare_loss=True)"
2131,rjan57 / Japan & Pacific,Prioritarian,0.0,1.45,2.0,0.0,0.0,4.546347749160597,1.0,4.546347749160597,"physical_damage_per_capita multiplied by JUSTICE welfare_function.calculate_discount_rate; regional time-discounting visibility, not full welfare aggregation",-31116.502585877628,"scalar from welfare_function.calculate_welfare(physical_damage, welfare_loss=True)"
2132,rjan57 / Japan & Pacific,Prioritarian,0.0,1.45,2.0,0.0,0.0,4.626403633977806,1.0,4.626403633977806,"physical_damage_per_capita multiplied by JUSTICE welfare_function.calculate_discount_rate; regional time-discounting visibility, not full welfare aggregation",-31116.502585877628,"scalar from welfare_function.calculate_welfare(physical_damage, welfare_loss=True)"
2133,rjan57 / Japan & Pacific,Prioritarian,0.0,1.45,2.0,0.0,0.0,4.71749592153387,1.0,4.71749592153387,"physical_damage_per_capita multiplied by JUSTICE welfare_function.calculate_discount_rate; regional time-discounting visibility, not full welfare aggregation",-31116.502585877628,"scalar from welfare_function.calculate_welfare(physical_damage, welfare_loss=True)"
2134,rjan57 / Japan & Pacific,Prioritarian,0.0,1.45,2.0,0.0,0.0,4.813004855516701,1.0,4.813004855516701,"physical_damage_per_capita multiplied by JUSTICE welfare_function.calculate_discount_rate; regional time-discounting visibility, not full welfare aggregation",-31116.502585877628,"scalar from welfare_function.calculate_welfare(physical_damage, welfare_loss=True)"
2135,rjan57 / Japan & Pacific,Prioritarian,0.0,1.45,2.0,0.0,0.0,4.904567875840534,1.0,4.904567875840534,"physical_damage_per_capita multiplied by JUSTICE welfare_function.calculate_discount_rate; regional time-discounting visibility, not full welfare aggregation",-31116.502585877628,"scalar from welfare_function.calculate_welfare(physical_damage, welfare_loss=True)"
2136,rjan57 / Japan & Pacific,Prioritarian,0.0,1.45,2.0,0.0,0.0,4.9886569517270845,1.0,4.9886569517270845,"physical_damage_per_capita multiplied by JUSTICE welfare_function.calculate_discount_rate; regional time-discounting visibility, not full welfare aggregation",-31116.502585877628,"scalar from welfare_function.calculate_welfare(physical_damage, welfare_loss=True)"
2137,rjan57 / Japan & Pacific,Prioritarian,0.0,1.45,2.0,0.0,0.0,5.065053203579455,1.0,5.065053203579455,"physical_damage_per_capita multiplied by JUSTICE welfare_function.calculate_discount_rate; regional time-discounting visibility, not full welfare aggregation",-31116.502585877628,"scalar from welfare_function.calculate_welfare(physical_damage, welfare_loss=True)"
2138,rjan57 / Japan & Pacific,Prioritarian,0.0,1.45,2.0,0.0,0.0,5.135648158865552,1.0,5.135648158865552,"physical_damage_per_capita multiplied by JUSTICE welfare_function.calculate_discount_rate; regional time-discounting visibility, not full welfare aggregation",-31116.502585877628,"scalar from welfare_function.calculate_welfare(physical_damage, welfare_loss=True)"
2139,rjan57 / Japan & Pacific,Prioritarian,0.0,1.45,2.0,0.0,0.0,5.206153010780819,1.0,5.206153010780819,"physical_damage_per_capita multiplied by JUSTICE welfare_function.calculate_discount_rate; regional time-discounting visibility, not full welfare aggregation",-31116.502585877628,"scalar from welfare_function.calculate_welfare(physical_damage, welfare_loss=True)"
2140,rjan57 / Japan & Pacific,Prioritarian,0.0,1.45,2.0,0.0,0.0,5.280224799160658,1.0,5.280224799160658,"physical_damage_per_capita multiplied by JUSTICE welfare_function.calculate_discount_rate; regional time-discounting visibility, not full welfare aggregation",-31116.502585877628,"scalar from welfare_function.calculate_welfare(physical_damage, welfare_loss=True)"
2141,rjan57 / Japan & Pacific,Prioritarian,0.0,1.45,2.0,0.0,0.0,5.354388530610784,1.0,5.354388530610784,"physical_damage_per_capita multiplied by JUSTICE welfare_function.calculate_discount_rate; regional time-discounting visibility, not full welfare aggregation",-31116.502585877628,"scalar from welfare_function.calculate_welfare(physical_damage, welfare_loss=True)"
2142,rjan57 / Japan & Pacific,Prioritarian,0.0,1.45,2.0,0.0,0.0,5.43167418260184,1.0,5.43167418260184,"physical_damage_per_capita multiplied by JUSTICE welfare_function.calculate_discount_rate; regional time-discounting visibility, not full welfare aggregation",-31116.502585877628,"scalar from welfare_function.calculate_welfare(physical_damage, welfare_loss=True)"
2143,rjan57 / Japan & Pacific,Prioritarian,0.0,1.45,2.0,0.0,0.0,5.514874376744741,1.0,5.514874376744741,"physical_damage_per_capita multiplied by JUSTICE welfare_function.calculate_discount_rate; regional time-discounting visibility, not full welfare aggregation",-31116.502585877628,"scalar from welfare_function.calculate_welfare(physical_damage, welfare_loss=True)"
2144,rjan57 / Japan & Pacific,Prioritarian,0.0,1.45,2.0,0.0,0.0,5.604467901789238,1.0,5.604467901789238,"physical_damage_per_capita multiplied by JUSTICE welfare_function.calculate_discount_rate; regional time-discounting visibility, not full welfare aggregation",-31116.502585877628,"scalar from welfare_function.calculate_welfare(physical_damage, welfare_loss=True)"
2145,rjan57 / Japan & Pacific,Prioritarian,0.0,1.45,2.0,0.0,0.0,5.694588800903803,1.0,5.694588800903803,"physical_damage_per_capita multiplied by JUSTICE welfare_function.calculate_discount_rate; regional time-discounting visibility, not full welfare aggregation",-31116.502585877628,"scalar from welfare_function.calculate_welfare(physical_damage, welfare_loss=True)"
2146,rjan57 / Japan & Pacific,Prioritarian,0.0,1.45,2.0,0.0,0.0,5.779520029099372,1.0,5.779520029099372,"physical_damage_per_capita multiplied by JUSTICE welfare_function.calculate_discount_rate; regional time-discounting visibility, not full welfare aggregation",-31116.502585877628,"scalar from welfare_function.calculate_welfare(physical_damage, welfare_loss=True)"
2147,rjan57 / Japan & Pacific,Prioritarian,0.0,1.45,2.0,0.0,0.0,5.8625125876793875,1.0,5.8625125876793875,"physical_damage_per_capita multiplied by JUSTICE welfare_function.calculate_discount_rate; regional time-discounting visibility, not full welfare aggregation",-31116.502585877628,"scalar from welfare_function.calculate_welfare(physical_damage, welfare_loss=True)"
2148,rjan57 / Japan & Pacific,Prioritarian,0.0,1.45,2.0,0.0,0.0,5.940866902933409,1.0,5.940866902933409,"physical_damage_per_capita multiplied by JUSTICE welfare_function.calculate_discount_rate; regional time-discounting visibility, not full welfare aggregation",-31116.502585877628,"scalar from welfare_function.calculate_welfare(physical_damage, welfare_loss=True)"
2149,rjan57 / Japan & Pacific,Prioritarian,0.0,1.45,2.0,0.0,0.0,6.017271085138427,1.0,6.017271085138427,"physical_damage_per_capita multiplied by JUSTICE welfare_function.calculate_discount_rate; regional time-discounting visibility, not full welfare aggregation",-31116.502585877628,"scalar from welfare_function.calculate_welfare(physical_damage, welfare_loss=True)"
2150,rjan57 / Japan & Pacific,Prioritarian,0.0,1.45,2.0,0.0,0.0,6.0940385903018015,1.0,6.0940385903018015,"physical_damage_per_capita multiplied by JUSTICE welfare_function.calculate_discount_rate; regional time-discounting visibility, not full welfare aggregation",-31116.502585877628,"scalar from welfare_function.calculate_welfare(physical_damage, welfare_loss=True)"
2151,rjan57 / Japan & Pacific,Prioritarian,0.0,1.45,2.0,0.0,0.0,6.167014146658302,1.0,6.167014146658302,"physical_damage_per_capita multiplied by JUSTICE welfare_function.calculate_discount_rate; regional time-discounting visibility, not full welfare aggregation",-31116.502585877628,"scalar from welfare_function.calculate_welfare(physical_damage, welfare_loss=True)"
2152,rjan57 / Japan & Pacific,Prioritarian,0.0,1.45,2.0,0.0,0.0,6.241155512118644,1.0,6.241155512118644,"physical_damage_per_capita multiplied by JUSTICE welfare_function.calculate_discount_rate; regional time-discounting visibility, not full welfare aggregation",-31116.502585877628,"scalar from welfare_function.calculate_welfare(physical_damage, welfare_loss=True)"
2153,rjan57 / Japan & Pacific,Prioritarian,0.0,1.45,2.0,0.0,0.0,6.317231853962029,1.0,6.317231853962029,"physical_damage_per_capita multiplied by JUSTICE welfare_function.calculate_discount_rate; regional time-discounting visibility, not full welfare aggregation",-31116.502585877628,"scalar from welfare_function.calculate_welfare(physical_damage, welfare_loss=True)"
2154,rjan57 / Japan & Pacific,Prioritarian,0.0,1.45,2.0,0.0,0.0,6.398203904818363,1.0,6.398203904818363,"physical_damage_per_capita multiplied by JUSTICE welfare_function.calculate_discount_rate; regional time-discounting visibility, not full welfare aggregation",-31116.502585877628,"scalar from welfare_function.calculate_welfare(physical_damage, welfare_loss=True)"
2155,rjan57 / Japan & Pacific,Prioritarian,0.0,1.45,2.0,0.0,0.0,6.488291344895926,1.0,6.488291344895926,"physical_damage_per_capita multiplied by JUSTICE welfare_function.calculate_discount_rate; regional time-discounting visibility, not full welfare aggregation",-31116.502585877628,"scalar from welfare_function.calculate_welfare(physical_damage, welfare_loss=True)"
2156,rjan57 / Japan & Pacific,Prioritarian,0.0,1.45,2.0,0.0,0.0,6.581368039103507,1.0,6.581368039103507,"physical_damage_per_capita multiplied by JUSTICE welfare_function.calculate_discount_rate; regional time-discounting visibility, not full welfare aggregation",-31116.502585877628,"scalar from welfare_function.calculate_welfare(physical_damage, welfare_loss=True)"
2157,rjan57 / Japan & Pacific,Prioritarian,0.0,1.45,2.0,0.0,0.0,6.670986506965983,1.0,6.670986506965983,"physical_damage_per_capita multiplied by JUSTICE welfare_function.calculate_discount_rate; regional time-discounting visibility, not full welfare aggregation",-31116.502585877628,"scalar from welfare_function.calculate_welfare(physical_damage, welfare_loss=True)"
2158,rjan57 / Japan & Pacific,Prioritarian,0.0,1.45,2.0,0.0,0.0,6.75294120572911,1.0,6.75294120572911,"physical_damage_per_capita multiplied by JUSTICE welfare_function.calculate_discount_rate; regional time-discounting visibility, not full welfare aggregation",-31116.502585877628,"scalar from welfare_function.calculate_welfare(physical_damage, welfare_loss=True)"
2159,rjan57 / Japan & Pacific,Prioritarian,0.0,1.45,2.0,0.0,0.0,6.8284871140104615,1.0,6.8284871140104615,"physical_damage_per_capita multiplied by JUSTICE welfare_function.calculate_discount_rate; regional time-discounting visibility, not full welfare aggregation",-31116.502585877628,"scalar from welfare_function.calculate_welfare(physical_damage, welfare_loss=True)"
2160,rjan57 / Japan & Pacific,Prioritarian,0.0,1.45,2.0,0.0,0.0,6.897446370210848,1.0,6.897446370210848,"physical_damage_per_capita multiplied by JUSTICE welfare_function.calculate_discount_rate; regional time-discounting visibility, not full welfare aggregation",-31116.502585877628,"scalar from welfare_function.calculate_welfare(physical_damage, welfare_loss=True)"
2161,rjan57 / Japan & Pacific,Prioritarian,0.0,1.45,2.0,0.0,0.0,6.958461058458402,1.0,6.958461058458402,"physical_damage_per_capita multiplied by JUSTICE welfare_function.calculate_discount_rate; regional time-discounting visibility, not full welfare aggregation",-31116.502585877628,"scalar from welfare_function.calculate_welfare(physical_damage, welfare_loss=True)"
2162,rjan57 / Japan & Pacific,Prioritarian,0.0,1.45,2.0,0.0,0.0,7.019726872307336,1.0,7.019726872307336,"physical_damage_per_capita multiplied by JUSTICE welfare_function.calculate_discount_rate; regional time-discounting visibility, not full welfare aggregation",-31116.502585877628,"scalar from welfare_function.calculate_welfare(physical_damage, welfare_loss=True)"
2163,rjan57 / Japan & Pacific,Prioritarian,0.0,1.45,2.0,0.0,0.0,7.0848909676846565,1.0,7.0848909676846565,"physical_damage_per_capita multiplied by JUSTICE welfare_function.calculate_discount_rate; regional time-discounting visibility, not full welfare aggregation",-31116.502585877628,"scalar from welfare_function.calculate_welfare(physical_damage, welfare_loss=True)"
2164,rjan57 / Japan & Pacific,Prioritarian,0.0,1.45,2.0,0.0,0.0,7.157334793929209,1.0,7.157334793929209,"physical_damage_per_capita multiplied by JUSTICE welfare_function.calculate_discount_rate; regional time-discounting visibility, not full welfare aggregation",-31116.502585877628,"scalar from welfare_function.calculate_welfare(physical_damage, welfare_loss=True)"
2165,rjan57 / Japan & Pacific,Prioritarian,0.0,1.45,2.0,0.0,0.0,7.240227781854122,1.0,7.240227781854122,"physical_damage_per_capita multiplied by JUSTICE welfare_function.calculate_discount_rate; regional time-discounting visibility, not full welfare aggregation",-31116.502585877628,"scalar from welfare_function.calculate_welfare(physical_damage, welfare_loss=True)"
2166,rjan57 / Japan & Pacific,Prioritarian,0.0,1.45,2.0,0.0,0.0,7.327600120996998,1.0,7.327600120996998,"physical_damage_per_capita multiplied by JUSTICE welfare_function.calculate_discount_rate; regional time-discounting visibility, not full welfare aggregation",-31116.502585877628,"scalar from welfare_function.calculate_welfare(physical_damage, welfare_loss=True)"
2167,rjan57 / Japan & Pacific,Prioritarian,0.0,1.45,2.0,0.0,0.0,7.409778111408216,1.0,7.409778111408216,"physical_damage_per_capita multiplied by JUSTICE welfare_function.calculate_discount_rate; regional time-discounting visibility, not full welfare aggregation",-31116.502585877628,"scalar from welfare_function.calculate_welfare(physical_damage, welfare_loss=True)"
2168,rjan57 / Japan & Pacific,Prioritarian,0.0,1.45,2.0,0.0,0.0,7.483177279645798,1.0,7.483177279645798,"physical_damage_per_capita multiplied by JUSTICE welfare_function.calculate_discount_rate; regional time-discounting visibility, not full welfare aggregation",-31116.502585877628,"scalar from welfare_function.calculate_welfare(physical_damage, welfare_loss=True)"
2169,rjan57 / Japan & Pacific,Prioritarian,0.0,1.45,2.0,0.0,0.0,7.547977375234557,1.0,7.547977375234557,"physical_damage_per_capita multiplied by JUSTICE welfare_function.calculate_discount_rate; regional time-discounting visibility, not full welfare aggregation",-31116.502585877628,"scalar from welfare_function.calculate_welfare(physical_damage, welfare_loss=True)"
2170,rjan57 / Japan & Pacific,Prioritarian,0.0,1.45,2.0,0.0,0.0,7.602555677370243,1.0,7.602555677370243,"physical_damage_per_capita multiplied by JUSTICE welfare_function.calculate_discount_rate; regional time-discounting visibility, not full welfare aggregation",-31116.502585877628,"scalar from welfare_function.calculate_welfare(physical_damage, welfare_loss=True)"
2171,rjan57 / Japan & Pacific,Prioritarian,0.0,1.45,2.0,0.0,0.0,7.650572900154326,1.0,7.650572900154326,"physical_damage_per_capita multiplied by JUSTICE welfare_function.calculate_discount_rate; regional time-discounting visibility, not full welfare aggregation",-31116.502585877628,"scalar from welfare_function.calculate_welfare(physical_damage, welfare_loss=True)"
2172,rjan57 / Japan & Pacific,Prioritarian,0.0,1.45,2.0,0.0,0.0,7.700283686124968,1.0,7.700283686124968,"physical_damage_per_capita multiplied by JUSTICE welfare_function.calculate_discount_rate; regional time-discounting visibility, not full welfare aggregation",-31116.502585877628,"scalar from welfare_function.calculate_welfare(physical_damage, welfare_loss=True)"
2173,rjan57 / Japan & Pacific,Prioritarian,0.0,1.45,2.0,0.0,0.0,7.753222915837354,1.0,7.753222915837354,"physical_damage_per_capita multiplied by JUSTICE welfare_function.calculate_discount_rate; regional time-discounting visibility, not full welfare aggregation",-31116.502585877628,"scalar from welfare_function.calculate_welfare(physical_damage, welfare_loss=True)"
2174,rjan57 / Japan & Pacific,Prioritarian,0.0,1.45,2.0,0.0,0.0,7.8113696253904665,1.0,7.8113696253904665,"physical_damage_per_capita multiplied by JUSTICE welfare_function.calculate_discount_rate; regional time-discounting visibility, not full welfare aggregation",-31116.502585877628,"scalar from welfare_function.calculate_welfare(physical_damage, welfare_loss=True)"
2175,rjan57 / Japan & Pacific,Prioritarian,0.0,1.45,2.0,0.0,0.0,7.8788221040180595,1.0,7.8788221040180595,"physical_damage_per_capita multiplied by JUSTICE welfare_function.calculate_discount_rate; regional time-discounting visibility, not full welfare aggregation",-31116.502585877628,"scalar from welfare_function.calculate_welfare(physical_damage, welfare_loss=True)"
2176,rjan57 / Japan & Pacific,Prioritarian,0.0,1.45,2.0,0.0,0.0,7.94767403849425,1.0,7.94767403849425,"physical_damage_per_capita multiplied by JUSTICE welfare_function.calculate_discount_rate; regional time-discounting visibility, not full welfare aggregation",-31116.502585877628,"scalar from welfare_function.calculate_welfare(physical_damage, welfare_loss=True)"
2177,rjan57 / Japan & Pacific,Prioritarian,0.0,1.45,2.0,0.0,0.0,8.016139592756574,1.0,8.016139592756574,"physical_damage_per_capita multiplied by JUSTICE welfare_function.calculate_discount_rate; regional time-discounting visibility, not full welfare aggregation",-31116.502585877628,"scalar from welfare_function.calculate_welfare(physical_damage, welfare_loss=True)"
2178,rjan57 / Japan & Pacific,Prioritarian,0.0,1.45,2.0,0.0,0.0,8.080649774814058,1.0,8.080649774814058,"physical_damage_per_capita multiplied by JUSTICE welfare_function.calculate_discount_rate; regional time-discounting visibility, not full welfare aggregation",-31116.502585877628,"scalar from welfare_function.calculate_welfare(physical_damage, welfare_loss=True)"
2179,rjan57 / Japan & Pacific,Prioritarian,0.0,1.45,2.0,0.0,0.0,8.136458617589783,1.0,8.136458617589783,"physical_damage_per_capita multiplied by JUSTICE welfare_function.calculate_discount_rate; regional time-discounting visibility, not full welfare aggregation",-31116.502585877628,"scalar from welfare_function.calculate_welfare(physical_damage, welfare_loss=True)"
2180,rjan57 / Japan & Pacific,Prioritarian,0.0,1.45,2.0,0.0,0.0,8.182747481559659,1.0,8.182747481559659,"physical_damage_per_capita multiplied by JUSTICE welfare_function.calculate_discount_rate; regional time-discounting visibility, not full welfare aggregation",-31116.502585877628,"scalar from welfare_function.calculate_welfare(physical_damage, welfare_loss=True)"
2181,rjan57 / Japan & Pacific,Prioritarian,0.0,1.45,2.0,0.0,0.0,8.219573000958514,1.0,8.219573000958514,"physical_damage_per_capita multiplied by JUSTICE welfare_function.calculate_discount_rate; regional time-discounting visibility, not full welfare aggregation",-31116.502585877628,"scalar from welfare_function.calculate_welfare(physical_damage, welfare_loss=True)"
2182,rjan57 / Japan & Pacific,Prioritarian,0.0,1.45,2.0,0.0,0.0,8.255542065084404,1.0,8.255542065084404,"physical_damage_per_capita multiplied by JUSTICE welfare_function.calculate_discount_rate; regional time-discounting visibility, not full welfare aggregation",-31116.502585877628,"scalar from welfare_function.calculate_welfare(physical_damage, welfare_loss=True)"
2183,rjan57 / Japan & Pacific,Prioritarian,0.0,1.45,2.0,0.0,0.0,8.291515850450942,1.0,8.291515850450942,"physical_damage_per_capita multiplied by JUSTICE welfare_function.calculate_discount_rate; regional time-discounting visibility, not full welfare aggregation",-31116.502585877628,"scalar from welfare_function.calculate_welfare(physical_damage, welfare_loss=True)"
2184,rjan57 / Japan & Pacific,Prioritarian,0.0,1.45,2.0,0.0,0.0,8.328395449801526,1.0,8.328395449801526,"physical_damage_per_capita multiplied by JUSTICE welfare_function.calculate_discount_rate; regional time-discounting visibility, not full welfare aggregation",-31116.502585877628,"scalar from welfare_function.calculate_welfare(physical_damage, welfare_loss=True)"
2185,rjan57 / Japan & Pacific,Prioritarian,0.0,1.45,2.0,0.0,0.0,8.366456809813537,1.0,8.366456809813537,"physical_damage_per_capita multiplied by JUSTICE welfare_function.calculate_discount_rate; regional time-discounting visibility, not full welfare aggregation",-31116.502585877628,"scalar from welfare_function.calculate_welfare(physical_damage, welfare_loss=True)"
2186,rjan57 / Japan & Pacific,Prioritarian,0.0,1.45,2.0,0.0,0.0,8.401933318442644,1.0,8.401933318442644,"physical_damage_per_capita multiplied by JUSTICE welfare_function.calculate_discount_rate; regional time-discounting visibility, not full welfare aggregation",-31116.502585877628,"scalar from welfare_function.calculate_welfare(physical_damage, welfare_loss=True)"
2187,rjan57 / Japan & Pacific,Prioritarian,0.0,1.45,2.0,0.0,0.0,8.441997290140694,1.0,8.441997290140694,"physical_damage_per_capita multiplied by JUSTICE welfare_function.calculate_discount_rate; regional time-discounting visibility, not full welfare aggregation",-31116.502585877628,"scalar from welfare_function.calculate_welfare(physical_damage, welfare_loss=True)"
2188,rjan57 / Japan & Pacific,Prioritarian,0.0,1.45,2.0,0.0,0.0,8.490401145552891,1.0,8.490401145552891,"physical_damage_per_capita multiplied by JUSTICE welfare_function.calculate_discount_rate; regional time-discounting visibility, not full welfare aggregation",-31116.502585877628,"scalar from welfare_function.calculate_welfare(physical_damage, welfare_loss=True)"
2189,rjan57 / Japan & Pacific,Prioritarian,0.0,1.45,2.0,0.0,0.0,8.540955093375654,1.0,8.540955093375654,"physical_damage_per_capita multiplied by JUSTICE welfare_function.calculate_discount_rate; regional time-discounting visibility, not full welfare aggregation",-31116.502585877628,"scalar from welfare_function.calculate_welfare(physical_damage, welfare_loss=True)"
2190,rjan57 / Japan & Pacific,Prioritarian,0.0,1.45,2.0,0.0,0.0,8.587132660718627,1.0,8.587132660718627,"physical_damage_per_capita multiplied by JUSTICE welfare_function.calculate_discount_rate; regional time-discounting visibility, not full welfare aggregation",-31116.502585877628,"scalar from welfare_function.calculate_welfare(physical_damage, welfare_loss=True)"
2191,rjan57 / Japan & Pacific,Prioritarian,0.0,1.45,2.0,0.0,0.0,8.626009088484249,1.0,8.626009088484249,"physical_damage_per_capita multiplied by JUSTICE welfare_function.calculate_discount_rate; regional time-discounting visibility, not full welfare aggregation",-31116.502585877628,"scalar from welfare_function.calculate_welfare(physical_damage, welfare_loss=True)"
2192,rjan57 / Japan & Pacific,Prioritarian,0.0,1.45,2.0,0.0,0.0,8.656970731871047,1.0,8.656970731871047,"physical_damage_per_capita multiplied by JUSTICE welfare_function.calculate_discount_rate; regional time-discounting visibility, not full welfare aggregation",-31116.502585877628,"scalar from welfare_function.calculate_welfare(physical_damage, welfare_loss=True)"
2193,rjan57 / Japan & Pacific,Prioritarian,0.0,1.45,2.0,0.0,0.0,8.677727845209253,1.0,8.677727845209253,"physical_damage_per_capita multiplied by JUSTICE welfare_function.calculate_discount_rate; regional time-discounting visibility, not full welfare aggregation",-31116.502585877628,"scalar from welfare_function.calculate_welfare(physical_damage, welfare_loss=True)"
2194,rjan57 / Japan & Pacific,Prioritarian,0.0,1.45,2.0,0.0,0.0,8.695286564409214,1.0,8.695286564409214,"physical_damage_per_capita multiplied by JUSTICE welfare_function.calculate_discount_rate; regional time-discounting visibility, not full welfare aggregation",-31116.502585877628,"scalar from welfare_function.calculate_welfare(physical_damage, welfare_loss=True)"
2195,rjan57 / Japan & Pacific,Prioritarian,0.0,1.45,2.0,0.0,0.0,8.71444585039771,1.0,8.71444585039771,"physical_damage_per_capita multiplied by JUSTICE welfare_function.calculate_discount_rate; regional time-discounting visibility, not full welfare aggregation",-31116.502585877628,"scalar from welfare_function.calculate_welfare(physical_damage, welfare_loss=True)"
2196,rjan57 / Japan & Pacific,Prioritarian,0.0,1.45,2.0,0.0,0.0,8.730754274028172,1.0,8.730754274028172,"physical_damage_per_capita multiplied by JUSTICE welfare_function.calculate_discount_rate; regional time-discounting visibility, not full welfare aggregation",-31116.502585877628,"scalar from welfare_function.calculate_welfare(physical_damage, welfare_loss=True)"
2197,rjan57 / Japan & Pacific,Prioritarian,0.0,1.45,2.0,0.0,0.0,8.750371754780394,1.0,8.750371754780394,"physical_damage_per_capita multiplied by JUSTICE welfare_function.calculate_discount_rate; regional time-discounting visibility, not full welfare aggregation",-31116.502585877628,"scalar from welfare_function.calculate_welfare(physical_damage, welfare_loss=True)"
2198,rjan57 / Japan & Pacific,Prioritarian,0.0,1.45,2.0,0.0,0.0,8.77802314886534,1.0,8.77802314886534,"physical_damage_per_capita multiplied by JUSTICE welfare_function.calculate_discount_rate; regional time-discounting visibility, not full welfare aggregation",-31116.502585877628,"scalar from welfare_function.calculate_welfare(physical_damage, welfare_loss=True)"
2199,rjan57 / Japan & Pacific,Prioritarian,0.0,1.45,2.0,0.0,0.0,8.814397368584661,1.0,8.814397368584661,"physical_damage_per_capita multiplied by JUSTICE welfare_function.calculate_discount_rate; regional time-discounting visibility, not full welfare aggregation",-31116.502585877628,"scalar from welfare_function.calculate_welfare(physical_damage, welfare_loss=True)"
2200,rjan57 / Japan & Pacific,Prioritarian,0.0,1.45,2.0,0.0,0.0,8.852182119486496,1.0,8.852182119486496,"physical_damage_per_capita multiplied by JUSTICE welfare_function.calculate_discount_rate; regional time-discounting visibility, not full welfare aggregation",-31116.502585877628,"scalar from welfare_function.calculate_welfare(physical_damage, welfare_loss=True)"
2201,rjan57 / Japan & Pacific,Prioritarian,0.0,1.45,2.0,0.0,0.0,8.883754211462335,1.0,8.883754211462335,"physical_damage_per_capita multiplied by JUSTICE welfare_function.calculate_discount_rate; regional time-discounting visibility, not full welfare aggregation",-31116.502585877628,"scalar from welfare_function.calculate_welfare(physical_damage, welfare_loss=True)"
2202,rjan57 / Japan & Pacific,Prioritarian,0.0,1.45,2.0,0.0,0.0,8.904225927058205,1.0,8.904225927058205,"physical_damage_per_capita multiplied by JUSTICE welfare_function.calculate_discount_rate; regional time-discounting visibility, not full welfare aggregation",-31116.502585877628,"scalar from welfare_function.calculate_welfare(physical_damage, welfare_loss=True)"
2203,rjan57 / Japan & Pacific,Prioritarian,0.0,1.45,2.0,0.0,0.0,8.915354579642234,1.0,8.915354579642234,"physical_damage_per_capita multiplied by JUSTICE welfare_function.calculate_discount_rate; regional time-discounting visibility, not full welfare aggregation",-31116.502585877628,"scalar from welfare_function.calculate_welfare(physical_damage, welfare_loss=True)"
2204,rjan57 / Japan & Pacific,Prioritarian,0.0,1.45,2.0,0.0,0.0,8.922707210390373,1.0,8.922707210390373,"physical_damage_per_capita multiplied by JUSTICE welfare_function.calculate_discount_rate; regional time-discounting visibility, not full welfare aggregation",-31116.502585877628,"scalar from welfare_function.calculate_welfare(physical_damage, welfare_loss=True)"
2205,rjan57 / Japan & Pacific,Prioritarian,0.0,1.45,2.0,0.0,0.0,8.93167369775733,1.0,8.93167369775733,"physical_damage_per_capita multiplied by JUSTICE welfare_function.calculate_discount_rate; regional time-discounting visibility, not full welfare aggregation",-31116.502585877628,"scalar from welfare_function.calculate_welfare(physical_damage, welfare_loss=True)"
2206,rjan57 / Japan & Pacific,Prioritarian,0.0,1.45,2.0,0.0,0.0,8.9412650429628,1.0,8.9412650429628,"physical_damage_per_capita multiplied by JUSTICE welfare_function.calculate_discount_rate; regional time-discounting visibility, not full welfare aggregation",-31116.502585877628,"scalar from welfare_function.calculate_welfare(physical_damage, welfare_loss=True)"
2207,rjan57 / Japan & Pacific,Prioritarian,0.0,1.45,2.0,0.0,0.0,8.950601231596659,1.0,8.950601231596659,"physical_damage_per_capita multiplied by JUSTICE welfare_function.calculate_discount_rate; regional time-discounting visibility, not full welfare aggregation",-31116.502585877628,"scalar from welfare_function.calculate_welfare(physical_damage, welfare_loss=True)"
2208,rjan57 / Japan & Pacific,Prioritarian,0.0,1.45,2.0,0.0,0.0,8.961043013102175,1.0,8.961043013102175,"physical_damage_per_capita multiplied by JUSTICE welfare_function.calculate_discount_rate; regional time-discounting visibility, not full welfare aggregation",-31116.502585877628,"scalar from welfare_function.calculate_welfare(physical_damage, welfare_loss=True)"
2209,rjan57 / Japan & Pacific,Prioritarian,0.0,1.45,2.0,0.0,0.0,8.97409108598662,1.0,8.97409108598662,"physical_damage_per_capita multiplied by JUSTICE welfare_function.calculate_discount_rate; regional time-discounting visibility, not full welfare aggregation",-31116.502585877628,"scalar from welfare_function.calculate_welfare(physical_damage, welfare_loss=True)"
2210,rjan57 / Japan & Pacific,Prioritarian,0.0,1.45,2.0,0.0,0.0,8.993459893528474,1.0,8.993459893528474,"physical_damage_per_capita multiplied by JUSTICE welfare_function.calculate_discount_rate; regional time-discounting visibility, not full welfare aggregation",-31116.502585877628,"scalar from welfare_function.calculate_welfare(physical_damage, welfare_loss=True)"
2211,rjan57 / Japan & Pacific,Prioritarian,0.0,1.45,2.0,0.0,0.0,9.01960646267237,1.0,9.01960646267237,"physical_damage_per_capita multiplied by JUSTICE welfare_function.calculate_discount_rate; regional time-discounting visibility, not full welfare aggregation",-31116.502585877628,"scalar from welfare_function.calculate_welfare(physical_damage, welfare_loss=True)"
2212,rjan57 / Japan & Pacific,Prioritarian,0.0,1.45,2.0,0.0,0.0,9.047963818362168,1.0,9.047963818362168,"physical_damage_per_capita multiplied by JUSTICE welfare_function.calculate_discount_rate; regional time-discounting visibility, not full welfare aggregation",-31116.502585877628,"scalar from welfare_function.calculate_welfare(physical_damage, welfare_loss=True)"
2213,rjan57 / Japan & Pacific,Prioritarian,0.0,1.45,2.0,0.0,0.0,9.072865369403385,1.0,9.072865369403385,"physical_damage_per_capita multiplied by JUSTICE welfare_function.calculate_discount_rate; regional time-discounting visibility, not full welfare aggregation",-31116.502585877628,"scalar from welfare_function.calculate_welfare(physical_damage, welfare_loss=True)"
2214,rjan57 / Japan & Pacific,Prioritarian,0.0,1.45,2.0,0.0,0.0,9.092248307983073,1.0,9.092248307983073,"physical_damage_per_capita multiplied by JUSTICE welfare_function.calculate_discount_rate; regional time-discounting visibility, not full welfare aggregation",-31116.502585877628,"scalar from welfare_function.calculate_welfare(physical_damage, welfare_loss=True)"
2215,rjan57 / Japan & Pacific,Prioritarian,0.0,1.45,2.0,0.0,0.0,9.105602722248088,1.0,9.105602722248088,"physical_damage_per_capita multiplied by JUSTICE welfare_function.calculate_discount_rate; regional time-discounting visibility, not full welfare aggregation",-31116.502585877628,"scalar from welfare_function.calculate_welfare(physical_damage, welfare_loss=True)"
2216,rjan57 / Japan & Pacific,Prioritarian,0.0,1.45,2.0,0.0,0.0,9.114901955664287,1.0,9.114901955664287,"physical_damage_per_capita multiplied by JUSTICE welfare_function.calculate_discount_rate; regional time-discounting visibility, not full welfare aggregation",-31116.502585877628,"scalar from welfare_function.calculate_welfare(physical_damage, welfare_loss=True)"
2217,rjan57 / Japan & Pacific,Prioritarian,0.0,1.45,2.0,0.0,0.0,9.120212788126977,1.0,9.120212788126977,"physical_damage_per_capita multiplied by JUSTICE welfare_function.calculate_discount_rate; regional time-discounting visibility, not full welfare aggregation",-31116.502585877628,"scalar from welfare_function.calculate_welfare(physical_damage, welfare_loss=True)"
2218,rjan57 / Japan & Pacific,Prioritarian,0.0,1.45,2.0,0.0,0.0,9.12220927480226,1.0,9.12220927480226,"physical_damage_per_capita multiplied by JUSTICE welfare_function.calculate_discount_rate; regional time-discounting visibility, not full welfare aggregation",-31116.502585877628,"scalar from welfare_function.calculate_welfare(physical_damage, welfare_loss=True)"
2219,rjan57 / Japan & Pacific,Prioritarian,0.0,1.45,2.0,0.0,0.0,9.126982267108858,1.0,9.126982267108858,"physical_damage_per_capita multiplied by JUSTICE welfare_function.calculate_discount_rate; regional time-discounting visibility, not full welfare aggregation",-31116.502585877628,"scalar from welfare_function.calculate_welfare(physical_damage, welfare_loss=True)"
2220,rjan57 / Japan & Pacific,Prioritarian,0.0,1.45,2.0,0.0,0.0,9.136292882877026,1.0,9.136292882877026,"physical_damage_per_capita multiplied by JUSTICE welfare_function.calculate_discount_rate; regional time-discounting visibility, not full welfare aggregation",-31116.502585877628,"scalar from welfare_function.calculate_welfare(physical_damage, welfare_loss=True)"
2221,rjan57 / Japan & Pacific,Prioritarian,0.0,1.45,2.0,0.0,0.0,9.15181864336374,1.0,9.15181864336374,"physical_damage_per_capita multiplied by JUSTICE welfare_function.calculate_discount_rate; regional time-discounting visibility, not full welfare aggregation",-31116.502585877628,"scalar from welfare_function.calculate_welfare(physical_damage, welfare_loss=True)"
2222,rjan57 / Japan & Pacific,Prioritarian,0.0,1.45,2.0,0.0,0.0,9.175606748214854,1.0,9.175606748214854,"physical_damage_per_capita multiplied by JUSTICE welfare_function.calculate_discount_rate; regional time-discounting visibility, not full welfare aggregation",-31116.502585877628,"scalar from welfare_function.calculate_welfare(physical_damage, welfare_loss=True)"
2223,rjan57 / Japan & Pacific,Prioritarian,0.0,1.45,2.0,0.0,0.0,9.204079883290758,1.0,9.204079883290758,"physical_damage_per_capita multiplied by JUSTICE welfare_function.calculate_discount_rate; regional time-discounting visibility, not full welfare aggregation",-31116.502585877628,"scalar from welfare_function.calculate_welfare(physical_damage, welfare_loss=True)"
2224,rjan57 / Japan & Pacific,Prioritarian,0.0,1.45,2.0,0.0,0.0,9.235324797656146,1.0,9.235324797656146,"physical_damage_per_capita multiplied by JUSTICE welfare_function.calculate_discount_rate; regional time-discounting visibility, not full welfare aggregation",-31116.502585877628,"scalar from welfare_function.calculate_welfare(physical_damage, welfare_loss=True)"
2225,rjan57 / Japan & Pacific,Prioritarian,0.0,1.45,2.0,0.0,0.0,9.260817824703974,1.0,9.260817824703974,"physical_damage_per_capita multiplied by JUSTICE welfare_function.calculate_discount_rate; regional time-discounting visibility, not full welfare aggregation",-31116.502585877628,"scalar from welfare_function.calculate_welfare(physical_damage, welfare_loss=True)"
2226,rjan57 / Japan & Pacific,Prioritarian,0.0,1.45,2.0,0.0,0.0,9.272115723649845,1.0,9.272115723649845,"physical_damage_per_capita multiplied by JUSTICE welfare_function.calculate_discount_rate; regional time-discounting visibility, not full welfare aggregation",-31116.502585877628,"scalar from welfare_function.calculate_welfare(physical_damage, welfare_loss=True)"
2227,rjan57 / Japan & Pacific,Prioritarian,0.0,1.45,2.0,0.0,0.0,9.274923198711301,1.0,9.274923198711301,"physical_damage_per_capita multiplied by JUSTICE welfare_function.calculate_discount_rate; regional time-discounting visibility, not full welfare aggregation",-31116.502585877628,"scalar from welfare_function.calculate_welfare(physical_damage, welfare_loss=True)"
2228,rjan57 / Japan & Pacific,Prioritarian,0.0,1.45,2.0,0.0,0.0,9.273557058145574,1.0,9.273557058145574,"physical_damage_per_capita multiplied by JUSTICE welfare_function.calculate_discount_rate; regional time-discounting visibility, not full welfare aggregation",-31116.502585877628,"scalar from welfare_function.calculate_welfare(physical_damage, welfare_loss=True)"
2229,rjan57 / Japan & Pacific,Prioritarian,0.0,1.45,2.0,0.0,0.0,9.272738959057827,1.0,9.272738959057827,"physical_damage_per_capita multiplied by JUSTICE welfare_function.calculate_discount_rate; regional time-discounting visibility, not full welfare aggregation",-31116.502585877628,"scalar from welfare_function.calculate_welfare(physical_damage, welfare_loss=True)"
2230,rjan57 / Japan & Pacific,Prioritarian,0.0,1.45,2.0,0.0,0.0,9.274820506061843,1.0,9.274820506061843,"physical_damage_per_capita multiplied by JUSTICE welfare_function.calculate_discount_rate; regional time-discounting visibility, not full welfare aggregation",-31116.502585877628,"scalar from welfare_function.calculate_welfare(physical_damage, welfare_loss=True)"
2231,rjan57 / Japan & Pacific,Prioritarian,0.0,1.45,2.0,0.0,0.0,9.281560043390591,1.0,9.281560043390591,"physical_damage_per_capita multiplied by JUSTICE welfare_function.calculate_discount_rate; regional time-discounting visibility, not full welfare aggregation",-31116.502585877628,"scalar from welfare_function.calculate_welfare(physical_damage, welfare_loss=True)"
2232,rjan57 / Japan & Pacific,Prioritarian,0.0,1.45,2.0,0.0,0.0,9.297837705315793,1.0,9.297837705315793,"physical_damage_per_capita multiplied by JUSTICE welfare_function.calculate_discount_rate; regional time-discounting visibility, not full welfare aggregation",-31116.502585877628,"scalar from welfare_function.calculate_welfare(physical_damage, welfare_loss=True)"
2233,rjan57 / Japan & Pacific,Prioritarian,0.0,1.45,2.0,0.0,0.0,9.320100387781896,1.0,9.320100387781896,"physical_damage_per_capita multiplied by JUSTICE welfare_function.calculate_discount_rate; regional time-discounting visibility, not full welfare aggregation",-31116.502585877628,"scalar from welfare_function.calculate_welfare(physical_damage, welfare_loss=True)"
2234,rjan57 / Japan & Pacific,Prioritarian,0.0,1.45,2.0,0.0,0.0,9.340409303532574,1.0,9.340409303532574,"physical_damage_per_capita multiplied by JUSTICE welfare_function.calculate_discount_rate; regional time-discounting visibility, not full welfare aggregation",-31116.502585877628,"scalar from welfare_function.calculate_welfare(physical_damage, welfare_loss=True)"
2235,rjan57 / Japan & Pacific,Prioritarian,0.0,1.45,2.0,0.0,0.0,9.358109423698378,1.0,9.358109423698378,"physical_damage_per_capita multiplied by JUSTICE welfare_function.calculate_discount_rate; regional time-discounting visibility, not full welfare aggregation",-31116.502585877628,"scalar from welfare_function.calculate_welfare(physical_damage, welfare_loss=True)"
2236,rjan57 / Japan & Pacific,Prioritarian,0.0,1.45,2.0,0.0,0.0,9.371407233976162,1.0,9.371407233976162,"physical_damage_per_capita multiplied by JUSTICE welfare_function.calculate_discount_rate; regional time-discounting visibility, not full welfare aggregation",-31116.502585877628,"scalar from welfare_function.calculate_welfare(physical_damage, welfare_loss=True)"
2237,rjan57 / Japan & Pacific,Prioritarian,0.0,1.45,2.0,0.0,0.0,9.378105555177992,1.0,9.378105555177992,"physical_damage_per_capita multiplied by JUSTICE welfare_function.calculate_discount_rate; regional time-discounting visibility, not full welfare aggregation",-31116.502585877628,"scalar from welfare_function.calculate_welfare(physical_damage, welfare_loss=True)"
2238,rjan57 / Japan & Pacific,Prioritarian,0.0,1.45,2.0,0.0,0.0,9.378943488892778,1.0,9.378943488892778,"physical_damage_per_capita multiplied by JUSTICE welfare_function.calculate_discount_rate; regional time-discounting visibility, not full welfare aggregation",-31116.502585877628,"scalar from welfare_function.calculate_welfare(physical_damage, welfare_loss=True)"
2239,rjan57 / Japan & Pacific,Prioritarian,0.0,1.45,2.0,0.0,0.0,9.377046881705446,1.0,9.377046881705446,"physical_damage_per_capita multiplied by JUSTICE welfare_function.calculate_discount_rate; regional time-discounting visibility, not full welfare aggregation",-31116.502585877628,"scalar from welfare_function.calculate_welfare(physical_damage, welfare_loss=True)"
2240,rjan57 / Japan & Pacific,Prioritarian,0.0,1.45,2.0,0.0,0.0,9.377436455118255,1.0,9.377436455118255,"physical_damage_per_capita multiplied by JUSTICE welfare_function.calculate_discount_rate; regional time-discounting visibility, not full welfare aggregation",-31116.502585877628,"scalar from welfare_function.calculate_welfare(physical_damage, welfare_loss=True)"
2241,rjan57 / Japan & Pacific,Prioritarian,0.0,1.45,2.0,0.0,0.0,9.381115583777792,1.0,9.381115583777792,"physical_damage_per_capita multiplied by JUSTICE welfare_function.calculate_discount_rate; regional time-discounting visibility, not full welfare aggregation",-31116.502585877628,"scalar from welfare_function.calculate_welfare(physical_damage, welfare_loss=True)"
2242,rjan57 / Japan & Pacific,Prioritarian,0.0,1.45,2.0,0.0,0.0,9.390062797836935,1.0,9.390062797836935,"physical_damage_per_capita multiplied by JUSTICE welfare_function.calculate_discount_rate; regional time-discounting visibility, not full welfare aggregation",-31116.502585877628,"scalar from welfare_function.calculate_welfare(physical_damage, welfare_loss=True)"
2243,rjan57 / Japan & Pacific,Prioritarian,0.0,1.45,2.0,0.0,0.0,9.407897415653833,1.0,9.407897415653833,"physical_damage_per_capita multiplied by JUSTICE welfare_function.calculate_discount_rate; regional time-discounting visibility, not full welfare aggregation",-31116.502585877628,"scalar from welfare_function.calculate_welfare(physical_damage, welfare_loss=True)"
2244,rjan57 / Japan & Pacific,Prioritarian,0.0,1.45,2.0,0.0,0.0,9.43341846205613,1.0,9.43341846205613,"physical_damage_per_capita multiplied by JUSTICE welfare_function.calculate_discount_rate; regional time-discounting visibility, not full welfare aggregation",-31116.502585877628,"scalar from welfare_function.calculate_welfare(physical_damage, welfare_loss=True)"
2245,rjan57 / Japan & Pacific,Prioritarian,0.0,1.45,2.0,0.0,0.0,9.456754134553863,1.0,9.456754134553863,"physical_damage_per_capita multiplied by JUSTICE welfare_function.calculate_discount_rate; regional time-discounting visibility, not full welfare aggregation",-31116.502585877628,"scalar from welfare_function.calculate_welfare(physical_damage, welfare_loss=True)"
2246,rjan57 / Japan & Pacific,Prioritarian,0.0,1.45,2.0,0.0,0.0,9.472109812825828,1.0,9.472109812825828,"physical_damage_per_capita multiplied by JUSTICE welfare_function.calculate_discount_rate; regional time-discounting visibility, not full welfare aggregation",-31116.502585877628,"scalar from welfare_function.calculate_welfare(physical_damage, welfare_loss=True)"
2247,rjan57 / Japan & Pacific,Prioritarian,0.0,1.45,2.0,0.0,0.0,9.478429766985558,1.0,9.478429766985558,"physical_damage_per_capita multiplied by JUSTICE welfare_function.calculate_discount_rate; regional time-discounting visibility, not full welfare aggregation",-31116.502585877628,"scalar from welfare_function.calculate_welfare(physical_damage, welfare_loss=True)"
2248,rjan57 / Japan & Pacific,Prioritarian,0.0,1.45,2.0,0.0,0.0,9.476652911290259,1.0,9.476652911290259,"physical_damage_per_capita multiplied by JUSTICE welfare_function.calculate_discount_rate; regional time-discounting visibility, not full welfare aggregation",-31116.502585877628,"scalar from welfare_function.calculate_welfare(physical_damage, welfare_loss=True)"
2249,rjan57 / Japan & Pacific,Prioritarian,0.0,1.45,2.0,0.0,0.0,9.473382807199837,1.0,9.473382807199837,"physical_damage_per_capita multiplied by JUSTICE welfare_function.calculate_discount_rate; regional time-discounting visibility, not full welfare aggregation",-31116.502585877628,"scalar from welfare_function.calculate_welfare(physical_damage, welfare_loss=True)"
2250,rjan57 / Japan & Pacific,Prioritarian,0.0,1.45,2.0,0.0,0.0,9.470803982535323,1.0,9.470803982535323,"physical_damage_per_capita multiplied by JUSTICE welfare_function.calculate_discount_rate; regional time-discounting visibility, not full welfare aggregation",-31116.502585877628,"scalar from welfare_function.calculate_welfare(physical_damage, welfare_loss=True)"
2251,rjan57 / Japan & Pacific,Prioritarian,0.0,1.45,2.0,0.0,0.0,9.46818916181725,1.0,9.46818916181725,"physical_damage_per_capita multiplied by JUSTICE welfare_function.calculate_discount_rate; regional time-discounting visibility, not full welfare aggregation",-31116.502585877628,"scalar from welfare_function.calculate_welfare(physical_damage, welfare_loss=True)"
2252,rjan57 / Japan & Pacific,Prioritarian,0.0,1.45,2.0,0.0,0.0,9.466722580156018,1.0,9.466722580156018,"physical_damage_per_capita multiplied by JUSTICE welfare_function.calculate_discount_rate; regional time-discounting visibility, not full welfare aggregation",-31116.502585877628,"scalar from welfare_function.calculate_welfare(physical_damage, welfare_loss=True)"
2253,rjan57 / Japan & Pacific,Prioritarian,0.0,1.45,2.0,0.0,0.0,9.467250474048408,1.0,9.467250474048408,"physical_damage_per_capita multiplied by JUSTICE welfare_function.calculate_discount_rate; regional time-discounting visibility, not full welfare aggregation",-31116.502585877628,"scalar from welfare_function.calculate_welfare(physical_damage, welfare_loss=True)"
2254,rjan57 / Japan & Pacific,Prioritarian,0.0,1.45,2.0,0.0,0.0,9.471309785034023,1.0,9.471309785034023,"physical_damage_per_capita multiplied by JUSTICE welfare_function.calculate_discount_rate; regional time-discounting visibility, not full welfare aggregation",-31116.502585877628,"scalar from welfare_function.calculate_welfare(physical_damage, welfare_loss=True)"
2255,rjan57 / Japan & Pacific,Prioritarian,0.0,1.45,2.0,0.0,0.0,9.481813522017864,1.0,9.481813522017864,"physical_damage_per_capita multiplied by JUSTICE welfare_function.calculate_discount_rate; regional time-discounting visibility, not full welfare aggregation",-31116.502585877628,"scalar from welfare_function.calculate_welfare(physical_damage, welfare_loss=True)"
2256,rjan57 / Japan & Pacific,Prioritarian,0.0,1.45,2.0,0.0,0.0,9.498682561640141,1.0,9.498682561640141,"physical_damage_per_capita multiplied by JUSTICE welfare_function.calculate_discount_rate; regional time-discounting visibility, not full welfare aggregation",-31116.502585877628,"scalar from welfare_function.calculate_welfare(physical_damage, welfare_loss=True)"
2257,rjan57 / Japan & Pacific,Prioritarian,0.0,1.45,2.0,0.0,0.0,9.515044496426809,1.0,9.515044496426809,"physical_damage_per_capita multiplied by JUSTICE welfare_function.calculate_discount_rate; regional time-discounting visibility, not full welfare aggregation",-31116.502585877628,"scalar from welfare_function.calculate_welfare(physical_damage, welfare_loss=True)"
2258,rjan57 / Japan & Pacific,Prioritarian,0.0,1.45,2.0,0.0,0.0,9.52727703954847,1.0,9.52727703954847,"physical_damage_per_capita multiplied by JUSTICE welfare_function.calculate_discount_rate; regional time-discounting visibility, not full welfare aggregation",-31116.502585877628,"scalar from welfare_function.calculate_welfare(physical_damage, welfare_loss=True)"
2259,rjan57 / Japan & Pacific,Prioritarian,0.0,1.45,2.0,0.0,0.0,9.535980624143408,1.0,9.535980624143408,"physical_damage_per_capita multiplied by JUSTICE welfare_function.calculate_discount_rate; regional time-discounting visibility, not full welfare aggregation",-31116.502585877628,"scalar from welfare_function.calculate_welfare(physical_damage, welfare_loss=True)"
2260,rjan57 / Japan & Pacific,Prioritarian,0.0,1.45,2.0,0.0,0.0,9.538510668650519,1.0,9.538510668650519,"physical_damage_per_capita multiplied by JUSTICE welfare_function.calculate_discount_rate; regional time-discounting visibility, not full welfare aggregation",-31116.502585877628,"scalar from welfare_function.calculate_welfare(physical_damage, welfare_loss=True)"
2261,rjan57 / Japan & Pacific,Prioritarian,0.0,1.45,2.0,0.0,0.0,9.536539324672294,1.0,9.536539324672294,"physical_damage_per_capita multiplied by JUSTICE welfare_function.calculate_discount_rate; regional time-discounting visibility, not full welfare aggregation",-31116.502585877628,"scalar from welfare_function.calculate_welfare(physical_damage, welfare_loss=True)"
2262,rjan57 / Japan & Pacific,Prioritarian,0.0,1.45,2.0,0.0,0.0,9.531104918035176,1.0,9.531104918035176,"physical_damage_per_capita multiplied by JUSTICE welfare_function.calculate_discount_rate; regional time-discounting visibility, not full welfare aggregation",-31116.502585877628,"scalar from welfare_function.calculate_welfare(physical_damage, welfare_loss=True)"
2263,rjan57 / Japan & Pacific,Prioritarian,0.0,1.45,2.0,0.0,0.0,9.523892254122865,1.0,9.523892254122865,"physical_damage_per_capita multiplied by JUSTICE welfare_function.calculate_discount_rate; regional time-discounting visibility, not full welfare aggregation",-31116.502585877628,"scalar from welfare_function.calculate_welfare(physical_damage, welfare_loss=True)"
2264,rjan57 / Japan & Pacific,Prioritarian,0.0,1.45,2.0,0.0,0.0,9.52037473454507,1.0,9.52037473454507,"physical_damage_per_capita multiplied by JUSTICE welfare_function.calculate_discount_rate; regional time-discounting visibility, not full welfare aggregation",-31116.502585877628,"scalar from welfare_function.calculate_welfare(physical_damage, welfare_loss=True)"
2265,rjan57 / Japan & Pacific,Prioritarian,0.0,1.45,2.0,0.0,0.0,9.521705043763454,1.0,9.521705043763454,"physical_damage_per_capita multiplied by JUSTICE welfare_function.calculate_discount_rate; regional time-discounting visibility, not full welfare aggregation",-31116.502585877628,"scalar from welfare_function.calculate_welfare(physical_damage, welfare_loss=True)"
2266,rjan57 / Japan & Pacific,Prioritarian,0.0,1.45,2.0,0.0,0.0,9.529669761457356,1.0,9.529669761457356,"physical_damage_per_capita multiplied by JUSTICE welfare_function.calculate_discount_rate; regional time-discounting visibility, not full welfare aggregation",-31116.502585877628,"scalar from welfare_function.calculate_welfare(physical_damage, welfare_loss=True)"
2267,rjan57 / Japan & Pacific,Prioritarian,0.0,1.45,2.0,0.0,0.0,9.546503139100718,1.0,9.546503139100718,"physical_damage_per_capita multiplied by JUSTICE welfare_function.calculate_discount_rate; regional time-discounting visibility, not full welfare aggregation",-31116.502585877628,"scalar from welfare_function.calculate_welfare(physical_damage, welfare_loss=True)"
2268,rjan57 / Japan & Pacific,Prioritarian,0.0,1.45,2.0,0.0,0.0,9.56817464356978,1.0,9.56817464356978,"physical_damage_per_capita multiplied by JUSTICE welfare_function.calculate_discount_rate; regional time-discounting visibility, not full welfare aggregation",-31116.502585877628,"scalar from welfare_function.calculate_welfare(physical_damage, welfare_loss=True)"
2269,rjan57 / Japan & Pacific,Prioritarian,0.0,1.45,2.0,0.0,0.0,9.590432854445314,1.0,9.590432854445314,"physical_damage_per_capita multiplied by JUSTICE welfare_function.calculate_discount_rate; regional time-discounting visibility, not full welfare aggregation",-31116.502585877628,"scalar from welfare_function.calculate_welfare(physical_damage, welfare_loss=True)"
2270,rjan57 / Japan & Pacific,Prioritarian,0.0,1.45,2.0,0.0,0.0,9.603193253576556,1.0,9.603193253576556,"physical_damage_per_capita multiplied by JUSTICE welfare_function.calculate_discount_rate; regional time-discounting visibility, not full welfare aggregation",-31116.502585877628,"scalar from welfare_function.calculate_welfare(physical_damage, welfare_loss=True)"
2271,rjan57 / Japan & Pacific,Prioritarian,0.0,1.45,2.0,0.0,0.0,9.602767939456744,1.0,9.602767939456744,"physical_damage_per_capita multiplied by JUSTICE welfare_function.calculate_discount_rate; regional time-discounting visibility, not full welfare aggregation",-31116.502585877628,"scalar from welfare_function.calculate_welfare(physical_damage, welfare_loss=True)"
2272,rjan57 / Japan & Pacific,Prioritarian,0.0,1.45,2.0,0.0,0.0,9.595936913918692,1.0,9.595936913918692,"physical_damage_per_capita multiplied by JUSTICE welfare_function.calculate_discount_rate; regional time-discounting visibility, not full welfare aggregation",-31116.502585877628,"scalar from welfare_function.calculate_welfare(physical_damage, welfare_loss=True)"
2273,rjan57 / Japan & Pacific,Prioritarian,0.0,1.45,2.0,0.0,0.0,9.58694248003514,1.0,9.58694248003514,"physical_damage_per_capita multiplied by JUSTICE welfare_function.calculate_discount_rate; regional time-discounting visibility, not full welfare aggregation",-31116.502585877628,"scalar from welfare_function.calculate_welfare(physical_damage, welfare_loss=True)"
2274,rjan57 / Japan & Pacific,Prioritarian,0.0,1.45,2.0,0.0,0.0,9.578797803883747,1.0,9.578797803883747,"physical_damage_per_capita multiplied by JUSTICE welfare_function.calculate_discount_rate; regional time-discounting visibility, not full welfare aggregation",-31116.502585877628,"scalar from welfare_function.calculate_welfare(physical_damage, welfare_loss=True)"
2275,rjan57 / Japan & Pacific,Prioritarian,0.0,1.45,2.0,0.0,0.0,9.57376878877991,1.0,9.57376878877991,"physical_damage_per_capita multiplied by JUSTICE welfare_function.calculate_discount_rate; regional time-discounting visibility, not full welfare aggregation",-31116.502585877628,"scalar from welfare_function.calculate_welfare(physical_damage, welfare_loss=True)"
2276,rjan57 / Japan & Pacific,Prioritarian,0.0,1.45,2.0,0.0,0.0,9.576509244433428,1.0,9.576509244433428,"physical_damage_per_capita multiplied by JUSTICE welfare_function.calculate_discount_rate; regional time-discounting visibility, not full welfare aggregation",-31116.502585877628,"scalar from welfare_function.calculate_welfare(physical_damage, welfare_loss=True)"
2277,rjan57 / Japan & Pacific,Prioritarian,0.0,1.45,2.0,0.0,0.0,9.588138786025677,1.0,9.588138786025677,"physical_damage_per_capita multiplied by JUSTICE welfare_function.calculate_discount_rate; regional time-discounting visibility, not full welfare aggregation",-31116.502585877628,"scalar from welfare_function.calculate_welfare(physical_damage, welfare_loss=True)"
2278,rjan57 / Japan & Pacific,Prioritarian,0.0,1.45,2.0,0.0,0.0,9.604195580284166,1.0,9.604195580284166,"physical_damage_per_capita multiplied by JUSTICE welfare_function.calculate_discount_rate; regional time-discounting visibility, not full welfare aggregation",-31116.502585877628,"scalar from welfare_function.calculate_welfare(physical_damage, welfare_loss=True)"
2279,rjan57 / Japan & Pacific,Prioritarian,0.0,1.45,2.0,0.0,0.0,9.617081226002323,1.0,9.617081226002323,"physical_damage_per_capita multiplied by JUSTICE welfare_function.calculate_discount_rate; regional time-discounting visibility, not full welfare aggregation",-31116.502585877628,"scalar from welfare_function.calculate_welfare(physical_damage, welfare_loss=True)"
2280,rjan57 / Japan & Pacific,Prioritarian,0.0,1.45,2.0,0.0,0.0,9.62388562991308,1.0,9.62388562991308,"physical_damage_per_capita multiplied by JUSTICE welfare_function.calculate_discount_rate; regional time-discounting visibility, not full welfare aggregation",-31116.502585877628,"scalar from welfare_function.calculate_welfare(physical_damage, welfare_loss=True)"
2281,rjan57 / Japan & Pacific,Prioritarian,0.0,1.45,2.0,0.0,0.0,9.625266791381048,1.0,9.625266791381048,"physical_damage_per_capita multiplied by JUSTICE welfare_function.calculate_discount_rate; regional time-discounting visibility, not full welfare aggregation",-31116.502585877628,"scalar from welfare_function.calculate_welfare(physical_damage, welfare_loss=True)"
2282,rjan57 / Japan & Pacific,Prioritarian,0.0,1.45,2.0,0.0,0.0,9.619861918119343,1.0,9.619861918119343,"physical_damage_per_capita multiplied by JUSTICE welfare_function.calculate_discount_rate; regional time-discounting visibility, not full welfare aggregation",-31116.502585877628,"scalar from welfare_function.calculate_welfare(physical_damage, welfare_loss=True)"
2283,rjan57 / Japan & Pacific,Prioritarian,0.0,1.45,2.0,0.0,0.0,9.61114415212617,1.0,9.61114415212617,"physical_damage_per_capita multiplied by JUSTICE welfare_function.calculate_discount_rate; regional time-discounting visibility, not full welfare aggregation",-31116.502585877628,"scalar from welfare_function.calculate_welfare(physical_damage, welfare_loss=True)"
2284,rjan57 / Japan & Pacific,Prioritarian,0.0,1.45,2.0,0.0,0.0,9.60476816236957,1.0,9.60476816236957,"physical_damage_per_capita multiplied by JUSTICE welfare_function.calculate_discount_rate; regional time-discounting visibility, not full welfare aggregation",-31116.502585877628,"scalar from welfare_function.calculate_welfare(physical_damage, welfare_loss=True)"
2285,rjan57 / Japan & Pacific,Prioritarian,0.0,1.45,2.0,0.0,0.0,9.601493693410092,1.0,9.601493693410092,"physical_damage_per_capita multiplied by JUSTICE welfare_function.calculate_discount_rate; regional time-discounting visibility, not full welfare aggregation",-31116.502585877628,"scalar from welfare_function.calculate_welfare(physical_damage, welfare_loss=True)"
2286,rjan57 / Japan & Pacific,Prioritarian,0.0,1.45,2.0,0.0,0.0,9.60295744120788,1.0,9.60295744120788,"physical_damage_per_capita multiplied by JUSTICE welfare_function.calculate_discount_rate; regional time-discounting visibility, not full welfare aggregation",-31116.502585877628,"scalar from welfare_function.calculate_welfare(physical_damage, welfare_loss=True)"
2287,rjan57 / Japan & Pacific,Prioritarian,0.0,1.45,2.0,0.0,0.0,9.61336061079618,1.0,9.61336061079618,"physical_damage_per_capita multiplied by JUSTICE welfare_function.calculate_discount_rate; regional time-discounting visibility, not full welfare aggregation",-31116.502585877628,"scalar from welfare_function.calculate_welfare(physical_damage, welfare_loss=True)"
2288,rjan57 / Japan & Pacific,Prioritarian,0.0,1.45,2.0,0.0,0.0,9.632310369713458,1.0,9.632310369713458,"physical_damage_per_capita multiplied by JUSTICE welfare_function.calculate_discount_rate; regional time-discounting visibility, not full welfare aggregation",-31116.502585877628,"scalar from welfare_function.calculate_welfare(physical_damage, welfare_loss=True)"
2289,rjan57 / Japan & Pacific,Prioritarian,0.0,1.45,2.0,0.0,0.0,9.651452380466212,1.0,9.651452380466212,"physical_damage_per_capita multiplied by JUSTICE welfare_function.calculate_discount_rate; regional time-discounting visibility, not full welfare aggregation",-31116.502585877628,"scalar from welfare_function.calculate_welfare(physical_damage, welfare_loss=True)"
2290,rjan57 / Japan & Pacific,Prioritarian,0.0,1.45,2.0,0.0,0.0,9.663908712830535,1.0,9.663908712830535,"physical_damage_per_capita multiplied by JUSTICE welfare_function.calculate_discount_rate; regional time-discounting visibility, not full welfare aggregation",-31116.502585877628,"scalar from welfare_function.calculate_welfare(physical_damage, welfare_loss=True)"
2291,rjan57 / Japan & Pacific,Prioritarian,0.0,1.45,2.0,0.0,0.0,9.663699802341727,1.0,9.663699802341727,"physical_damage_per_capita multiplied by JUSTICE welfare_function.calculate_discount_rate; regional time-discounting visibility, not full welfare aggregation",-31116.502585877628,"scalar from welfare_function.calculate_welfare(physical_damage, welfare_loss=True)"
2292,rjan57 / Japan & Pacific,Prioritarian,0.0,1.45,2.0,0.0,0.0,9.655822174988213,1.0,9.655822174988213,"physical_damage_per_capita multiplied by JUSTICE welfare_function.calculate_discount_rate; regional time-discounting visibility, not full welfare aggregation",-31116.502585877628,"scalar from welfare_function.calculate_welfare(physical_damage, welfare_loss=True)"
2293,rjan57 / Japan & Pacific,Prioritarian,0.0,1.45,2.0,0.0,0.0,9.647908275148792,1.0,9.647908275148792,"physical_damage_per_capita multiplied by JUSTICE welfare_function.calculate_discount_rate; regional time-discounting visibility, not full welfare aggregation",-31116.502585877628,"scalar from welfare_function.calculate_welfare(physical_damage, welfare_loss=True)"
2294,rjan57 / Japan & Pacific,Prioritarian,0.0,1.45,2.0,0.0,0.0,9.638230026448534,1.0,9.638230026448534,"physical_damage_per_capita multiplied by JUSTICE welfare_function.calculate_discount_rate; regional time-discounting visibility, not full welfare aggregation",-31116.502585877628,"scalar from welfare_function.calculate_welfare(physical_damage, welfare_loss=True)"
2295,rjan57 / Japan & Pacific,Prioritarian,0.0,1.45,2.0,0.0,0.0,9.62919087520027,1.0,9.62919087520027,"physical_damage_per_capita multiplied by JUSTICE welfare_function.calculate_discount_rate; regional time-discounting visibility, not full welfare aggregation",-31116.502585877628,"scalar from welfare_function.calculate_welfare(physical_damage, welfare_loss=True)"
2296,rjan57 / Japan & Pacific,Prioritarian,0.0,1.45,2.0,0.0,0.0,9.625085907412826,1.0,9.625085907412826,"physical_damage_per_capita multiplied by JUSTICE welfare_function.calculate_discount_rate; regional time-discounting visibility, not full welfare aggregation",-31116.502585877628,"scalar from welfare_function.calculate_welfare(physical_damage, welfare_loss=True)"
2297,rjan57 / Japan & Pacific,Prioritarian,0.0,1.45,2.0,0.0,0.0,9.630863101580356,1.0,9.630863101580356,"physical_damage_per_capita multiplied by JUSTICE welfare_function.calculate_discount_rate; regional time-discounting visibility, not full welfare aggregation",-31116.502585877628,"scalar from welfare_function.calculate_welfare(physical_damage, welfare_loss=True)"
2298,rjan57 / Japan & Pacific,Prioritarian,0.0,1.45,2.0,0.0,0.0,9.645119049650289,1.0,9.645119049650289,"physical_damage_per_capita multiplied by JUSTICE welfare_function.calculate_discount_rate; regional time-discounting visibility, not full welfare aggregation",-31116.502585877628,"scalar from welfare_function.calculate_welfare(physical_damage, welfare_loss=True)"
2299,rjan57 / Japan & Pacific,Prioritarian,0.0,1.45,2.0,0.0,0.0,9.663194542847105,1.0,9.663194542847105,"physical_damage_per_capita multiplied by JUSTICE welfare_function.calculate_discount_rate; regional time-discounting visibility, not full welfare aggregation",-31116.502585877628,"scalar from welfare_function.calculate_welfare(physical_damage, welfare_loss=True)"
2300,rjan57 / Japan & Pacific,Prioritarian,0.0,1.45,2.0,0.0,0.0,9.678257151921152,1.0,9.678257151921152,"physical_damage_per_capita multiplied by JUSTICE welfare_function.calculate_discount_rate; regional time-discounting visibility, not full welfare aggregation",-31116.502585877628,"scalar from welfare_function.calculate_welfare(physical_damage, welfare_loss=True)"
2015,rsas / South Asia,Prioritarian,0.0,1.45,2.0,0.0,0.0,0.0,1.0,0.0,"physical_damage_per_capita multiplied by JUSTICE welfare_function.calculate_discount_rate; regional time-discounting visibility, not full welfare aggregation",-31116.502585877628,"scalar from welfare_function.calculate_welfare(physical_damage, welfare_loss=True)"
2016,rsas / South Asia,Prioritarian,0.0,1.45,2.0,0.0,0.0,0.0,1.0,0.0,"physical_damage_per_capita multiplied by JUSTICE welfare_function.calculate_discount_rate; regional time-discounting visibility, not full welfare aggregation",-31116.502585877628,"scalar from welfare_function.calculate_welfare(physical_damage, welfare_loss=True)"
2017,rsas / South Asia,Prioritarian,0.0,1.45,2.0,0.0,0.0,0.0,1.0,0.0,"physical_damage_per_capita multiplied by JUSTICE welfare_function.calculate_discount_rate; regional time-discounting visibility, not full welfare aggregation",-31116.502585877628,"scalar from welfare_function.calculate_welfare(physical_damage, welfare_loss=True)"
2018,rsas / South Asia,Prioritarian,0.0,1.45,2.0,0.0,0.0,1.0086836715802105e-06,1.0,1.0086836715802105e-06,"physical_damage_per_capita multiplied by JUSTICE welfare_function.calculate_discount_rate; regional time-discounting visibility, not full welfare aggregation",-31116.502585877628,"scalar from welfare_function.calculate_welfare(physical_damage, welfare_loss=True)"
2019,rsas / South Asia,Prioritarian,0.0,1.45,2.0,0.0,0.0,0.006268612545165623,1.0,0.006268612545165623,"physical_damage_per_capita multiplied by JUSTICE welfare_function.calculate_discount_rate; regional time-discounting visibility, not full welfare aggregation",-31116.502585877628,"scalar from welfare_function.calculate_welfare(physical_damage, welfare_loss=True)"
2020,rsas / South Asia,Prioritarian,0.0,1.45,2.0,0.0,0.0,0.012405244089514666,1.0,0.012405244089514666,"physical_damage_per_capita multiplied by JUSTICE welfare_function.calculate_discount_rate; regional time-discounting visibility, not full welfare aggregation",-31116.502585877628,"scalar from welfare_function.calculate_welfare(physical_damage, welfare_loss=True)"
2021,rsas / South Asia,Prioritarian,0.0,1.45,2.0,0.0,0.0,0.018868412157474295,1.0,0.018868412157474295,"physical_damage_per_capita multiplied by JUSTICE welfare_function.calculate_discount_rate; regional time-discounting visibility, not full welfare aggregation",-31116.502585877628,"scalar from welfare_function.calculate_welfare(physical_damage, welfare_loss=True)"
2022,rsas / South Asia,Prioritarian,0.0,1.45,2.0,0.0,0.0,0.02565564309658419,1.0,0.02565564309658419,"physical_damage_per_capita multiplied by JUSTICE welfare_function.calculate_discount_rate; regional time-discounting visibility, not full welfare aggregation",-31116.502585877628,"scalar from welfare_function.calculate_welfare(physical_damage, welfare_loss=True)"
2023,rsas / South Asia,Prioritarian,0.0,1.45,2.0,0.0,0.0,0.03330666139277572,1.0,0.03330666139277572,"physical_damage_per_capita multiplied by JUSTICE welfare_function.calculate_discount_rate; regional time-discounting visibility, not full welfare aggregation",-31116.502585877628,"scalar from welfare_function.calculate_welfare(physical_damage, welfare_loss=True)"
2024,rsas / South Asia,Prioritarian,0.0,1.45,2.0,0.0,0.0,0.041404034540144796,1.0,0.041404034540144796,"physical_damage_per_capita multiplied by JUSTICE welfare_function.calculate_discount_rate; regional time-discounting visibility, not full welfare aggregation",-31116.502585877628,"scalar from welfare_function.calculate_welfare(physical_damage, welfare_loss=True)"
2025,rsas / South Asia,Prioritarian,0.0,1.45,2.0,0.0,0.0,0.04958607945384667,1.0,0.04958607945384667,"physical_damage_per_capita multiplied by JUSTICE welfare_function.calculate_discount_rate; regional time-discounting visibility, not full welfare aggregation",-31116.502585877628,"scalar from welfare_function.calculate_welfare(physical_damage, welfare_loss=True)"
2026,rsas / South Asia,Prioritarian,0.0,1.45,2.0,0.0,0.0,0.05752370916938063,1.0,0.05752370916938063,"physical_damage_per_capita multiplied by JUSTICE welfare_function.calculate_discount_rate; regional time-discounting visibility, not full welfare aggregation",-31116.502585877628,"scalar from welfare_function.calculate_welfare(physical_damage, welfare_loss=True)"
2027,rsas / South Asia,Prioritarian,0.0,1.45,2.0,0.0,0.0,0.06476157813094173,1.0,0.06476157813094173,"physical_damage_per_capita multiplied by JUSTICE welfare_function.calculate_discount_rate; regional time-discounting visibility, not full welfare aggregation",-31116.502585877628,"scalar from welfare_function.calculate_welfare(physical_damage, welfare_loss=True)"
2028,rsas / South Asia,Prioritarian,0.0,1.45,2.0,0.0,0.0,0.07129162766482976,1.0,0.07129162766482976,"physical_damage_per_capita multiplied by JUSTICE welfare_function.calculate_discount_rate; regional time-discounting visibility, not full welfare aggregation",-31116.502585877628,"scalar from welfare_function.calculate_welfare(physical_damage, welfare_loss=True)"
2029,rsas / South Asia,Prioritarian,0.0,1.45,2.0,0.0,0.0,0.07743831863565147,1.0,0.07743831863565147,"physical_damage_per_capita multiplied by JUSTICE welfare_function.calculate_discount_rate; regional time-discounting visibility, not full welfare aggregation",-31116.502585877628,"scalar from welfare_function.calculate_welfare(physical_damage, welfare_loss=True)"
2030,rsas / South Asia,Prioritarian,0.0,1.45,2.0,0.0,0.0,0.08368632585238356,1.0,0.08368632585238356,"physical_damage_per_capita multiplied by JUSTICE welfare_function.calculate_discount_rate; regional time-discounting visibility, not full welfare aggregation",-31116.502585877628,"scalar from welfare_function.calculate_welfare(physical_damage, welfare_loss=True)"
2031,rsas / South Asia,Prioritarian,0.0,1.45,2.0,0.0,0.0,0.09066875449005968,1.0,0.09066875449005968,"physical_damage_per_capita multiplied by JUSTICE welfare_function.calculate_discount_rate; regional time-discounting visibility, not full welfare aggregation",-31116.502585877628,"scalar from welfare_function.calculate_welfare(physical_damage, welfare_loss=True)"
2032,rsas / South Asia,Prioritarian,0.0,1.45,2.0,0.0,0.0,0.09784622387312601,1.0,0.09784622387312601,"physical_damage_per_capita multiplied by JUSTICE welfare_function.calculate_discount_rate; regional time-discounting visibility, not full welfare aggregation",-31116.502585877628,"scalar from welfare_function.calculate_welfare(physical_damage, welfare_loss=True)"
2033,rsas / South Asia,Prioritarian,0.0,1.45,2.0,0.0,0.0,0.1053119429787746,1.0,0.1053119429787746,"physical_damage_per_capita multiplied by JUSTICE welfare_function.calculate_discount_rate; regional time-discounting visibility, not full welfare aggregation",-31116.502585877628,"scalar from welfare_function.calculate_welfare(physical_damage, welfare_loss=True)"
2034,rsas / South Asia,Prioritarian,0.0,1.45,2.0,0.0,0.0,0.11347407501333567,1.0,0.11347407501333567,"physical_damage_per_capita multiplied by JUSTICE welfare_function.calculate_discount_rate; regional time-discounting visibility, not full welfare aggregation",-31116.502585877628,"scalar from welfare_function.calculate_welfare(physical_damage, welfare_loss=True)"
2035,rsas / South Asia,Prioritarian,0.0,1.45,2.0,0.0,0.0,0.12270409353320826,1.0,0.12270409353320826,"physical_damage_per_capita multiplied by JUSTICE welfare_function.calculate_discount_rate; regional time-discounting visibility, not full welfare aggregation",-31116.502585877628,"scalar from welfare_function.calculate_welfare(physical_damage, welfare_loss=True)"
2036,rsas / South Asia,Prioritarian,0.0,1.45,2.0,0.0,0.0,0.13324591658343604,1.0,0.13324591658343604,"physical_damage_per_capita multiplied by JUSTICE welfare_function.calculate_discount_rate; regional time-discounting visibility, not full welfare aggregation",-31116.502585877628,"scalar from welfare_function.calculate_welfare(physical_damage, welfare_loss=True)"
2037,rsas / South Asia,Prioritarian,0.0,1.45,2.0,0.0,0.0,0.1442690737793394,1.0,0.1442690737793394,"physical_damage_per_capita multiplied by JUSTICE welfare_function.calculate_discount_rate; regional time-discounting visibility, not full welfare aggregation",-31116.502585877628,"scalar from welfare_function.calculate_welfare(physical_damage, welfare_loss=True)"
2038,rsas / South Asia,Prioritarian,0.0,1.45,2.0,0.0,0.0,0.15519795623070812,1.0,0.15519795623070812,"physical_damage_per_capita multiplied by JUSTICE welfare_function.calculate_discount_rate; regional time-discounting visibility, not full welfare aggregation",-31116.502585877628,"scalar from welfare_function.calculate_welfare(physical_damage, welfare_loss=True)"
2039,rsas / South Asia,Prioritarian,0.0,1.45,2.0,0.0,0.0,0.16577521818098395,1.0,0.16577521818098395,"physical_damage_per_capita multiplied by JUSTICE welfare_function.calculate_discount_rate; regional time-discounting visibility, not full welfare aggregation",-31116.502585877628,"scalar from welfare_function.calculate_welfare(physical_damage, welfare_loss=True)"
2040,rsas / South Asia,Prioritarian,0.0,1.45,2.0,0.0,0.0,0.17593798307362468,1.0,0.17593798307362468,"physical_damage_per_capita multiplied by JUSTICE welfare_function.calculate_discount_rate; regional time-discounting visibility, not full welfare aggregation",-31116.502585877628,"scalar from welfare_function.calculate_welfare(physical_damage, welfare_loss=True)"
2041,rsas / South Asia,Prioritarian,0.0,1.45,2.0,0.0,0.0,0.1866577108571066,1.0,0.1866577108571066,"physical_damage_per_capita multiplied by JUSTICE welfare_function.calculate_discount_rate; regional time-discounting visibility, not full welfare aggregation",-31116.502585877628,"scalar from welfare_function.calculate_welfare(physical_damage, welfare_loss=True)"
2042,rsas / South Asia,Prioritarian,0.0,1.45,2.0,0.0,0.0,0.1969360396704985,1.0,0.1969360396704985,"physical_damage_per_capita multiplied by JUSTICE welfare_function.calculate_discount_rate; regional time-discounting visibility, not full welfare aggregation",-31116.502585877628,"scalar from welfare_function.calculate_welfare(physical_damage, welfare_loss=True)"
2043,rsas / South Asia,Prioritarian,0.0,1.45,2.0,0.0,0.0,0.20717918450134742,1.0,0.20717918450134742,"physical_damage_per_capita multiplied by JUSTICE welfare_function.calculate_discount_rate; regional time-discounting visibility, not full welfare aggregation",-31116.502585877628,"scalar from welfare_function.calculate_welfare(physical_damage, welfare_loss=True)"
2044,rsas / South Asia,Prioritarian,0.0,1.45,2.0,0.0,0.0,0.2179729208047638,1.0,0.2179729208047638,"physical_damage_per_capita multiplied by JUSTICE welfare_function.calculate_discount_rate; regional time-discounting visibility, not full welfare aggregation",-31116.502585877628,"scalar from welfare_function.calculate_welfare(physical_damage, welfare_loss=True)"
2045,rsas / South Asia,Prioritarian,0.0,1.45,2.0,0.0,0.0,0.22970180448124222,1.0,0.22970180448124222,"physical_damage_per_capita multiplied by JUSTICE welfare_function.calculate_discount_rate; regional time-discounting visibility, not full welfare aggregation",-31116.502585877628,"scalar from welfare_function.calculate_welfare(physical_damage, welfare_loss=True)"
2046,rsas / South Asia,Prioritarian,0.0,1.45,2.0,0.0,0.0,0.24294059057309964,1.0,0.24294059057309964,"physical_damage_per_capita multiplied by JUSTICE welfare_function.calculate_discount_rate; regional time-discounting visibility, not full welfare aggregation",-31116.502585877628,"scalar from welfare_function.calculate_welfare(physical_damage, welfare_loss=True)"
2047,rsas / South Asia,Prioritarian,0.0,1.45,2.0,0.0,0.0,0.25773592270287293,1.0,0.25773592270287293,"physical_damage_per_capita multiplied by JUSTICE welfare_function.calculate_discount_rate; regional time-discounting visibility, not full welfare aggregation",-31116.502585877628,"scalar from welfare_function.calculate_welfare(physical_damage, welfare_loss=True)"
2048,rsas / South Asia,Prioritarian,0.0,1.45,2.0,0.0,0.0,0.2738784970226791,1.0,0.2738784970226791,"physical_damage_per_capita multiplied by JUSTICE welfare_function.calculate_discount_rate; regional time-discounting visibility, not full welfare aggregation",-31116.502585877628,"scalar from welfare_function.calculate_welfare(physical_damage, welfare_loss=True)"
2049,rsas / South Asia,Prioritarian,0.0,1.45,2.0,0.0,0.0,0.29073510708768885,1.0,0.29073510708768885,"physical_damage_per_capita multiplied by JUSTICE welfare_function.calculate_discount_rate; regional time-discounting visibility, not full welfare aggregation",-31116.502585877628,"scalar from welfare_function.calculate_welfare(physical_damage, welfare_loss=True)"
2050,rsas / South Asia,Prioritarian,0.0,1.45,2.0,0.0,0.0,0.3076420941212735,1.0,0.3076420941212735,"physical_damage_per_capita multiplied by JUSTICE welfare_function.calculate_discount_rate; regional time-discounting visibility, not full welfare aggregation",-31116.502585877628,"scalar from welfare_function.calculate_welfare(physical_damage, welfare_loss=True)"
2051,rsas / South Asia,Prioritarian,0.0,1.45,2.0,0.0,0.0,0.32390998614556565,1.0,0.32390998614556565,"physical_damage_per_capita multiplied by JUSTICE welfare_function.calculate_discount_rate; regional time-discounting visibility, not full welfare aggregation",-31116.502585877628,"scalar from welfare_function.calculate_welfare(physical_damage, welfare_loss=True)"
2052,rsas / South Asia,Prioritarian,0.0,1.45,2.0,0.0,0.0,0.33883006621705275,1.0,0.33883006621705275,"physical_damage_per_capita multiplied by JUSTICE welfare_function.calculate_discount_rate; regional time-discounting visibility, not full welfare aggregation",-31116.502585877628,"scalar from welfare_function.calculate_welfare(physical_damage, welfare_loss=True)"
2053,rsas / South Asia,Prioritarian,0.0,1.45,2.0,0.0,0.0,0.35338830214505107,1.0,0.35338830214505107,"physical_damage_per_capita multiplied by JUSTICE welfare_function.calculate_discount_rate; regional time-discounting visibility, not full welfare aggregation",-31116.502585877628,"scalar from welfare_function.calculate_welfare(physical_damage, welfare_loss=True)"
2054,rsas / South Asia,Prioritarian,0.0,1.45,2.0,0.0,0.0,0.3682678639784396,1.0,0.3682678639784396,"physical_damage_per_capita multiplied by JUSTICE welfare_function.calculate_discount_rate; regional time-discounting visibility, not full welfare aggregation",-31116.502585877628,"scalar from welfare_function.calculate_welfare(physical_damage, welfare_loss=True)"
2055,rsas / South Asia,Prioritarian,0.0,1.45,2.0,0.0,0.0,0.383585184252034,1.0,0.383585184252034,"physical_damage_per_capita multiplied by JUSTICE welfare_function.calculate_discount_rate; regional time-discounting visibility, not full welfare aggregation",-31116.502585877628,"scalar from welfare_function.calculate_welfare(physical_damage, welfare_loss=True)"
2056,rsas / South Asia,Prioritarian,0.0,1.45,2.0,0.0,0.0,0.40044368507280576,1.0,0.40044368507280576,"physical_damage_per_capita multiplied by JUSTICE welfare_function.calculate_discount_rate; regional time-discounting visibility, not full welfare aggregation",-31116.502585877628,"scalar from welfare_function.calculate_welfare(physical_damage, welfare_loss=True)"
2057,rsas / South Asia,Prioritarian,0.0,1.45,2.0,0.0,0.0,0.4189438787069762,1.0,0.4189438787069762,"physical_damage_per_capita multiplied by JUSTICE welfare_function.calculate_discount_rate; regional time-discounting visibility, not full welfare aggregation",-31116.502585877628,"scalar from welfare_function.calculate_welfare(physical_damage, welfare_loss=True)"
2058,rsas / South Asia,Prioritarian,0.0,1.45,2.0,0.0,0.0,0.4391814823570611,1.0,0.4391814823570611,"physical_damage_per_capita multiplied by JUSTICE welfare_function.calculate_discount_rate; regional time-discounting visibility, not full welfare aggregation",-31116.502585877628,"scalar from welfare_function.calculate_welfare(physical_damage, welfare_loss=True)"
2059,rsas / South Asia,Prioritarian,0.0,1.45,2.0,0.0,0.0,0.45990588483038986,1.0,0.45990588483038986,"physical_damage_per_capita multiplied by JUSTICE welfare_function.calculate_discount_rate; regional time-discounting visibility, not full welfare aggregation",-31116.502585877628,"scalar from welfare_function.calculate_welfare(physical_damage, welfare_loss=True)"
2060,rsas / South Asia,Prioritarian,0.0,1.45,2.0,0.0,0.0,0.480386927560229,1.0,0.480386927560229,"physical_damage_per_capita multiplied by JUSTICE welfare_function.calculate_discount_rate; regional time-discounting visibility, not full welfare aggregation",-31116.502585877628,"scalar from welfare_function.calculate_welfare(physical_damage, welfare_loss=True)"
2061,rsas / South Asia,Prioritarian,0.0,1.45,2.0,0.0,0.0,0.5018965438945194,1.0,0.5018965438945194,"physical_damage_per_capita multiplied by JUSTICE welfare_function.calculate_discount_rate; regional time-discounting visibility, not full welfare aggregation",-31116.502585877628,"scalar from welfare_function.calculate_welfare(physical_damage, welfare_loss=True)"
2062,rsas / South Asia,Prioritarian,0.0,1.45,2.0,0.0,0.0,0.5229742794631149,1.0,0.5229742794631149,"physical_damage_per_capita multiplied by JUSTICE welfare_function.calculate_discount_rate; regional time-discounting visibility, not full welfare aggregation",-31116.502585877628,"scalar from welfare_function.calculate_welfare(physical_damage, welfare_loss=True)"
2063,rsas / South Asia,Prioritarian,0.0,1.45,2.0,0.0,0.0,0.5432650749925223,1.0,0.5432650749925223,"physical_damage_per_capita multiplied by JUSTICE welfare_function.calculate_discount_rate; regional time-discounting visibility, not full welfare aggregation",-31116.502585877628,"scalar from welfare_function.calculate_welfare(physical_damage, welfare_loss=True)"
2064,rsas / South Asia,Prioritarian,0.0,1.45,2.0,0.0,0.0,0.5635454768291452,1.0,0.5635454768291452,"physical_damage_per_capita multiplied by JUSTICE welfare_function.calculate_discount_rate; regional time-discounting visibility, not full welfare aggregation",-31116.502585877628,"scalar from welfare_function.calculate_welfare(physical_damage, welfare_loss=True)"
2065,rsas / South Asia,Prioritarian,0.0,1.45,2.0,0.0,0.0,0.5845160311012194,1.0,0.5845160311012194,"physical_damage_per_capita multiplied by JUSTICE welfare_function.calculate_discount_rate; regional time-discounting visibility, not full welfare aggregation",-31116.502585877628,"scalar from welfare_function.calculate_welfare(physical_damage, welfare_loss=True)"
2066,rsas / South Asia,Prioritarian,0.0,1.45,2.0,0.0,0.0,0.6072951212877237,1.0,0.6072951212877237,"physical_damage_per_capita multiplied by JUSTICE welfare_function.calculate_discount_rate; regional time-discounting visibility, not full welfare aggregation",-31116.502585877628,"scalar from welfare_function.calculate_welfare(physical_damage, welfare_loss=True)"
2067,rsas / South Asia,Prioritarian,0.0,1.45,2.0,0.0,0.0,0.631298675497423,1.0,0.631298675497423,"physical_damage_per_capita multiplied by JUSTICE welfare_function.calculate_discount_rate; regional time-discounting visibility, not full welfare aggregation",-31116.502585877628,"scalar from welfare_function.calculate_welfare(physical_damage, welfare_loss=True)"
2068,rsas / South Asia,Prioritarian,0.0,1.45,2.0,0.0,0.0,0.6573876505118903,1.0,0.6573876505118903,"physical_damage_per_capita multiplied by JUSTICE welfare_function.calculate_discount_rate; regional time-discounting visibility, not full welfare aggregation",-31116.502585877628,"scalar from welfare_function.calculate_welfare(physical_damage, welfare_loss=True)"
2069,rsas / South Asia,Prioritarian,0.0,1.45,2.0,0.0,0.0,0.6856768030150053,1.0,0.6856768030150053,"physical_damage_per_capita multiplied by JUSTICE welfare_function.calculate_discount_rate; regional time-discounting visibility, not full welfare aggregation",-31116.502585877628,"scalar from welfare_function.calculate_welfare(physical_damage, welfare_loss=True)"
2070,rsas / South Asia,Prioritarian,0.0,1.45,2.0,0.0,0.0,0.714881930085908,1.0,0.714881930085908,"physical_damage_per_capita multiplied by JUSTICE welfare_function.calculate_discount_rate; regional time-discounting visibility, not full welfare aggregation",-31116.502585877628,"scalar from welfare_function.calculate_welfare(physical_damage, welfare_loss=True)"
2071,rsas / South Asia,Prioritarian,0.0,1.45,2.0,0.0,0.0,0.7441334219052566,1.0,0.7441334219052566,"physical_damage_per_capita multiplied by JUSTICE welfare_function.calculate_discount_rate; regional time-discounting visibility, not full welfare aggregation",-31116.502585877628,"scalar from welfare_function.calculate_welfare(physical_damage, welfare_loss=True)"
2072,rsas / South Asia,Prioritarian,0.0,1.45,2.0,0.0,0.0,0.7722322373566968,1.0,0.7722322373566968,"physical_damage_per_capita multiplied by JUSTICE welfare_function.calculate_discount_rate; regional time-discounting visibility, not full welfare aggregation",-31116.502585877628,"scalar from welfare_function.calculate_welfare(physical_damage, welfare_loss=True)"
2073,rsas / South Asia,Prioritarian,0.0,1.45,2.0,0.0,0.0,0.7993348347098711,1.0,0.7993348347098711,"physical_damage_per_capita multiplied by JUSTICE welfare_function.calculate_discount_rate; regional time-discounting visibility, not full welfare aggregation",-31116.502585877628,"scalar from welfare_function.calculate_welfare(physical_damage, welfare_loss=True)"
2074,rsas / South Asia,Prioritarian,0.0,1.45,2.0,0.0,0.0,0.8264142102269523,1.0,0.8264142102269523,"physical_damage_per_capita multiplied by JUSTICE welfare_function.calculate_discount_rate; regional time-discounting visibility, not full welfare aggregation",-31116.502585877628,"scalar from welfare_function.calculate_welfare(physical_damage, welfare_loss=True)"
2075,rsas / South Asia,Prioritarian,0.0,1.45,2.0,0.0,0.0,0.8543784528092039,1.0,0.8543784528092039,"physical_damage_per_capita multiplied by JUSTICE welfare_function.calculate_discount_rate; regional time-discounting visibility, not full welfare aggregation",-31116.502585877628,"scalar from welfare_function.calculate_welfare(physical_damage, welfare_loss=True)"
2076,rsas / South Asia,Prioritarian,0.0,1.45,2.0,0.0,0.0,0.8836943534282149,1.0,0.8836943534282149,"physical_damage_per_capita multiplied by JUSTICE welfare_function.calculate_discount_rate; regional time-discounting visibility, not full welfare aggregation",-31116.502585877628,"scalar from welfare_function.calculate_welfare(physical_damage, welfare_loss=True)"
2077,rsas / South Asia,Prioritarian,0.0,1.45,2.0,0.0,0.0,0.9136689489079836,1.0,0.9136689489079836,"physical_damage_per_capita multiplied by JUSTICE welfare_function.calculate_discount_rate; regional time-discounting visibility, not full welfare aggregation",-31116.502585877628,"scalar from welfare_function.calculate_welfare(physical_damage, welfare_loss=True)"
2078,rsas / South Asia,Prioritarian,0.0,1.45,2.0,0.0,0.0,0.9445443183468702,1.0,0.9445443183468702,"physical_damage_per_capita multiplied by JUSTICE welfare_function.calculate_discount_rate; regional time-discounting visibility, not full welfare aggregation",-31116.502585877628,"scalar from welfare_function.calculate_welfare(physical_damage, welfare_loss=True)"
2079,rsas / South Asia,Prioritarian,0.0,1.45,2.0,0.0,0.0,0.9766925545419223,1.0,0.9766925545419223,"physical_damage_per_capita multiplied by JUSTICE welfare_function.calculate_discount_rate; regional time-discounting visibility, not full welfare aggregation",-31116.502585877628,"scalar from welfare_function.calculate_welfare(physical_damage, welfare_loss=True)"
2080,rsas / South Asia,Prioritarian,0.0,1.45,2.0,0.0,0.0,1.01094386905359,1.0,1.01094386905359,"physical_damage_per_capita multiplied by JUSTICE welfare_function.calculate_discount_rate; regional time-discounting visibility, not full welfare aggregation",-31116.502585877628,"scalar from welfare_function.calculate_welfare(physical_damage, welfare_loss=True)"
2081,rsas / South Asia,Prioritarian,0.0,1.45,2.0,0.0,0.0,1.0480016654401976,1.0,1.0480016654401976,"physical_damage_per_capita multiplied by JUSTICE welfare_function.calculate_discount_rate; regional time-discounting visibility, not full welfare aggregation",-31116.502585877628,"scalar from welfare_function.calculate_welfare(physical_damage, welfare_loss=True)"
2082,rsas / South Asia,Prioritarian,0.0,1.45,2.0,0.0,0.0,1.0863314573151812,1.0,1.0863314573151812,"physical_damage_per_capita multiplied by JUSTICE welfare_function.calculate_discount_rate; regional time-discounting visibility, not full welfare aggregation",-31116.502585877628,"scalar from welfare_function.calculate_welfare(physical_damage, welfare_loss=True)"
2083,rsas / South Asia,Prioritarian,0.0,1.45,2.0,0.0,0.0,1.124769593216124,1.0,1.124769593216124,"physical_damage_per_capita multiplied by JUSTICE welfare_function.calculate_discount_rate; regional time-discounting visibility, not full welfare aggregation",-31116.502585877628,"scalar from welfare_function.calculate_welfare(physical_damage, welfare_loss=True)"
2084,rsas / South Asia,Prioritarian,0.0,1.45,2.0,0.0,0.0,1.1628610625766733,1.0,1.1628610625766733,"physical_damage_per_capita multiplied by JUSTICE welfare_function.calculate_discount_rate; regional time-discounting visibility, not full welfare aggregation",-31116.502585877628,"scalar from welfare_function.calculate_welfare(physical_damage, welfare_loss=True)"
2085,rsas / South Asia,Prioritarian,0.0,1.45,2.0,0.0,0.0,1.2002960404810268,1.0,1.2002960404810268,"physical_damage_per_capita multiplied by JUSTICE welfare_function.calculate_discount_rate; regional time-discounting visibility, not full welfare aggregation",-31116.502585877628,"scalar from welfare_function.calculate_welfare(physical_damage, welfare_loss=True)"
2086,rsas / South Asia,Prioritarian,0.0,1.45,2.0,0.0,0.0,1.238219014112467,1.0,1.238219014112467,"physical_damage_per_capita multiplied by JUSTICE welfare_function.calculate_discount_rate; regional time-discounting visibility, not full welfare aggregation",-31116.502585877628,"scalar from welfare_function.calculate_welfare(physical_damage, welfare_loss=True)"
2087,rsas / South Asia,Prioritarian,0.0,1.45,2.0,0.0,0.0,1.2759328389208202,1.0,1.2759328389208202,"physical_damage_per_capita multiplied by JUSTICE welfare_function.calculate_discount_rate; regional time-discounting visibility, not full welfare aggregation",-31116.502585877628,"scalar from welfare_function.calculate_welfare(physical_damage, welfare_loss=True)"
2088,rsas / South Asia,Prioritarian,0.0,1.45,2.0,0.0,0.0,1.3134958222998945,1.0,1.3134958222998945,"physical_damage_per_capita multiplied by JUSTICE welfare_function.calculate_discount_rate; regional time-discounting visibility, not full welfare aggregation",-31116.502585877628,"scalar from welfare_function.calculate_welfare(physical_damage, welfare_loss=True)"
2089,rsas / South Asia,Prioritarian,0.0,1.45,2.0,0.0,0.0,1.352500559153559,1.0,1.352500559153559,"physical_damage_per_capita multiplied by JUSTICE welfare_function.calculate_discount_rate; regional time-discounting visibility, not full welfare aggregation",-31116.502585877628,"scalar from welfare_function.calculate_welfare(physical_damage, welfare_loss=True)"
2090,rsas / South Asia,Prioritarian,0.0,1.45,2.0,0.0,0.0,1.393429598878162,1.0,1.393429598878162,"physical_damage_per_capita multiplied by JUSTICE welfare_function.calculate_discount_rate; regional time-discounting visibility, not full welfare aggregation",-31116.502585877628,"scalar from welfare_function.calculate_welfare(physical_damage, welfare_loss=True)"
2091,rsas / South Asia,Prioritarian,0.0,1.45,2.0,0.0,0.0,1.4377897217786437,1.0,1.4377897217786437,"physical_damage_per_capita multiplied by JUSTICE welfare_function.calculate_discount_rate; regional time-discounting visibility, not full welfare aggregation",-31116.502585877628,"scalar from welfare_function.calculate_welfare(physical_damage, welfare_loss=True)"
2092,rsas / South Asia,Prioritarian,0.0,1.45,2.0,0.0,0.0,1.4855307888386187,1.0,1.4855307888386187,"physical_damage_per_capita multiplied by JUSTICE welfare_function.calculate_discount_rate; regional time-discounting visibility, not full welfare aggregation",-31116.502585877628,"scalar from welfare_function.calculate_welfare(physical_damage, welfare_loss=True)"
2093,rsas / South Asia,Prioritarian,0.0,1.45,2.0,0.0,0.0,1.53580275088205,1.0,1.53580275088205,"physical_damage_per_capita multiplied by JUSTICE welfare_function.calculate_discount_rate; regional time-discounting visibility, not full welfare aggregation",-31116.502585877628,"scalar from welfare_function.calculate_welfare(physical_damage, welfare_loss=True)"
2094,rsas / South Asia,Prioritarian,0.0,1.45,2.0,0.0,0.0,1.5872850972369432,1.0,1.5872850972369432,"physical_damage_per_capita multiplied by JUSTICE welfare_function.calculate_discount_rate; regional time-discounting visibility, not full welfare aggregation",-31116.502585877628,"scalar from welfare_function.calculate_welfare(physical_damage, welfare_loss=True)"
2095,rsas / South Asia,Prioritarian,0.0,1.45,2.0,0.0,0.0,1.6378196208469546,1.0,1.6378196208469546,"physical_damage_per_capita multiplied by JUSTICE welfare_function.calculate_discount_rate; regional time-discounting visibility, not full welfare aggregation",-31116.502585877628,"scalar from welfare_function.calculate_welfare(physical_damage, welfare_loss=True)"
2096,rsas / South Asia,Prioritarian,0.0,1.45,2.0,0.0,0.0,1.688402084659633,1.0,1.688402084659633,"physical_damage_per_capita multiplied by JUSTICE welfare_function.calculate_discount_rate; regional time-discounting visibility, not full welfare aggregation",-31116.502585877628,"scalar from welfare_function.calculate_welfare(physical_damage, welfare_loss=True)"
2097,rsas / South Asia,Prioritarian,0.0,1.45,2.0,0.0,0.0,1.7373586878334648,1.0,1.7373586878334648,"physical_damage_per_capita multiplied by JUSTICE welfare_function.calculate_discount_rate; regional time-discounting visibility, not full welfare aggregation",-31116.502585877628,"scalar from welfare_function.calculate_welfare(physical_damage, welfare_loss=True)"
2098,rsas / South Asia,Prioritarian,0.0,1.45,2.0,0.0,0.0,1.786126370258723,1.0,1.786126370258723,"physical_damage_per_capita multiplied by JUSTICE welfare_function.calculate_discount_rate; regional time-discounting visibility, not full welfare aggregation",-31116.502585877628,"scalar from welfare_function.calculate_welfare(physical_damage, welfare_loss=True)"
2099,rsas / South Asia,Prioritarian,0.0,1.45,2.0,0.0,0.0,1.8359432021113606,1.0,1.8359432021113606,"physical_damage_per_capita multiplied by JUSTICE welfare_function.calculate_discount_rate; regional time-discounting visibility, not full welfare aggregation",-31116.502585877628,"scalar from welfare_function.calculate_welfare(physical_damage, welfare_loss=True)"
2100,rsas / South Asia,Prioritarian,0.0,1.45,2.0,0.0,0.0,1.8876922020266935,1.0,1.8876922020266935,"physical_damage_per_capita multiplied by JUSTICE welfare_function.calculate_discount_rate; regional time-discounting visibility, not full welfare aggregation",-31116.502585877628,"scalar from welfare_function.calculate_welfare(physical_damage, welfare_loss=True)"
2101,rsas / South Asia,Prioritarian,0.0,1.45,2.0,0.0,0.0,1.9427228408067831,1.0,1.9427228408067831,"physical_damage_per_capita multiplied by JUSTICE welfare_function.calculate_discount_rate; regional time-discounting visibility, not full welfare aggregation",-31116.502585877628,"scalar from welfare_function.calculate_welfare(physical_damage, welfare_loss=True)"
2102,rsas / South Asia,Prioritarian,0.0,1.45,2.0,0.0,0.0,2.001835069849156,1.0,2.001835069849156,"physical_damage_per_capita multiplied by JUSTICE welfare_function.calculate_discount_rate; regional time-discounting visibility, not full welfare aggregation",-31116.502585877628,"scalar from welfare_function.calculate_welfare(physical_damage, welfare_loss=True)"
2103,rsas / South Asia,Prioritarian,0.0,1.45,2.0,0.0,0.0,2.0649798635180168,1.0,2.0649798635180168,"physical_damage_per_capita multiplied by JUSTICE welfare_function.calculate_discount_rate; regional time-discounting visibility, not full welfare aggregation",-31116.502585877628,"scalar from welfare_function.calculate_welfare(physical_damage, welfare_loss=True)"
2104,rsas / South Asia,Prioritarian,0.0,1.45,2.0,0.0,0.0,2.1281761239412975,1.0,2.1281761239412975,"physical_damage_per_capita multiplied by JUSTICE welfare_function.calculate_discount_rate; regional time-discounting visibility, not full welfare aggregation",-31116.502585877628,"scalar from welfare_function.calculate_welfare(physical_damage, welfare_loss=True)"
2105,rsas / South Asia,Prioritarian,0.0,1.45,2.0,0.0,0.0,2.1896818531252222,1.0,2.1896818531252222,"physical_damage_per_capita multiplied by JUSTICE welfare_function.calculate_discount_rate; regional time-discounting visibility, not full welfare aggregation",-31116.502585877628,"scalar from welfare_function.calculate_welfare(physical_damage, welfare_loss=True)"
2106,rsas / South Asia,Prioritarian,0.0,1.45,2.0,0.0,0.0,2.2505081700178113,1.0,2.2505081700178113,"physical_damage_per_capita multiplied by JUSTICE welfare_function.calculate_discount_rate; regional time-discounting visibility, not full welfare aggregation",-31116.502585877628,"scalar from welfare_function.calculate_welfare(physical_damage, welfare_loss=True)"
2107,rsas / South Asia,Prioritarian,0.0,1.45,2.0,0.0,0.0,2.309667929831652,1.0,2.309667929831652,"physical_damage_per_capita multiplied by JUSTICE welfare_function.calculate_discount_rate; regional time-discounting visibility, not full welfare aggregation",-31116.502585877628,"scalar from welfare_function.calculate_welfare(physical_damage, welfare_loss=True)"
2108,rsas / South Asia,Prioritarian,0.0,1.45,2.0,0.0,0.0,2.3682809141715038,1.0,2.3682809141715038,"physical_damage_per_capita multiplied by JUSTICE welfare_function.calculate_discount_rate; regional time-discounting visibility, not full welfare aggregation",-31116.502585877628,"scalar from welfare_function.calculate_welfare(physical_damage, welfare_loss=True)"
2109,rsas / South Asia,Prioritarian,0.0,1.45,2.0,0.0,0.0,2.4280455463749666,1.0,2.4280455463749666,"physical_damage_per_capita multiplied by JUSTICE welfare_function.calculate_discount_rate; regional time-discounting visibility, not full welfare aggregation",-31116.502585877628,"scalar from welfare_function.calculate_welfare(physical_damage, welfare_loss=True)"
2110,rsas / South Asia,Prioritarian,0.0,1.45,2.0,0.0,0.0,2.489785597269893,1.0,2.489785597269893,"physical_damage_per_capita multiplied by JUSTICE welfare_function.calculate_discount_rate; regional time-discounting visibility, not full welfare aggregation",-31116.502585877628,"scalar from welfare_function.calculate_welfare(physical_damage, welfare_loss=True)"
2111,rsas / South Asia,Prioritarian,0.0,1.45,2.0,0.0,0.0,2.5547085073941114,1.0,2.5547085073941114,"physical_damage_per_capita multiplied by JUSTICE welfare_function.calculate_discount_rate; regional time-discounting visibility, not full welfare aggregation",-31116.502585877628,"scalar from welfare_function.calculate_welfare(physical_damage, welfare_loss=True)"
2112,rsas / South Asia,Prioritarian,0.0,1.45,2.0,0.0,0.0,2.6236758708753496,1.0,2.6236758708753496,"physical_damage_per_capita multiplied by JUSTICE welfare_function.calculate_discount_rate; regional time-discounting visibility, not full welfare aggregation",-31116.502585877628,"scalar from welfare_function.calculate_welfare(physical_damage, welfare_loss=True)"
2113,rsas / South Asia,Prioritarian,0.0,1.45,2.0,0.0,0.0,2.698911359294287,1.0,2.698911359294287,"physical_damage_per_capita multiplied by JUSTICE welfare_function.calculate_discount_rate; regional time-discounting visibility, not full welfare aggregation",-31116.502585877628,"scalar from welfare_function.calculate_welfare(physical_damage, welfare_loss=True)"
2114,rsas / South Asia,Prioritarian,0.0,1.45,2.0,0.0,0.0,2.776303076763155,1.0,2.776303076763155,"physical_damage_per_capita multiplied by JUSTICE welfare_function.calculate_discount_rate; regional time-discounting visibility, not full welfare aggregation",-31116.502585877628,"scalar from welfare_function.calculate_welfare(physical_damage, welfare_loss=True)"
2115,rsas / South Asia,Prioritarian,0.0,1.45,2.0,0.0,0.0,2.851275509437793,1.0,2.851275509437793,"physical_damage_per_capita multiplied by JUSTICE welfare_function.calculate_discount_rate; regional time-discounting visibility, not full welfare aggregation",-31116.502585877628,"scalar from welfare_function.calculate_welfare(physical_damage, welfare_loss=True)"
2116,rsas / South Asia,Prioritarian,0.0,1.45,2.0,0.0,0.0,2.923067872205993,1.0,2.923067872205993,"physical_damage_per_capita multiplied by JUSTICE welfare_function.calculate_discount_rate; regional time-discounting visibility, not full welfare aggregation",-31116.502585877628,"scalar from welfare_function.calculate_welfare(physical_damage, welfare_loss=True)"
2117,rsas / South Asia,Prioritarian,0.0,1.45,2.0,0.0,0.0,2.9928328151665027,1.0,2.9928328151665027,"physical_damage_per_capita multiplied by JUSTICE welfare_function.calculate_discount_rate; regional time-discounting visibility, not full welfare aggregation",-31116.502585877628,"scalar from welfare_function.calculate_welfare(physical_damage, welfare_loss=True)"
2118,rsas / South Asia,Prioritarian,0.0,1.45,2.0,0.0,0.0,3.0625104644341423,1.0,3.0625104644341423,"physical_damage_per_capita multiplied by JUSTICE welfare_function.calculate_discount_rate; regional time-discounting visibility, not full welfare aggregation",-31116.502585877628,"scalar from welfare_function.calculate_welfare(physical_damage, welfare_loss=True)"
2119,rsas / South Asia,Prioritarian,0.0,1.45,2.0,0.0,0.0,3.1321537933896426,1.0,3.1321537933896426,"physical_damage_per_capita multiplied by JUSTICE welfare_function.calculate_discount_rate; regional time-discounting visibility, not full welfare aggregation",-31116.502585877628,"scalar from welfare_function.calculate_welfare(physical_damage, welfare_loss=True)"
2120,rsas / South Asia,Prioritarian,0.0,1.45,2.0,0.0,0.0,3.2035892235357535,1.0,3.2035892235357535,"physical_damage_per_capita multiplied by JUSTICE welfare_function.calculate_discount_rate; regional time-discounting visibility, not full welfare aggregation",-31116.502585877628,"scalar from welfare_function.calculate_welfare(physical_damage, welfare_loss=True)"
2121,rsas / South Asia,Prioritarian,0.0,1.45,2.0,0.0,0.0,3.2775511541339113,1.0,3.2775511541339113,"physical_damage_per_capita multiplied by JUSTICE welfare_function.calculate_discount_rate; regional time-discounting visibility, not full welfare aggregation",-31116.502585877628,"scalar from welfare_function.calculate_welfare(physical_damage, welfare_loss=True)"
2122,rsas / South Asia,Prioritarian,0.0,1.45,2.0,0.0,0.0,3.3562709401209254,1.0,3.3562709401209254,"physical_damage_per_capita multiplied by JUSTICE welfare_function.calculate_discount_rate; regional time-discounting visibility, not full welfare aggregation",-31116.502585877628,"scalar from welfare_function.calculate_welfare(physical_damage, welfare_loss=True)"
2123,rsas / South Asia,Prioritarian,0.0,1.45,2.0,0.0,0.0,3.441549635534362,1.0,3.441549635534362,"physical_damage_per_capita multiplied by JUSTICE welfare_function.calculate_discount_rate; regional time-discounting visibility, not full welfare aggregation",-31116.502585877628,"scalar from welfare_function.calculate_welfare(physical_damage, welfare_loss=True)"
2124,rsas / South Asia,Prioritarian,0.0,1.45,2.0,0.0,0.0,3.532437818064331,1.0,3.532437818064331,"physical_damage_per_capita multiplied by JUSTICE welfare_function.calculate_discount_rate; regional time-discounting visibility, not full welfare aggregation",-31116.502585877628,"scalar from welfare_function.calculate_welfare(physical_damage, welfare_loss=True)"
2125,rsas / South Asia,Prioritarian,0.0,1.45,2.0,0.0,0.0,3.621025986377945,1.0,3.621025986377945,"physical_damage_per_capita multiplied by JUSTICE welfare_function.calculate_discount_rate; regional time-discounting visibility, not full welfare aggregation",-31116.502585877628,"scalar from welfare_function.calculate_welfare(physical_damage, welfare_loss=True)"
2126,rsas / South Asia,Prioritarian,0.0,1.45,2.0,0.0,0.0,3.7052337982462844,1.0,3.7052337982462844,"physical_damage_per_capita multiplied by JUSTICE welfare_function.calculate_discount_rate; regional time-discounting visibility, not full welfare aggregation",-31116.502585877628,"scalar from welfare_function.calculate_welfare(physical_damage, welfare_loss=True)"
2127,rsas / South Asia,Prioritarian,0.0,1.45,2.0,0.0,0.0,3.7872009681617897,1.0,3.7872009681617897,"physical_damage_per_capita multiplied by JUSTICE welfare_function.calculate_discount_rate; regional time-discounting visibility, not full welfare aggregation",-31116.502585877628,"scalar from welfare_function.calculate_welfare(physical_damage, welfare_loss=True)"
2128,rsas / South Asia,Prioritarian,0.0,1.45,2.0,0.0,0.0,3.8651813596924187,1.0,3.8651813596924187,"physical_damage_per_capita multiplied by JUSTICE welfare_function.calculate_discount_rate; regional time-discounting visibility, not full welfare aggregation",-31116.502585877628,"scalar from welfare_function.calculate_welfare(physical_damage, welfare_loss=True)"
2129,rsas / South Asia,Prioritarian,0.0,1.45,2.0,0.0,0.0,3.9432759957875785,1.0,3.9432759957875785,"physical_damage_per_capita multiplied by JUSTICE welfare_function.calculate_discount_rate; regional time-discounting visibility, not full welfare aggregation",-31116.502585877628,"scalar from welfare_function.calculate_welfare(physical_damage, welfare_loss=True)"
2130,rsas / South Asia,Prioritarian,0.0,1.45,2.0,0.0,0.0,4.0236513888587755,1.0,4.0236513888587755,"physical_damage_per_capita multiplied by JUSTICE welfare_function.calculate_discount_rate; regional time-discounting visibility, not full welfare aggregation",-31116.502585877628,"scalar from welfare_function.calculate_welfare(physical_damage, welfare_loss=True)"
2131,rsas / South Asia,Prioritarian,0.0,1.45,2.0,0.0,0.0,4.10666566953927,1.0,4.10666566953927,"physical_damage_per_capita multiplied by JUSTICE welfare_function.calculate_discount_rate; regional time-discounting visibility, not full welfare aggregation",-31116.502585877628,"scalar from welfare_function.calculate_welfare(physical_damage, welfare_loss=True)"
2132,rsas / South Asia,Prioritarian,0.0,1.45,2.0,0.0,0.0,4.195586120596543,1.0,4.195586120596543,"physical_damage_per_capita multiplied by JUSTICE welfare_function.calculate_discount_rate; regional time-discounting visibility, not full welfare aggregation",-31116.502585877628,"scalar from welfare_function.calculate_welfare(physical_damage, welfare_loss=True)"
2133,rsas / South Asia,Prioritarian,0.0,1.45,2.0,0.0,0.0,4.294719714495533,1.0,4.294719714495533,"physical_damage_per_capita multiplied by JUSTICE welfare_function.calculate_discount_rate; regional time-discounting visibility, not full welfare aggregation",-31116.502585877628,"scalar from welfare_function.calculate_welfare(physical_damage, welfare_loss=True)"
2134,rsas / South Asia,Prioritarian,0.0,1.45,2.0,0.0,0.0,4.39828457832123,1.0,4.39828457832123,"physical_damage_per_capita multiplied by JUSTICE welfare_function.calculate_discount_rate; regional time-discounting visibility, not full welfare aggregation",-31116.502585877628,"scalar from welfare_function.calculate_welfare(physical_damage, welfare_loss=True)"
2135,rsas / South Asia,Prioritarian,0.0,1.45,2.0,0.0,0.0,4.49884925863693,1.0,4.49884925863693,"physical_damage_per_capita multiplied by JUSTICE welfare_function.calculate_discount_rate; regional time-discounting visibility, not full welfare aggregation",-31116.502585877628,"scalar from welfare_function.calculate_welfare(physical_damage, welfare_loss=True)"
2136,rsas / South Asia,Prioritarian,0.0,1.45,2.0,0.0,0.0,4.594000154749415,1.0,4.594000154749415,"physical_damage_per_capita multiplied by JUSTICE welfare_function.calculate_discount_rate; regional time-discounting visibility, not full welfare aggregation",-31116.502585877628,"scalar from welfare_function.calculate_welfare(physical_damage, welfare_loss=True)"
2137,rsas / South Asia,Prioritarian,0.0,1.45,2.0,0.0,0.0,4.6827094396931805,1.0,4.6827094396931805,"physical_damage_per_capita multiplied by JUSTICE welfare_function.calculate_discount_rate; regional time-discounting visibility, not full welfare aggregation",-31116.502585877628,"scalar from welfare_function.calculate_welfare(physical_damage, welfare_loss=True)"
2138,rsas / South Asia,Prioritarian,0.0,1.45,2.0,0.0,0.0,4.766594207651366,1.0,4.766594207651366,"physical_damage_per_capita multiplied by JUSTICE welfare_function.calculate_discount_rate; regional time-discounting visibility, not full welfare aggregation",-31116.502585877628,"scalar from welfare_function.calculate_welfare(physical_damage, welfare_loss=True)"
2139,rsas / South Asia,Prioritarian,0.0,1.45,2.0,0.0,0.0,4.850755423390667,1.0,4.850755423390667,"physical_damage_per_capita multiplied by JUSTICE welfare_function.calculate_discount_rate; regional time-discounting visibility, not full welfare aggregation",-31116.502585877628,"scalar from welfare_function.calculate_welfare(physical_damage, welfare_loss=True)"
2140,rsas / South Asia,Prioritarian,0.0,1.45,2.0,0.0,0.0,4.938506481367594,1.0,4.938506481367594,"physical_damage_per_capita multiplied by JUSTICE welfare_function.calculate_discount_rate; regional time-discounting visibility, not full welfare aggregation",-31116.502585877628,"scalar from welfare_function.calculate_welfare(physical_damage, welfare_loss=True)"
2141,rsas / South Asia,Prioritarian,0.0,1.45,2.0,0.0,0.0,5.027330275026358,1.0,5.027330275026358,"physical_damage_per_capita multiplied by JUSTICE welfare_function.calculate_discount_rate; regional time-discounting visibility, not full welfare aggregation",-31116.502585877628,"scalar from welfare_function.calculate_welfare(physical_damage, welfare_loss=True)"
2142,rsas / South Asia,Prioritarian,0.0,1.45,2.0,0.0,0.0,5.119403399052945,1.0,5.119403399052945,"physical_damage_per_capita multiplied by JUSTICE welfare_function.calculate_discount_rate; regional time-discounting visibility, not full welfare aggregation",-31116.502585877628,"scalar from welfare_function.calculate_welfare(physical_damage, welfare_loss=True)"
2143,rsas / South Asia,Prioritarian,0.0,1.45,2.0,0.0,0.0,5.21731529413699,1.0,5.21731529413699,"physical_damage_per_capita multiplied by JUSTICE welfare_function.calculate_discount_rate; regional time-discounting visibility, not full welfare aggregation",-31116.502585877628,"scalar from welfare_function.calculate_welfare(physical_damage, welfare_loss=True)"
2144,rsas / South Asia,Prioritarian,0.0,1.45,2.0,0.0,0.0,5.321560397841868,1.0,5.321560397841868,"physical_damage_per_capita multiplied by JUSTICE welfare_function.calculate_discount_rate; regional time-discounting visibility, not full welfare aggregation",-31116.502585877628,"scalar from welfare_function.calculate_welfare(physical_damage, welfare_loss=True)"
2145,rsas / South Asia,Prioritarian,0.0,1.45,2.0,0.0,0.0,5.426763532271373,1.0,5.426763532271373,"physical_damage_per_capita multiplied by JUSTICE welfare_function.calculate_discount_rate; regional time-discounting visibility, not full welfare aggregation",-31116.502585877628,"scalar from welfare_function.calculate_welfare(physical_damage, welfare_loss=True)"
2146,rsas / South Asia,Prioritarian,0.0,1.45,2.0,0.0,0.0,5.527997363416199,1.0,5.527997363416199,"physical_damage_per_capita multiplied by JUSTICE welfare_function.calculate_discount_rate; regional time-discounting visibility, not full welfare aggregation",-31116.502585877628,"scalar from welfare_function.calculate_welfare(physical_damage, welfare_loss=True)"
2147,rsas / South Asia,Prioritarian,0.0,1.45,2.0,0.0,0.0,5.627869567293551,1.0,5.627869567293551,"physical_damage_per_capita multiplied by JUSTICE welfare_function.calculate_discount_rate; regional time-discounting visibility, not full welfare aggregation",-31116.502585877628,"scalar from welfare_function.calculate_welfare(physical_damage, welfare_loss=True)"
2148,rsas / South Asia,Prioritarian,0.0,1.45,2.0,0.0,0.0,5.723827882605116,1.0,5.723827882605116,"physical_damage_per_capita multiplied by JUSTICE welfare_function.calculate_discount_rate; regional time-discounting visibility, not full welfare aggregation",-31116.502585877628,"scalar from welfare_function.calculate_welfare(physical_damage, welfare_loss=True)"
2149,rsas / South Asia,Prioritarian,0.0,1.45,2.0,0.0,0.0,5.8183419008588535,1.0,5.8183419008588535,"physical_damage_per_capita multiplied by JUSTICE welfare_function.calculate_discount_rate; regional time-discounting visibility, not full welfare aggregation",-31116.502585877628,"scalar from welfare_function.calculate_welfare(physical_damage, welfare_loss=True)"
2150,rsas / South Asia,Prioritarian,0.0,1.45,2.0,0.0,0.0,5.913564280853068,1.0,5.913564280853068,"physical_damage_per_capita multiplied by JUSTICE welfare_function.calculate_discount_rate; regional time-discounting visibility, not full welfare aggregation",-31116.502585877628,"scalar from welfare_function.calculate_welfare(physical_damage, welfare_loss=True)"
2151,rsas / South Asia,Prioritarian,0.0,1.45,2.0,0.0,0.0,6.005631231004563,1.0,6.005631231004563,"physical_damage_per_capita multiplied by JUSTICE welfare_function.calculate_discount_rate; regional time-discounting visibility, not full welfare aggregation",-31116.502585877628,"scalar from welfare_function.calculate_welfare(physical_damage, welfare_loss=True)"
2152,rsas / South Asia,Prioritarian,0.0,1.45,2.0,0.0,0.0,6.099139692659386,1.0,6.099139692659386,"physical_damage_per_capita multiplied by JUSTICE welfare_function.calculate_discount_rate; regional time-discounting visibility, not full welfare aggregation",-31116.502585877628,"scalar from welfare_function.calculate_welfare(physical_damage, welfare_loss=True)"
2153,rsas / South Asia,Prioritarian,0.0,1.45,2.0,0.0,0.0,6.194827603082189,1.0,6.194827603082189,"physical_damage_per_capita multiplied by JUSTICE welfare_function.calculate_discount_rate; regional time-discounting visibility, not full welfare aggregation",-31116.502585877628,"scalar from welfare_function.calculate_welfare(physical_damage, welfare_loss=True)"
2154,rsas / South Asia,Prioritarian,0.0,1.45,2.0,0.0,0.0,6.295533804530596,1.0,6.295533804530596,"physical_damage_per_capita multiplied by JUSTICE welfare_function.calculate_discount_rate; regional time-discounting visibility, not full welfare aggregation",-31116.502585877628,"scalar from welfare_function.calculate_welfare(physical_damage, welfare_loss=True)"
2155,rsas / South Asia,Prioritarian,0.0,1.45,2.0,0.0,0.0,6.405341634994291,1.0,6.405341634994291,"physical_damage_per_capita multiplied by JUSTICE welfare_function.calculate_discount_rate; regional time-discounting visibility, not full welfare aggregation",-31116.502585877628,"scalar from welfare_function.calculate_welfare(physical_damage, welfare_loss=True)"
2156,rsas / South Asia,Prioritarian,0.0,1.45,2.0,0.0,0.0,6.5181183697389065,1.0,6.5181183697389065,"physical_damage_per_capita multiplied by JUSTICE welfare_function.calculate_discount_rate; regional time-discounting visibility, not full welfare aggregation",-31116.502585877628,"scalar from welfare_function.calculate_welfare(physical_damage, welfare_loss=True)"
2157,rsas / South Asia,Prioritarian,0.0,1.45,2.0,0.0,0.0,6.6279841489937175,1.0,6.6279841489937175,"physical_damage_per_capita multiplied by JUSTICE welfare_function.calculate_discount_rate; regional time-discounting visibility, not full welfare aggregation",-31116.502585877628,"scalar from welfare_function.calculate_welfare(physical_damage, welfare_loss=True)"
2158,rsas / South Asia,Prioritarian,0.0,1.45,2.0,0.0,0.0,6.730838909007189,1.0,6.730838909007189,"physical_damage_per_capita multiplied by JUSTICE welfare_function.calculate_discount_rate; regional time-discounting visibility, not full welfare aggregation",-31116.502585877628,"scalar from welfare_function.calculate_welfare(physical_damage, welfare_loss=True)"
2159,rsas / South Asia,Prioritarian,0.0,1.45,2.0,0.0,0.0,6.82782808974708,1.0,6.82782808974708,"physical_damage_per_capita multiplied by JUSTICE welfare_function.calculate_discount_rate; regional time-discounting visibility, not full welfare aggregation",-31116.502585877628,"scalar from welfare_function.calculate_welfare(physical_damage, welfare_loss=True)"
2160,rsas / South Asia,Prioritarian,0.0,1.45,2.0,0.0,0.0,6.918718309851282,1.0,6.918718309851282,"physical_damage_per_capita multiplied by JUSTICE welfare_function.calculate_discount_rate; regional time-discounting visibility, not full welfare aggregation",-31116.502585877628,"scalar from welfare_function.calculate_welfare(physical_damage, welfare_loss=True)"
2161,rsas / South Asia,Prioritarian,0.0,1.45,2.0,0.0,0.0,7.0013268691311294,1.0,7.0013268691311294,"physical_damage_per_capita multiplied by JUSTICE welfare_function.calculate_discount_rate; regional time-discounting visibility, not full welfare aggregation",-31116.502585877628,"scalar from welfare_function.calculate_welfare(physical_damage, welfare_loss=True)"
2162,rsas / South Asia,Prioritarian,0.0,1.45,2.0,0.0,0.0,7.084357221522711,1.0,7.084357221522711,"physical_damage_per_capita multiplied by JUSTICE welfare_function.calculate_discount_rate; regional time-discounting visibility, not full welfare aggregation",-31116.502585877628,"scalar from welfare_function.calculate_welfare(physical_damage, welfare_loss=True)"
2163,rsas / South Asia,Prioritarian,0.0,1.45,2.0,0.0,0.0,7.17139045850979,1.0,7.17139045850979,"physical_damage_per_capita multiplied by JUSTICE welfare_function.calculate_discount_rate; regional time-discounting visibility, not full welfare aggregation",-31116.502585877628,"scalar from welfare_function.calculate_welfare(physical_damage, welfare_loss=True)"
2164,rsas / South Asia,Prioritarian,0.0,1.45,2.0,0.0,0.0,7.265787086610339,1.0,7.265787086610339,"physical_damage_per_capita multiplied by JUSTICE welfare_function.calculate_discount_rate; regional time-discounting visibility, not full welfare aggregation",-31116.502585877628,"scalar from welfare_function.calculate_welfare(physical_damage, welfare_loss=True)"
2165,rsas / South Asia,Prioritarian,0.0,1.45,2.0,0.0,0.0,7.3707358623902515,1.0,7.3707358623902515,"physical_damage_per_capita multiplied by JUSTICE welfare_function.calculate_discount_rate; regional time-discounting visibility, not full welfare aggregation",-31116.502585877628,"scalar from welfare_function.calculate_welfare(physical_damage, welfare_loss=True)"
2166,rsas / South Asia,Prioritarian,0.0,1.45,2.0,0.0,0.0,7.479111966024295,1.0,7.479111966024295,"physical_damage_per_capita multiplied by JUSTICE welfare_function.calculate_discount_rate; regional time-discounting visibility, not full welfare aggregation",-31116.502585877628,"scalar from welfare_function.calculate_welfare(physical_damage, welfare_loss=True)"
2167,rsas / South Asia,Prioritarian,0.0,1.45,2.0,0.0,0.0,7.582595851405901,1.0,7.582595851405901,"physical_damage_per_capita multiplied by JUSTICE welfare_function.calculate_discount_rate; regional time-discounting visibility, not full welfare aggregation",-31116.502585877628,"scalar from welfare_function.calculate_welfare(physical_damage, welfare_loss=True)"
2168,rsas / South Asia,Prioritarian,0.0,1.45,2.0,0.0,0.0,7.67758928306222,1.0,7.67758928306222,"physical_damage_per_capita multiplied by JUSTICE welfare_function.calculate_discount_rate; regional time-discounting visibility, not full welfare aggregation",-31116.502585877628,"scalar from welfare_function.calculate_welfare(physical_damage, welfare_loss=True)"
2169,rsas / South Asia,Prioritarian,0.0,1.45,2.0,0.0,0.0,7.76420946765824,1.0,7.76420946765824,"physical_damage_per_capita multiplied by JUSTICE welfare_function.calculate_discount_rate; regional time-discounting visibility, not full welfare aggregation",-31116.502585877628,"scalar from welfare_function.calculate_welfare(physical_damage, welfare_loss=True)"
2170,rsas / South Asia,Prioritarian,0.0,1.45,2.0,0.0,0.0,7.840774377147579,1.0,7.840774377147579,"physical_damage_per_capita multiplied by JUSTICE welfare_function.calculate_discount_rate; regional time-discounting visibility, not full welfare aggregation",-31116.502585877628,"scalar from welfare_function.calculate_welfare(physical_damage, welfare_loss=True)"
2171,rsas / South Asia,Prioritarian,0.0,1.45,2.0,0.0,0.0,7.909024796779807,1.0,7.909024796779807,"physical_damage_per_capita multiplied by JUSTICE welfare_function.calculate_discount_rate; regional time-discounting visibility, not full welfare aggregation",-31116.502585877628,"scalar from welfare_function.calculate_welfare(physical_damage, welfare_loss=True)"
2172,rsas / South Asia,Prioritarian,0.0,1.45,2.0,0.0,0.0,7.97896668620711,1.0,7.97896668620711,"physical_damage_per_capita multiplied by JUSTICE welfare_function.calculate_discount_rate; regional time-discounting visibility, not full welfare aggregation",-31116.502585877628,"scalar from welfare_function.calculate_welfare(physical_damage, welfare_loss=True)"
2173,rsas / South Asia,Prioritarian,0.0,1.45,2.0,0.0,0.0,8.052164797526745,1.0,8.052164797526745,"physical_damage_per_capita multiplied by JUSTICE welfare_function.calculate_discount_rate; regional time-discounting visibility, not full welfare aggregation",-31116.502585877628,"scalar from welfare_function.calculate_welfare(physical_damage, welfare_loss=True)"
2174,rsas / South Asia,Prioritarian,0.0,1.45,2.0,0.0,0.0,8.130643691809587,1.0,8.130643691809587,"physical_damage_per_capita multiplied by JUSTICE welfare_function.calculate_discount_rate; regional time-discounting visibility, not full welfare aggregation",-31116.502585877628,"scalar from welfare_function.calculate_welfare(physical_damage, welfare_loss=True)"
2175,rsas / South Asia,Prioritarian,0.0,1.45,2.0,0.0,0.0,8.21858479294331,1.0,8.21858479294331,"physical_damage_per_capita multiplied by JUSTICE welfare_function.calculate_discount_rate; regional time-discounting visibility, not full welfare aggregation",-31116.502585877628,"scalar from welfare_function.calculate_welfare(physical_damage, welfare_loss=True)"
2176,rsas / South Asia,Prioritarian,0.0,1.45,2.0,0.0,0.0,8.305676889203845,1.0,8.305676889203845,"physical_damage_per_capita multiplied by JUSTICE welfare_function.calculate_discount_rate; regional time-discounting visibility, not full welfare aggregation",-31116.502585877628,"scalar from welfare_function.calculate_welfare(physical_damage, welfare_loss=True)"
2177,rsas / South Asia,Prioritarian,0.0,1.45,2.0,0.0,0.0,8.392383787098575,1.0,8.392383787098575,"physical_damage_per_capita multiplied by JUSTICE welfare_function.calculate_discount_rate; regional time-discounting visibility, not full welfare aggregation",-31116.502585877628,"scalar from welfare_function.calculate_welfare(physical_damage, welfare_loss=True)"
2178,rsas / South Asia,Prioritarian,0.0,1.45,2.0,0.0,0.0,8.475092021511989,1.0,8.475092021511989,"physical_damage_per_capita multiplied by JUSTICE welfare_function.calculate_discount_rate; regional time-discounting visibility, not full welfare aggregation",-31116.502585877628,"scalar from welfare_function.calculate_welfare(physical_damage, welfare_loss=True)"
2179,rsas / South Asia,Prioritarian,0.0,1.45,2.0,0.0,0.0,8.548965565654964,1.0,8.548965565654964,"physical_damage_per_capita multiplied by JUSTICE welfare_function.calculate_discount_rate; regional time-discounting visibility, not full welfare aggregation",-31116.502585877628,"scalar from welfare_function.calculate_welfare(physical_damage, welfare_loss=True)"
2180,rsas / South Asia,Prioritarian,0.0,1.45,2.0,0.0,0.0,8.613134845202584,1.0,8.613134845202584,"physical_damage_per_capita multiplied by JUSTICE welfare_function.calculate_discount_rate; regional time-discounting visibility, not full welfare aggregation",-31116.502585877628,"scalar from welfare_function.calculate_welfare(physical_damage, welfare_loss=True)"
2181,rsas / South Asia,Prioritarian,0.0,1.45,2.0,0.0,0.0,8.664744468388083,1.0,8.664744468388083,"physical_damage_per_capita multiplied by JUSTICE welfare_function.calculate_discount_rate; regional time-discounting visibility, not full welfare aggregation",-31116.502585877628,"scalar from welfare_function.calculate_welfare(physical_damage, welfare_loss=True)"
2182,rsas / South Asia,Prioritarian,0.0,1.45,2.0,0.0,0.0,8.715297510675002,1.0,8.715297510675002,"physical_damage_per_capita multiplied by JUSTICE welfare_function.calculate_discount_rate; regional time-discounting visibility, not full welfare aggregation",-31116.502585877628,"scalar from welfare_function.calculate_welfare(physical_damage, welfare_loss=True)"
2183,rsas / South Asia,Prioritarian,0.0,1.45,2.0,0.0,0.0,8.76568887339442,1.0,8.76568887339442,"physical_damage_per_capita multiplied by JUSTICE welfare_function.calculate_discount_rate; regional time-discounting visibility, not full welfare aggregation",-31116.502585877628,"scalar from welfare_function.calculate_welfare(physical_damage, welfare_loss=True)"
2184,rsas / South Asia,Prioritarian,0.0,1.45,2.0,0.0,0.0,8.81685801625303,1.0,8.81685801625303,"physical_damage_per_capita multiplied by JUSTICE welfare_function.calculate_discount_rate; regional time-discounting visibility, not full welfare aggregation",-31116.502585877628,"scalar from welfare_function.calculate_welfare(physical_damage, welfare_loss=True)"
2185,rsas / South Asia,Prioritarian,0.0,1.45,2.0,0.0,0.0,8.869107093141714,1.0,8.869107093141714,"physical_damage_per_capita multiplied by JUSTICE welfare_function.calculate_discount_rate; regional time-discounting visibility, not full welfare aggregation",-31116.502585877628,"scalar from welfare_function.calculate_welfare(physical_damage, welfare_loss=True)"
2186,rsas / South Asia,Prioritarian,0.0,1.45,2.0,0.0,0.0,8.915321515687081,1.0,8.915321515687081,"physical_damage_per_capita multiplied by JUSTICE welfare_function.calculate_discount_rate; regional time-discounting visibility, not full welfare aggregation",-31116.502585877628,"scalar from welfare_function.calculate_welfare(physical_damage, welfare_loss=True)"
2187,rsas / South Asia,Prioritarian,0.0,1.45,2.0,0.0,0.0,8.965996949055851,1.0,8.965996949055851,"physical_damage_per_capita multiplied by JUSTICE welfare_function.calculate_discount_rate; regional time-discounting visibility, not full welfare aggregation",-31116.502585877628,"scalar from welfare_function.calculate_welfare(physical_damage, welfare_loss=True)"
2188,rsas / South Asia,Prioritarian,0.0,1.45,2.0,0.0,0.0,9.025025612307074,1.0,9.025025612307074,"physical_damage_per_capita multiplied by JUSTICE welfare_function.calculate_discount_rate; regional time-discounting visibility, not full welfare aggregation",-31116.502585877628,"scalar from welfare_function.calculate_welfare(physical_damage, welfare_loss=True)"
2189,rsas / South Asia,Prioritarian,0.0,1.45,2.0,0.0,0.0,9.086079788026792,1.0,9.086079788026792,"physical_damage_per_capita multiplied by JUSTICE welfare_function.calculate_discount_rate; regional time-discounting visibility, not full welfare aggregation",-31116.502585877628,"scalar from welfare_function.calculate_welfare(physical_damage, welfare_loss=True)"
2190,rsas / South Asia,Prioritarian,0.0,1.45,2.0,0.0,0.0,9.142461059063026,1.0,9.142461059063026,"physical_damage_per_capita multiplied by JUSTICE welfare_function.calculate_discount_rate; regional time-discounting visibility, not full welfare aggregation",-31116.502585877628,"scalar from welfare_function.calculate_welfare(physical_damage, welfare_loss=True)"
2191,rsas / South Asia,Prioritarian,0.0,1.45,2.0,0.0,0.0,9.187580640760679,1.0,9.187580640760679,"physical_damage_per_capita multiplied by JUSTICE welfare_function.calculate_discount_rate; regional time-discounting visibility, not full welfare aggregation",-31116.502585877628,"scalar from welfare_function.calculate_welfare(physical_damage, welfare_loss=True)"
2192,rsas / South Asia,Prioritarian,0.0,1.45,2.0,0.0,0.0,9.22422744154569,1.0,9.22422744154569,"physical_damage_per_capita multiplied by JUSTICE welfare_function.calculate_discount_rate; regional time-discounting visibility, not full welfare aggregation",-31116.502585877628,"scalar from welfare_function.calculate_welfare(physical_damage, welfare_loss=True)"
2193,rsas / South Asia,Prioritarian,0.0,1.45,2.0,0.0,0.0,9.250056219122833,1.0,9.250056219122833,"physical_damage_per_capita multiplied by JUSTICE welfare_function.calculate_discount_rate; regional time-discounting visibility, not full welfare aggregation",-31116.502585877628,"scalar from welfare_function.calculate_welfare(physical_damage, welfare_loss=True)"
2194,rsas / South Asia,Prioritarian,0.0,1.45,2.0,0.0,0.0,9.272298767331952,1.0,9.272298767331952,"physical_damage_per_capita multiplied by JUSTICE welfare_function.calculate_discount_rate; regional time-discounting visibility, not full welfare aggregation",-31116.502585877628,"scalar from welfare_function.calculate_welfare(physical_damage, welfare_loss=True)"
2195,rsas / South Asia,Prioritarian,0.0,1.45,2.0,0.0,0.0,9.295920983224951,1.0,9.295920983224951,"physical_damage_per_capita multiplied by JUSTICE welfare_function.calculate_discount_rate; regional time-discounting visibility, not full welfare aggregation",-31116.502585877628,"scalar from welfare_function.calculate_welfare(physical_damage, welfare_loss=True)"
2196,rsas / South Asia,Prioritarian,0.0,1.45,2.0,0.0,0.0,9.312626556157982,1.0,9.312626556157982,"physical_damage_per_capita multiplied by JUSTICE welfare_function.calculate_discount_rate; regional time-discounting visibility, not full welfare aggregation",-31116.502585877628,"scalar from welfare_function.calculate_welfare(physical_damage, welfare_loss=True)"
2197,rsas / South Asia,Prioritarian,0.0,1.45,2.0,0.0,0.0,9.332355165032247,1.0,9.332355165032247,"physical_damage_per_capita multiplied by JUSTICE welfare_function.calculate_discount_rate; regional time-discounting visibility, not full welfare aggregation",-31116.502585877628,"scalar from welfare_function.calculate_welfare(physical_damage, welfare_loss=True)"
2198,rsas / South Asia,Prioritarian,0.0,1.45,2.0,0.0,0.0,9.360002029318517,1.0,9.360002029318517,"physical_damage_per_capita multiplied by JUSTICE welfare_function.calculate_discount_rate; regional time-discounting visibility, not full welfare aggregation",-31116.502585877628,"scalar from welfare_function.calculate_welfare(physical_damage, welfare_loss=True)"
2199,rsas / South Asia,Prioritarian,0.0,1.45,2.0,0.0,0.0,9.396297757856352,1.0,9.396297757856352,"physical_damage_per_capita multiplied by JUSTICE welfare_function.calculate_discount_rate; regional time-discounting visibility, not full welfare aggregation",-31116.502585877628,"scalar from welfare_function.calculate_welfare(physical_damage, welfare_loss=True)"
2200,rsas / South Asia,Prioritarian,0.0,1.45,2.0,0.0,0.0,9.433726016195772,1.0,9.433726016195772,"physical_damage_per_capita multiplied by JUSTICE welfare_function.calculate_discount_rate; regional time-discounting visibility, not full welfare aggregation",-31116.502585877628,"scalar from welfare_function.calculate_welfare(physical_damage, welfare_loss=True)"
2201,rsas / South Asia,Prioritarian,0.0,1.45,2.0,0.0,0.0,9.46609863733745,1.0,9.46609863733745,"physical_damage_per_capita multiplied by JUSTICE welfare_function.calculate_discount_rate; regional time-discounting visibility, not full welfare aggregation",-31116.502585877628,"scalar from welfare_function.calculate_welfare(physical_damage, welfare_loss=True)"
2202,rsas / South Asia,Prioritarian,0.0,1.45,2.0,0.0,0.0,9.486827090201036,1.0,9.486827090201036,"physical_damage_per_capita multiplied by JUSTICE welfare_function.calculate_discount_rate; regional time-discounting visibility, not full welfare aggregation",-31116.502585877628,"scalar from welfare_function.calculate_welfare(physical_damage, welfare_loss=True)"
2203,rsas / South Asia,Prioritarian,0.0,1.45,2.0,0.0,0.0,9.49773823284589,1.0,9.49773823284589,"physical_damage_per_capita multiplied by JUSTICE welfare_function.calculate_discount_rate; regional time-discounting visibility, not full welfare aggregation",-31116.502585877628,"scalar from welfare_function.calculate_welfare(physical_damage, welfare_loss=True)"
2204,rsas / South Asia,Prioritarian,0.0,1.45,2.0,0.0,0.0,9.50457682385628,1.0,9.50457682385628,"physical_damage_per_capita multiplied by JUSTICE welfare_function.calculate_discount_rate; regional time-discounting visibility, not full welfare aggregation",-31116.502585877628,"scalar from welfare_function.calculate_welfare(physical_damage, welfare_loss=True)"
2205,rsas / South Asia,Prioritarian,0.0,1.45,2.0,0.0,0.0,9.512902539895899,1.0,9.512902539895899,"physical_damage_per_capita multiplied by JUSTICE welfare_function.calculate_discount_rate; regional time-discounting visibility, not full welfare aggregation",-31116.502585877628,"scalar from welfare_function.calculate_welfare(physical_damage, welfare_loss=True)"
2206,rsas / South Asia,Prioritarian,0.0,1.45,2.0,0.0,0.0,9.522642689654568,1.0,9.522642689654568,"physical_damage_per_capita multiplied by JUSTICE welfare_function.calculate_discount_rate; regional time-discounting visibility, not full welfare aggregation",-31116.502585877628,"scalar from welfare_function.calculate_welfare(physical_damage, welfare_loss=True)"
2207,rsas / South Asia,Prioritarian,0.0,1.45,2.0,0.0,0.0,9.532001542797628,1.0,9.532001542797628,"physical_damage_per_capita multiplied by JUSTICE welfare_function.calculate_discount_rate; regional time-discounting visibility, not full welfare aggregation",-31116.502585877628,"scalar from welfare_function.calculate_welfare(physical_damage, welfare_loss=True)"
2208,rsas / South Asia,Prioritarian,0.0,1.45,2.0,0.0,0.0,9.542387460754474,1.0,9.542387460754474,"physical_damage_per_capita multiplied by JUSTICE welfare_function.calculate_discount_rate; regional time-discounting visibility, not full welfare aggregation",-31116.502585877628,"scalar from welfare_function.calculate_welfare(physical_damage, welfare_loss=True)"
2209,rsas / South Asia,Prioritarian,0.0,1.45,2.0,0.0,0.0,9.555351836387706,1.0,9.555351836387706,"physical_damage_per_capita multiplied by JUSTICE welfare_function.calculate_discount_rate; regional time-discounting visibility, not full welfare aggregation",-31116.502585877628,"scalar from welfare_function.calculate_welfare(physical_damage, welfare_loss=True)"
2210,rsas / South Asia,Prioritarian,0.0,1.45,2.0,0.0,0.0,9.574721516070074,1.0,9.574721516070074,"physical_damage_per_capita multiplied by JUSTICE welfare_function.calculate_discount_rate; regional time-discounting visibility, not full welfare aggregation",-31116.502585877628,"scalar from welfare_function.calculate_welfare(physical_damage, welfare_loss=True)"
2211,rsas / South Asia,Prioritarian,0.0,1.45,2.0,0.0,0.0,9.60150419835367,1.0,9.60150419835367,"physical_damage_per_capita multiplied by JUSTICE welfare_function.calculate_discount_rate; regional time-discounting visibility, not full welfare aggregation",-31116.502585877628,"scalar from welfare_function.calculate_welfare(physical_damage, welfare_loss=True)"
2212,rsas / South Asia,Prioritarian,0.0,1.45,2.0,0.0,0.0,9.630495655151618,1.0,9.630495655151618,"physical_damage_per_capita multiplied by JUSTICE welfare_function.calculate_discount_rate; regional time-discounting visibility, not full welfare aggregation",-31116.502585877628,"scalar from welfare_function.calculate_welfare(physical_damage, welfare_loss=True)"
2213,rsas / South Asia,Prioritarian,0.0,1.45,2.0,0.0,0.0,9.655874769953337,1.0,9.655874769953337,"physical_damage_per_capita multiplied by JUSTICE welfare_function.calculate_discount_rate; regional time-discounting visibility, not full welfare aggregation",-31116.502585877628,"scalar from welfare_function.calculate_welfare(physical_damage, welfare_loss=True)"
2214,rsas / South Asia,Prioritarian,0.0,1.45,2.0,0.0,0.0,9.675526564151095,1.0,9.675526564151095,"physical_damage_per_capita multiplied by JUSTICE welfare_function.calculate_discount_rate; regional time-discounting visibility, not full welfare aggregation",-31116.502585877628,"scalar from welfare_function.calculate_welfare(physical_damage, welfare_loss=True)"
2215,rsas / South Asia,Prioritarian,0.0,1.45,2.0,0.0,0.0,9.688932145152846,1.0,9.688932145152846,"physical_damage_per_capita multiplied by JUSTICE welfare_function.calculate_discount_rate; regional time-discounting visibility, not full welfare aggregation",-31116.502585877628,"scalar from welfare_function.calculate_welfare(physical_damage, welfare_loss=True)"
2216,rsas / South Asia,Prioritarian,0.0,1.45,2.0,0.0,0.0,9.69842548836514,1.0,9.69842548836514,"physical_damage_per_capita multiplied by JUSTICE welfare_function.calculate_discount_rate; regional time-discounting visibility, not full welfare aggregation",-31116.502585877628,"scalar from welfare_function.calculate_welfare(physical_damage, welfare_loss=True)"
2217,rsas / South Asia,Prioritarian,0.0,1.45,2.0,0.0,0.0,9.703786305576532,1.0,9.703786305576532,"physical_damage_per_capita multiplied by JUSTICE welfare_function.calculate_discount_rate; regional time-discounting visibility, not full welfare aggregation",-31116.502585877628,"scalar from welfare_function.calculate_welfare(physical_damage, welfare_loss=True)"
2218,rsas / South Asia,Prioritarian,0.0,1.45,2.0,0.0,0.0,9.705709502409867,1.0,9.705709502409867,"physical_damage_per_capita multiplied by JUSTICE welfare_function.calculate_discount_rate; regional time-discounting visibility, not full welfare aggregation",-31116.502585877628,"scalar from welfare_function.calculate_welfare(physical_damage, welfare_loss=True)"
2219,rsas / South Asia,Prioritarian,0.0,1.45,2.0,0.0,0.0,9.710454250467782,1.0,9.710454250467782,"physical_damage_per_capita multiplied by JUSTICE welfare_function.calculate_discount_rate; regional time-discounting visibility, not full welfare aggregation",-31116.502585877628,"scalar from welfare_function.calculate_welfare(physical_damage, welfare_loss=True)"
2220,rsas / South Asia,Prioritarian,0.0,1.45,2.0,0.0,0.0,9.719832690914727,1.0,9.719832690914727,"physical_damage_per_capita multiplied by JUSTICE welfare_function.calculate_discount_rate; regional time-discounting visibility, not full welfare aggregation",-31116.502585877628,"scalar from welfare_function.calculate_welfare(physical_damage, welfare_loss=True)"
2221,rsas / South Asia,Prioritarian,0.0,1.45,2.0,0.0,0.0,9.735736518227517,1.0,9.735736518227517,"physical_damage_per_capita multiplied by JUSTICE welfare_function.calculate_discount_rate; regional time-discounting visibility, not full welfare aggregation",-31116.502585877628,"scalar from welfare_function.calculate_welfare(physical_damage, welfare_loss=True)"
2222,rsas / South Asia,Prioritarian,0.0,1.45,2.0,0.0,0.0,9.760109880318291,1.0,9.760109880318291,"physical_damage_per_capita multiplied by JUSTICE welfare_function.calculate_discount_rate; regional time-discounting visibility, not full welfare aggregation",-31116.502585877628,"scalar from welfare_function.calculate_welfare(physical_damage, welfare_loss=True)"
2223,rsas / South Asia,Prioritarian,0.0,1.45,2.0,0.0,0.0,9.789279791950982,1.0,9.789279791950982,"physical_damage_per_capita multiplied by JUSTICE welfare_function.calculate_discount_rate; regional time-discounting visibility, not full welfare aggregation",-31116.502585877628,"scalar from welfare_function.calculate_welfare(physical_damage, welfare_loss=True)"
2224,rsas / South Asia,Prioritarian,0.0,1.45,2.0,0.0,0.0,9.821282529668668,1.0,9.821282529668668,"physical_damage_per_capita multiplied by JUSTICE welfare_function.calculate_discount_rate; regional time-discounting visibility, not full welfare aggregation",-31116.502585877628,"scalar from welfare_function.calculate_welfare(physical_damage, welfare_loss=True)"
2225,rsas / South Asia,Prioritarian,0.0,1.45,2.0,0.0,0.0,9.847368213402936,1.0,9.847368213402936,"physical_damage_per_capita multiplied by JUSTICE welfare_function.calculate_discount_rate; regional time-discounting visibility, not full welfare aggregation",-31116.502585877628,"scalar from welfare_function.calculate_welfare(physical_damage, welfare_loss=True)"
2226,rsas / South Asia,Prioritarian,0.0,1.45,2.0,0.0,0.0,9.858960683866187,1.0,9.858960683866187,"physical_damage_per_capita multiplied by JUSTICE welfare_function.calculate_discount_rate; regional time-discounting visibility, not full welfare aggregation",-31116.502585877628,"scalar from welfare_function.calculate_welfare(physical_damage, welfare_loss=True)"
2227,rsas / South Asia,Prioritarian,0.0,1.45,2.0,0.0,0.0,9.861831563124857,1.0,9.861831563124857,"physical_damage_per_capita multiplied by JUSTICE welfare_function.calculate_discount_rate; regional time-discounting visibility, not full welfare aggregation",-31116.502585877628,"scalar from welfare_function.calculate_welfare(physical_damage, welfare_loss=True)"
2228,rsas / South Asia,Prioritarian,0.0,1.45,2.0,0.0,0.0,9.860410515096962,1.0,9.860410515096962,"physical_damage_per_capita multiplied by JUSTICE welfare_function.calculate_discount_rate; regional time-discounting visibility, not full welfare aggregation",-31116.502585877628,"scalar from welfare_function.calculate_welfare(physical_damage, welfare_loss=True)"
2229,rsas / South Asia,Prioritarian,0.0,1.45,2.0,0.0,0.0,9.859543138918276,1.0,9.859543138918276,"physical_damage_per_capita multiplied by JUSTICE welfare_function.calculate_discount_rate; regional time-discounting visibility, not full welfare aggregation",-31116.502585877628,"scalar from welfare_function.calculate_welfare(physical_damage, welfare_loss=True)"
2230,rsas / South Asia,Prioritarian,0.0,1.45,2.0,0.0,0.0,9.861644105699785,1.0,9.861644105699785,"physical_damage_per_capita multiplied by JUSTICE welfare_function.calculate_discount_rate; regional time-discounting visibility, not full welfare aggregation",-31116.502585877628,"scalar from welfare_function.calculate_welfare(physical_damage, welfare_loss=True)"
2231,rsas / South Asia,Prioritarian,0.0,1.45,2.0,0.0,0.0,9.868559563768002,1.0,9.868559563768002,"physical_damage_per_capita multiplied by JUSTICE welfare_function.calculate_discount_rate; regional time-discounting visibility, not full welfare aggregation",-31116.502585877628,"scalar from welfare_function.calculate_welfare(physical_damage, welfare_loss=True)"
2232,rsas / South Asia,Prioritarian,0.0,1.45,2.0,0.0,0.0,9.885260481852765,1.0,9.885260481852765,"physical_damage_per_capita multiplied by JUSTICE welfare_function.calculate_discount_rate; regional time-discounting visibility, not full welfare aggregation",-31116.502585877628,"scalar from welfare_function.calculate_welfare(physical_damage, welfare_loss=True)"
2233,rsas / South Asia,Prioritarian,0.0,1.45,2.0,0.0,0.0,9.908102446558052,1.0,9.908102446558052,"physical_damage_per_capita multiplied by JUSTICE welfare_function.calculate_discount_rate; regional time-discounting visibility, not full welfare aggregation",-31116.502585877628,"scalar from welfare_function.calculate_welfare(physical_damage, welfare_loss=True)"
2234,rsas / South Asia,Prioritarian,0.0,1.45,2.0,0.0,0.0,9.928940489235423,1.0,9.928940489235423,"physical_damage_per_capita multiplied by JUSTICE welfare_function.calculate_discount_rate; regional time-discounting visibility, not full welfare aggregation",-31116.502585877628,"scalar from welfare_function.calculate_welfare(physical_damage, welfare_loss=True)"
2235,rsas / South Asia,Prioritarian,0.0,1.45,2.0,0.0,0.0,9.947103179042436,1.0,9.947103179042436,"physical_damage_per_capita multiplied by JUSTICE welfare_function.calculate_discount_rate; regional time-discounting visibility, not full welfare aggregation",-31116.502585877628,"scalar from welfare_function.calculate_welfare(physical_damage, welfare_loss=True)"
2236,rsas / South Asia,Prioritarian,0.0,1.45,2.0,0.0,0.0,9.960763698520566,1.0,9.960763698520566,"physical_damage_per_capita multiplied by JUSTICE welfare_function.calculate_discount_rate; regional time-discounting visibility, not full welfare aggregation",-31116.502585877628,"scalar from welfare_function.calculate_welfare(physical_damage, welfare_loss=True)"
2237,rsas / South Asia,Prioritarian,0.0,1.45,2.0,0.0,0.0,9.967656739763287,1.0,9.967656739763287,"physical_damage_per_capita multiplied by JUSTICE welfare_function.calculate_discount_rate; regional time-discounting visibility, not full welfare aggregation",-31116.502585877628,"scalar from welfare_function.calculate_welfare(physical_damage, welfare_loss=True)"
2238,rsas / South Asia,Prioritarian,0.0,1.45,2.0,0.0,0.0,9.96853983622173,1.0,9.96853983622173,"physical_damage_per_capita multiplied by JUSTICE welfare_function.calculate_discount_rate; regional time-discounting visibility, not full welfare aggregation",-31116.502585877628,"scalar from welfare_function.calculate_welfare(physical_damage, welfare_loss=True)"
2239,rsas / South Asia,Prioritarian,0.0,1.45,2.0,0.0,0.0,9.966617871128694,1.0,9.966617871128694,"physical_damage_per_capita multiplied by JUSTICE welfare_function.calculate_discount_rate; regional time-discounting visibility, not full welfare aggregation",-31116.502585877628,"scalar from welfare_function.calculate_welfare(physical_damage, welfare_loss=True)"
2240,rsas / South Asia,Prioritarian,0.0,1.45,2.0,0.0,0.0,9.96703982894501,1.0,9.96703982894501,"physical_damage_per_capita multiplied by JUSTICE welfare_function.calculate_discount_rate; regional time-discounting visibility, not full welfare aggregation",-31116.502585877628,"scalar from welfare_function.calculate_welfare(physical_damage, welfare_loss=True)"
2241,rsas / South Asia,Prioritarian,0.0,1.45,2.0,0.0,0.0,9.970832203022871,1.0,9.970832203022871,"physical_damage_per_capita multiplied by JUSTICE welfare_function.calculate_discount_rate; regional time-discounting visibility, not full welfare aggregation",-31116.502585877628,"scalar from welfare_function.calculate_welfare(physical_damage, welfare_loss=True)"
2242,rsas / South Asia,Prioritarian,0.0,1.45,2.0,0.0,0.0,9.980029095661402,1.0,9.980029095661402,"physical_damage_per_capita multiplied by JUSTICE welfare_function.calculate_discount_rate; regional time-discounting visibility, not full welfare aggregation",-31116.502585877628,"scalar from welfare_function.calculate_welfare(physical_damage, welfare_loss=True)"
2243,rsas / South Asia,Prioritarian,0.0,1.45,2.0,0.0,0.0,9.998343450502883,1.0,9.998343450502883,"physical_damage_per_capita multiplied by JUSTICE welfare_function.calculate_discount_rate; regional time-discounting visibility, not full welfare aggregation",-31116.502585877628,"scalar from welfare_function.calculate_welfare(physical_damage, welfare_loss=True)"
2244,rsas / South Asia,Prioritarian,0.0,1.45,2.0,0.0,0.0,10.024544759376942,1.0,10.024544759376942,"physical_damage_per_capita multiplied by JUSTICE welfare_function.calculate_discount_rate; regional time-discounting visibility, not full welfare aggregation",-31116.502585877628,"scalar from welfare_function.calculate_welfare(physical_damage, welfare_loss=True)"
2245,rsas / South Asia,Prioritarian,0.0,1.45,2.0,0.0,0.0,10.048510852261035,1.0,10.048510852261035,"physical_damage_per_capita multiplied by JUSTICE welfare_function.calculate_discount_rate; regional time-discounting visibility, not full welfare aggregation",-31116.502585877628,"scalar from welfare_function.calculate_welfare(physical_damage, welfare_loss=True)"
2246,rsas / South Asia,Prioritarian,0.0,1.45,2.0,0.0,0.0,10.064288185145331,1.0,10.064288185145331,"physical_damage_per_capita multiplied by JUSTICE welfare_function.calculate_discount_rate; regional time-discounting visibility, not full welfare aggregation",-31116.502585877628,"scalar from welfare_function.calculate_welfare(physical_damage, welfare_loss=True)"
2247,rsas / South Asia,Prioritarian,0.0,1.45,2.0,0.0,0.0,10.07080768104789,1.0,10.07080768104789,"physical_damage_per_capita multiplied by JUSTICE welfare_function.calculate_discount_rate; regional time-discounting visibility, not full welfare aggregation",-31116.502585877628,"scalar from welfare_function.calculate_welfare(physical_damage, welfare_loss=True)"
2248,rsas / South Asia,Prioritarian,0.0,1.45,2.0,0.0,0.0,10.069030655711835,1.0,10.069030655711835,"physical_damage_per_capita multiplied by JUSTICE welfare_function.calculate_discount_rate; regional time-discounting visibility, not full welfare aggregation",-31116.502585877628,"scalar from welfare_function.calculate_welfare(physical_damage, welfare_loss=True)"
2249,rsas / South Asia,Prioritarian,0.0,1.45,2.0,0.0,0.0,10.065723807609277,1.0,10.065723807609277,"physical_damage_per_capita multiplied by JUSTICE welfare_function.calculate_discount_rate; regional time-discounting visibility, not full welfare aggregation",-31116.502585877628,"scalar from welfare_function.calculate_welfare(physical_damage, welfare_loss=True)"
2250,rsas / South Asia,Prioritarian,0.0,1.45,2.0,0.0,0.0,10.063126302348634,1.0,10.063126302348634,"physical_damage_per_capita multiplied by JUSTICE welfare_function.calculate_discount_rate; regional time-discounting visibility, not full welfare aggregation",-31116.502585877628,"scalar from welfare_function.calculate_welfare(physical_damage, welfare_loss=True)"
2251,rsas / South Asia,Prioritarian,0.0,1.45,2.0,0.0,0.0,10.060474604372398,1.0,10.060474604372398,"physical_damage_per_capita multiplied by JUSTICE welfare_function.calculate_discount_rate; regional time-discounting visibility, not full welfare aggregation",-31116.502585877628,"scalar from welfare_function.calculate_welfare(physical_damage, welfare_loss=True)"
2252,rsas / South Asia,Prioritarian,0.0,1.45,2.0,0.0,0.0,10.059001196044651,1.0,10.059001196044651,"physical_damage_per_capita multiplied by JUSTICE welfare_function.calculate_discount_rate; regional time-discounting visibility, not full welfare aggregation",-31116.502585877628,"scalar from welfare_function.calculate_welfare(physical_damage, welfare_loss=True)"
2253,rsas / South Asia,Prioritarian,0.0,1.45,2.0,0.0,0.0,10.059574374855952,1.0,10.059574374855952,"physical_damage_per_capita multiplied by JUSTICE welfare_function.calculate_discount_rate; regional time-discounting visibility, not full welfare aggregation",-31116.502585877628,"scalar from welfare_function.calculate_welfare(physical_damage, welfare_loss=True)"
2254,rsas / South Asia,Prioritarian,0.0,1.45,2.0,0.0,0.0,10.063770635220378,1.0,10.063770635220378,"physical_damage_per_capita multiplied by JUSTICE welfare_function.calculate_discount_rate; regional time-discounting visibility, not full welfare aggregation",-31116.502585877628,"scalar from welfare_function.calculate_welfare(physical_damage, welfare_loss=True)"
2255,rsas / South Asia,Prioritarian,0.0,1.45,2.0,0.0,0.0,10.074577197641483,1.0,10.074577197641483,"physical_damage_per_capita multiplied by JUSTICE welfare_function.calculate_discount_rate; regional time-discounting visibility, not full welfare aggregation",-31116.502585877628,"scalar from welfare_function.calculate_welfare(physical_damage, welfare_loss=True)"
2256,rsas / South Asia,Prioritarian,0.0,1.45,2.0,0.0,0.0,10.091892475606404,1.0,10.091892475606404,"physical_damage_per_capita multiplied by JUSTICE welfare_function.calculate_discount_rate; regional time-discounting visibility, not full welfare aggregation",-31116.502585877628,"scalar from welfare_function.calculate_welfare(physical_damage, welfare_loss=True)"
2257,rsas / South Asia,Prioritarian,0.0,1.45,2.0,0.0,0.0,10.108694306367457,1.0,10.108694306367457,"physical_damage_per_capita multiplied by JUSTICE welfare_function.calculate_discount_rate; regional time-discounting visibility, not full welfare aggregation",-31116.502585877628,"scalar from welfare_function.calculate_welfare(physical_damage, welfare_loss=True)"
2258,rsas / South Asia,Prioritarian,0.0,1.45,2.0,0.0,0.0,10.12127050804578,1.0,10.12127050804578,"physical_damage_per_capita multiplied by JUSTICE welfare_function.calculate_discount_rate; regional time-discounting visibility, not full welfare aggregation",-31116.502585877628,"scalar from welfare_function.calculate_welfare(physical_damage, welfare_loss=True)"
2259,rsas / South Asia,Prioritarian,0.0,1.45,2.0,0.0,0.0,10.130236109475677,1.0,10.130236109475677,"physical_damage_per_capita multiplied by JUSTICE welfare_function.calculate_discount_rate; regional time-discounting visibility, not full welfare aggregation",-31116.502585877628,"scalar from welfare_function.calculate_welfare(physical_damage, welfare_loss=True)"
2260,rsas / South Asia,Prioritarian,0.0,1.45,2.0,0.0,0.0,10.132880846634535,1.0,10.132880846634535,"physical_damage_per_capita multiplied by JUSTICE welfare_function.calculate_discount_rate; regional time-discounting visibility, not full welfare aggregation",-31116.502585877628,"scalar from welfare_function.calculate_welfare(physical_damage, welfare_loss=True)"
2261,rsas / South Asia,Prioritarian,0.0,1.45,2.0,0.0,0.0,10.130893332602872,1.0,10.130893332602872,"physical_damage_per_capita multiplied by JUSTICE welfare_function.calculate_discount_rate; regional time-discounting visibility, not full welfare aggregation",-31116.502585877628,"scalar from welfare_function.calculate_welfare(physical_damage, welfare_loss=True)"
2262,rsas / South Asia,Prioritarian,0.0,1.45,2.0,0.0,0.0,10.125359068776968,1.0,10.125359068776968,"physical_damage_per_capita multiplied by JUSTICE welfare_function.calculate_discount_rate; regional time-discounting visibility, not full welfare aggregation",-31116.502585877628,"scalar from welfare_function.calculate_welfare(physical_damage, welfare_loss=True)"
2263,rsas / South Asia,Prioritarian,0.0,1.45,2.0,0.0,0.0,10.118003551676974,1.0,10.118003551676974,"physical_damage_per_capita multiplied by JUSTICE welfare_function.calculate_discount_rate; regional time-discounting visibility, not full welfare aggregation",-31116.502585877628,"scalar from welfare_function.calculate_welfare(physical_damage, welfare_loss=True)"
2264,rsas / South Asia,Prioritarian,0.0,1.45,2.0,0.0,0.0,10.114435420145346,1.0,10.114435420145346,"physical_damage_per_capita multiplied by JUSTICE welfare_function.calculate_discount_rate; regional time-discounting visibility, not full welfare aggregation",-31116.502585877628,"scalar from welfare_function.calculate_welfare(physical_damage, welfare_loss=True)"
2265,rsas / South Asia,Prioritarian,0.0,1.45,2.0,0.0,0.0,10.115837855349307,1.0,10.115837855349307,"physical_damage_per_capita multiplied by JUSTICE welfare_function.calculate_discount_rate; regional time-discounting visibility, not full welfare aggregation",-31116.502585877628,"scalar from welfare_function.calculate_welfare(physical_damage, welfare_loss=True)"
2266,rsas / South Asia,Prioritarian,0.0,1.45,2.0,0.0,0.0,10.124019328125431,1.0,10.124019328125431,"physical_damage_per_capita multiplied by JUSTICE welfare_function.calculate_discount_rate; regional time-discounting visibility, not full welfare aggregation",-31116.502585877628,"scalar from welfare_function.calculate_welfare(physical_damage, welfare_loss=True)"
2267,rsas / South Asia,Prioritarian,0.0,1.45,2.0,0.0,0.0,10.141294374756189,1.0,10.141294374756189,"physical_damage_per_capita multiplied by JUSTICE welfare_function.calculate_discount_rate; regional time-discounting visibility, not full welfare aggregation",-31116.502585877628,"scalar from welfare_function.calculate_welfare(physical_damage, welfare_loss=True)"
2268,rsas / South Asia,Prioritarian,0.0,1.45,2.0,0.0,0.0,10.163533900760008,1.0,10.163533900760008,"physical_damage_per_capita multiplied by JUSTICE welfare_function.calculate_discount_rate; regional time-discounting visibility, not full welfare aggregation",-31116.502585877628,"scalar from welfare_function.calculate_welfare(physical_damage, welfare_loss=True)"
2269,rsas / South Asia,Prioritarian,0.0,1.45,2.0,0.0,0.0,10.186382053106984,1.0,10.186382053106984,"physical_damage_per_capita multiplied by JUSTICE welfare_function.calculate_discount_rate; regional time-discounting visibility, not full welfare aggregation",-31116.502585877628,"scalar from welfare_function.calculate_welfare(physical_damage, welfare_loss=True)"
2270,rsas / South Asia,Prioritarian,0.0,1.45,2.0,0.0,0.0,10.199507938956112,1.0,10.199507938956112,"physical_damage_per_capita multiplied by JUSTICE welfare_function.calculate_discount_rate; regional time-discounting visibility, not full welfare aggregation",-31116.502585877628,"scalar from welfare_function.calculate_welfare(physical_damage, welfare_loss=True)"
2271,rsas / South Asia,Prioritarian,0.0,1.45,2.0,0.0,0.0,10.199108912032429,1.0,10.199108912032429,"physical_damage_per_capita multiplied by JUSTICE welfare_function.calculate_discount_rate; regional time-discounting visibility, not full welfare aggregation",-31116.502585877628,"scalar from welfare_function.calculate_welfare(physical_damage, welfare_loss=True)"
2272,rsas / South Asia,Prioritarian,0.0,1.45,2.0,0.0,0.0,10.192150524159844,1.0,10.192150524159844,"physical_damage_per_capita multiplied by JUSTICE welfare_function.calculate_discount_rate; regional time-discounting visibility, not full welfare aggregation",-31116.502585877628,"scalar from welfare_function.calculate_welfare(physical_damage, welfare_loss=True)"
2273,rsas / South Asia,Prioritarian,0.0,1.45,2.0,0.0,0.0,10.182976216089589,1.0,10.182976216089589,"physical_damage_per_capita multiplied by JUSTICE welfare_function.calculate_discount_rate; regional time-discounting visibility, not full welfare aggregation",-31116.502585877628,"scalar from welfare_function.calculate_welfare(physical_damage, welfare_loss=True)"
2274,rsas / South Asia,Prioritarian,0.0,1.45,2.0,0.0,0.0,10.174672189921047,1.0,10.174672189921047,"physical_damage_per_capita multiplied by JUSTICE welfare_function.calculate_discount_rate; regional time-discounting visibility, not full welfare aggregation",-31116.502585877628,"scalar from welfare_function.calculate_welfare(physical_damage, welfare_loss=True)"
2275,rsas / South Asia,Prioritarian,0.0,1.45,2.0,0.0,0.0,10.169560676092747,1.0,10.169560676092747,"physical_damage_per_capita multiplied by JUSTICE welfare_function.calculate_discount_rate; regional time-discounting visibility, not full welfare aggregation",-31116.502585877628,"scalar from welfare_function.calculate_welfare(physical_damage, welfare_loss=True)"
2276,rsas / South Asia,Prioritarian,0.0,1.45,2.0,0.0,0.0,10.172386675356254,1.0,10.172386675356254,"physical_damage_per_capita multiplied by JUSTICE welfare_function.calculate_discount_rate; regional time-discounting visibility, not full welfare aggregation",-31116.502585877628,"scalar from welfare_function.calculate_welfare(physical_damage, welfare_loss=True)"
2277,rsas / South Asia,Prioritarian,0.0,1.45,2.0,0.0,0.0,10.184323757073466,1.0,10.184323757073466,"physical_damage_per_capita multiplied by JUSTICE welfare_function.calculate_discount_rate; regional time-discounting visibility, not full welfare aggregation",-31116.502585877628,"scalar from welfare_function.calculate_welfare(physical_damage, welfare_loss=True)"
2278,rsas / South Asia,Prioritarian,0.0,1.45,2.0,0.0,0.0,10.200802782558258,1.0,10.200802782558258,"physical_damage_per_capita multiplied by JUSTICE welfare_function.calculate_discount_rate; regional time-discounting visibility, not full welfare aggregation",-31116.502585877628,"scalar from welfare_function.calculate_welfare(physical_damage, welfare_loss=True)"
2279,rsas / South Asia,Prioritarian,0.0,1.45,2.0,0.0,0.0,10.214040674192887,1.0,10.214040674192887,"physical_damage_per_capita multiplied by JUSTICE welfare_function.calculate_discount_rate; regional time-discounting visibility, not full welfare aggregation",-31116.502585877628,"scalar from welfare_function.calculate_welfare(physical_damage, welfare_loss=True)"
2280,rsas / South Asia,Prioritarian,0.0,1.45,2.0,0.0,0.0,10.221056449488586,1.0,10.221056449488586,"physical_damage_per_capita multiplied by JUSTICE welfare_function.calculate_discount_rate; regional time-discounting visibility, not full welfare aggregation",-31116.502585877628,"scalar from welfare_function.calculate_welfare(physical_damage, welfare_loss=True)"
2281,rsas / South Asia,Prioritarian,0.0,1.45,2.0,0.0,0.0,10.222498508316622,1.0,10.222498508316622,"physical_damage_per_capita multiplied by JUSTICE welfare_function.calculate_discount_rate; regional time-discounting visibility, not full welfare aggregation",-31116.502585877628,"scalar from welfare_function.calculate_welfare(physical_damage, welfare_loss=True)"
2282,rsas / South Asia,Prioritarian,0.0,1.45,2.0,0.0,0.0,10.216993495094354,1.0,10.216993495094354,"physical_damage_per_capita multiplied by JUSTICE welfare_function.calculate_discount_rate; regional time-discounting visibility, not full welfare aggregation",-31116.502585877628,"scalar from welfare_function.calculate_welfare(physical_damage, welfare_loss=True)"
2283,rsas / South Asia,Prioritarian,0.0,1.45,2.0,0.0,0.0,10.208096494734917,1.0,10.208096494734917,"physical_damage_per_capita multiplied by JUSTICE welfare_function.calculate_discount_rate; regional time-discounting visibility, not full welfare aggregation",-31116.502585877628,"scalar from welfare_function.calculate_welfare(physical_damage, welfare_loss=True)"
2284,rsas / South Asia,Prioritarian,0.0,1.45,2.0,0.0,0.0,10.201598467897124,1.0,10.201598467897124,"physical_damage_per_capita multiplied by JUSTICE welfare_function.calculate_discount_rate; regional time-discounting visibility, not full welfare aggregation",-31116.502585877628,"scalar from welfare_function.calculate_welfare(physical_damage, welfare_loss=True)"
2285,rsas / South Asia,Prioritarian,0.0,1.45,2.0,0.0,0.0,10.198279125639377,1.0,10.198279125639377,"physical_damage_per_capita multiplied by JUSTICE welfare_function.calculate_discount_rate; regional time-discounting visibility, not full welfare aggregation",-31116.502585877628,"scalar from welfare_function.calculate_welfare(physical_damage, welfare_loss=True)"
2286,rsas / South Asia,Prioritarian,0.0,1.45,2.0,0.0,0.0,10.199792392634754,1.0,10.199792392634754,"physical_damage_per_capita multiplied by JUSTICE welfare_function.calculate_discount_rate; regional time-discounting visibility, not full welfare aggregation",-31116.502585877628,"scalar from welfare_function.calculate_welfare(physical_damage, welfare_loss=True)"
2287,rsas / South Asia,Prioritarian,0.0,1.45,2.0,0.0,0.0,10.210466926148401,1.0,10.210466926148401,"physical_damage_per_capita multiplied by JUSTICE welfare_function.calculate_discount_rate; regional time-discounting visibility, not full welfare aggregation",-31116.502585877628,"scalar from welfare_function.calculate_welfare(physical_damage, welfare_loss=True)"
2288,rsas / South Asia,Prioritarian,0.0,1.45,2.0,0.0,0.0,10.22990227549236,1.0,10.22990227549236,"physical_damage_per_capita multiplied by JUSTICE welfare_function.calculate_discount_rate; regional time-discounting visibility, not full welfare aggregation",-31116.502585877628,"scalar from welfare_function.calculate_welfare(physical_damage, welfare_loss=True)"
2289,rsas / South Asia,Prioritarian,0.0,1.45,2.0,0.0,0.0,10.249542287645552,1.0,10.249542287645552,"physical_damage_per_capita multiplied by JUSTICE welfare_function.calculate_discount_rate; regional time-discounting visibility, not full welfare aggregation",-31116.502585877628,"scalar from welfare_function.calculate_welfare(physical_damage, welfare_loss=True)"
2290,rsas / South Asia,Prioritarian,0.0,1.45,2.0,0.0,0.0,10.262343170130311,1.0,10.262343170130311,"physical_damage_per_capita multiplied by JUSTICE welfare_function.calculate_discount_rate; regional time-discounting visibility, not full welfare aggregation",-31116.502585877628,"scalar from welfare_function.calculate_welfare(physical_damage, welfare_loss=True)"
2291,rsas / South Asia,Prioritarian,0.0,1.45,2.0,0.0,0.0,10.262157270889293,1.0,10.262157270889293,"physical_damage_per_capita multiplied by JUSTICE welfare_function.calculate_discount_rate; regional time-discounting visibility, not full welfare aggregation",-31116.502585877628,"scalar from welfare_function.calculate_welfare(physical_damage, welfare_loss=True)"
2292,rsas / South Asia,Prioritarian,0.0,1.45,2.0,0.0,0.0,10.254121177882238,1.0,10.254121177882238,"physical_damage_per_capita multiplied by JUSTICE welfare_function.calculate_discount_rate; regional time-discounting visibility, not full welfare aggregation",-31116.502585877628,"scalar from welfare_function.calculate_welfare(physical_damage, welfare_loss=True)"
2293,rsas / South Asia,Prioritarian,0.0,1.45,2.0,0.0,0.0,10.246048052003465,1.0,10.246048052003465,"physical_damage_per_capita multiplied by JUSTICE welfare_function.calculate_discount_rate; regional time-discounting visibility, not full welfare aggregation",-31116.502585877628,"scalar from welfare_function.calculate_welfare(physical_damage, welfare_loss=True)"
2294,rsas / South Asia,Prioritarian,0.0,1.45,2.0,0.0,0.0,10.23616858282322,1.0,10.23616858282322,"physical_damage_per_capita multiplied by JUSTICE welfare_function.calculate_discount_rate; regional time-discounting visibility, not full welfare aggregation",-31116.502585877628,"scalar from welfare_function.calculate_welfare(physical_damage, welfare_loss=True)"
2295,rsas / South Asia,Prioritarian,0.0,1.45,2.0,0.0,0.0,10.226943850861634,1.0,10.226943850861634,"physical_damage_per_capita multiplied by JUSTICE welfare_function.calculate_discount_rate; regional time-discounting visibility, not full welfare aggregation",-31116.502585877628,"scalar from welfare_function.calculate_welfare(physical_damage, welfare_loss=True)"
2296,rsas / South Asia,Prioritarian,0.0,1.45,2.0,0.0,0.0,10.222750111408176,1.0,10.222750111408176,"physical_damage_per_capita multiplied by JUSTICE welfare_function.calculate_discount_rate; regional time-discounting visibility, not full welfare aggregation",-31116.502585877628,"scalar from welfare_function.calculate_welfare(physical_damage, welfare_loss=True)"
2297,rsas / South Asia,Prioritarian,0.0,1.45,2.0,0.0,0.0,10.228680576407507,1.0,10.228680576407507,"physical_damage_per_capita multiplied by JUSTICE welfare_function.calculate_discount_rate; regional time-discounting visibility, not full welfare aggregation",-31116.502585877628,"scalar from welfare_function.calculate_welfare(physical_damage, welfare_loss=True)"
2298,rsas / South Asia,Prioritarian,0.0,1.45,2.0,0.0,0.0,10.243300800366733,1.0,10.243300800366733,"physical_damage_per_capita multiplied by JUSTICE welfare_function.calculate_discount_rate; regional time-discounting visibility, not full welfare aggregation",-31116.502585877628,"scalar from welfare_function.calculate_welfare(physical_damage, welfare_loss=True)"
2299,rsas / South Asia,Prioritarian,0.0,1.45,2.0,0.0,0.0,10.261840221777026,1.0,10.261840221777026,"physical_damage_per_capita multiplied by JUSTICE welfare_function.calculate_discount_rate; regional time-discounting visibility, not full welfare aggregation",-31116.502585877628,"scalar from welfare_function.calculate_welfare(physical_damage, welfare_loss=True)"
2300,rsas / South Asia,Prioritarian,0.0,1.45,2.0,0.0,0.0,10.277302140712735,1.0,10.277302140712735,"physical_damage_per_capita multiplied by JUSTICE welfare_function.calculate_discount_rate; regional time-discounting visibility, not full welfare aggregation",-31116.502585877628,"scalar from welfare_function.calculate_welfare(physical_damage, welfare_loss=True)"
2015,rjan57 / Japan & Pacific,Egalitarian,0.0,1.45,0.5,0.0,1.0,0.0,1.0,0.0,"physical_damage_per_capita multiplied by JUSTICE welfare_function.calculate_discount_rate; regional time-discounting visibility, not full welfare aggregation",-5484.682447190013,"scalar from welfare_function.calculate_welfare(physical_damage, welfare_loss=True)"
2016,rjan57 / Japan & Pacific,Egalitarian,0.0,1.45,0.5,0.0,1.0,0.0,1.0,0.0,"physical_damage_per_capita multiplied by JUSTICE welfare_function.calculate_discount_rate; regional time-discounting visibility, not full welfare aggregation",-5484.682447190013,"scalar from welfare_function.calculate_welfare(physical_damage, welfare_loss=True)"
2017,rjan57 / Japan & Pacific,Egalitarian,0.0,1.45,0.5,0.0,1.0,0.0,1.0,0.0,"physical_damage_per_capita multiplied by JUSTICE welfare_function.calculate_discount_rate; regional time-discounting visibility, not full welfare aggregation",-5484.682447190013,"scalar from welfare_function.calculate_welfare(physical_damage, welfare_loss=True)"
2018,rjan57 / Japan & Pacific,Egalitarian,0.0,1.45,0.5,0.0,1.0,2.4841198845578845e-06,1.0,2.4841198845578845e-06,"physical_damage_per_capita multiplied by JUSTICE welfare_function.calculate_discount_rate; regional time-discounting visibility, not full welfare aggregation",-5484.682447190013,"scalar from welfare_function.calculate_welfare(physical_damage, welfare_loss=True)"
2019,rjan57 / Japan & Pacific,Egalitarian,0.0,1.45,0.5,0.0,1.0,0.005055126702544355,1.0,0.005055126702544355,"physical_damage_per_capita multiplied by JUSTICE welfare_function.calculate_discount_rate; regional time-discounting visibility, not full welfare aggregation",-5484.682447190013,"scalar from welfare_function.calculate_welfare(physical_damage, welfare_loss=True)"
2020,rjan57 / Japan & Pacific,Egalitarian,0.0,1.45,0.5,0.0,1.0,0.00980680815737475,1.0,0.00980680815737475,"physical_damage_per_capita multiplied by JUSTICE welfare_function.calculate_discount_rate; regional time-discounting visibility, not full welfare aggregation",-5484.682447190013,"scalar from welfare_function.calculate_welfare(physical_damage, welfare_loss=True)"
2021,rjan57 / Japan & Pacific,Egalitarian,0.0,1.45,0.5,0.0,1.0,0.014847610099758693,1.0,0.014847610099758693,"physical_damage_per_capita multiplied by JUSTICE welfare_function.calculate_discount_rate; regional time-discounting visibility, not full welfare aggregation",-5484.682447190013,"scalar from welfare_function.calculate_welfare(physical_damage, welfare_loss=True)"
2022,rjan57 / Japan & Pacific,Egalitarian,0.0,1.45,0.5,0.0,1.0,0.020107533429988167,1.0,0.020107533429988167,"physical_damage_per_capita multiplied by JUSTICE welfare_function.calculate_discount_rate; regional time-discounting visibility, not full welfare aggregation",-5484.682447190013,"scalar from welfare_function.calculate_welfare(physical_damage, welfare_loss=True)"
2023,rjan57 / Japan & Pacific,Egalitarian,0.0,1.45,0.5,0.0,1.0,0.02601362385867434,1.0,0.02601362385867434,"physical_damage_per_capita multiplied by JUSTICE welfare_function.calculate_discount_rate; regional time-discounting visibility, not full welfare aggregation",-5484.682447190013,"scalar from welfare_function.calculate_welfare(physical_damage, welfare_loss=True)"
2024,rjan57 / Japan & Pacific,Egalitarian,0.0,1.45,0.5,0.0,1.0,0.032244292236692514,1.0,0.032244292236692514,"physical_damage_per_capita multiplied by JUSTICE welfare_function.calculate_discount_rate; regional time-discounting visibility, not full welfare aggregation",-5484.682447190013,"scalar from welfare_function.calculate_welfare(physical_damage, welfare_loss=True)"
2025,rjan57 / Japan & Pacific,Egalitarian,0.0,1.45,0.5,0.0,1.0,0.038526291263178886,1.0,0.038526291263178886,"physical_damage_per_capita multiplied by JUSTICE welfare_function.calculate_discount_rate; regional time-discounting visibility, not full welfare aggregation",-5484.682447190013,"scalar from welfare_function.calculate_welfare(physical_damage, welfare_loss=True)"
2026,rjan57 / Japan & Pacific,Egalitarian,0.0,1.45,0.5,0.0,1.0,0.04578906675338585,1.0,0.04578906675338585,"physical_damage_per_capita multiplied by JUSTICE welfare_function.calculate_discount_rate; regional time-discounting visibility, not full welfare aggregation",-5484.682447190013,"scalar from welfare_function.calculate_welfare(physical_damage, welfare_loss=True)"
2027,rjan57 / Japan & Pacific,Egalitarian,0.0,1.45,0.5,0.0,1.0,0.05280136317632034,1.0,0.05280136317632034,"physical_damage_per_capita multiplied by JUSTICE welfare_function.calculate_discount_rate; regional time-discounting visibility, not full welfare aggregation",-5484.682447190013,"scalar from welfare_function.calculate_welfare(physical_damage, welfare_loss=True)"
2028,rjan57 / Japan & Pacific,Egalitarian,0.0,1.45,0.5,0.0,1.0,0.059527012217515315,1.0,0.059527012217515315,"physical_damage_per_capita multiplied by JUSTICE welfare_function.calculate_discount_rate; regional time-discounting visibility, not full welfare aggregation",-5484.682447190013,"scalar from welfare_function.calculate_welfare(physical_damage, welfare_loss=True)"
2029,rjan57 / Japan & Pacific,Egalitarian,0.0,1.45,0.5,0.0,1.0,0.06621408540331111,1.0,0.06621408540331111,"physical_damage_per_capita multiplied by JUSTICE welfare_function.calculate_discount_rate; regional time-discounting visibility, not full welfare aggregation",-5484.682447190013,"scalar from welfare_function.calculate_welfare(physical_damage, welfare_loss=True)"
2030,rjan57 / Japan & Pacific,Egalitarian,0.0,1.45,0.5,0.0,1.0,0.0732772128733809,1.0,0.0732772128733809,"physical_damage_per_capita multiplied by JUSTICE welfare_function.calculate_discount_rate; regional time-discounting visibility, not full welfare aggregation",-5484.682447190013,"scalar from welfare_function.calculate_welfare(physical_damage, welfare_loss=True)"
2031,rjan57 / Japan & Pacific,Egalitarian,0.0,1.45,0.5,0.0,1.0,0.08178027146952453,1.0,0.08178027146952453,"physical_damage_per_capita multiplied by JUSTICE welfare_function.calculate_discount_rate; regional time-discounting visibility, not full welfare aggregation",-5484.682447190013,"scalar from welfare_function.calculate_welfare(physical_damage, welfare_loss=True)"
2032,rjan57 / Japan & Pacific,Egalitarian,0.0,1.45,0.5,0.0,1.0,0.09086193089181462,1.0,0.09086193089181462,"physical_damage_per_capita multiplied by JUSTICE welfare_function.calculate_discount_rate; regional time-discounting visibility, not full welfare aggregation",-5484.682447190013,"scalar from welfare_function.calculate_welfare(physical_damage, welfare_loss=True)"
2033,rjan57 / Japan & Pacific,Egalitarian,0.0,1.45,0.5,0.0,1.0,0.10063940619576447,1.0,0.10063940619576447,"physical_damage_per_capita multiplied by JUSTICE welfare_function.calculate_discount_rate; regional time-discounting visibility, not full welfare aggregation",-5484.682447190013,"scalar from welfare_function.calculate_welfare(physical_damage, welfare_loss=True)"
2034,rjan57 / Japan & Pacific,Egalitarian,0.0,1.45,0.5,0.0,1.0,0.11155133617397249,1.0,0.11155133617397249,"physical_damage_per_capita multiplied by JUSTICE welfare_function.calculate_discount_rate; regional time-discounting visibility, not full welfare aggregation",-5484.682447190013,"scalar from welfare_function.calculate_welfare(physical_damage, welfare_loss=True)"
2035,rjan57 / Japan & Pacific,Egalitarian,0.0,1.45,0.5,0.0,1.0,0.12404514269610331,1.0,0.12404514269610331,"physical_damage_per_capita multiplied by JUSTICE welfare_function.calculate_discount_rate; regional time-discounting visibility, not full welfare aggregation",-5484.682447190013,"scalar from welfare_function.calculate_welfare(physical_damage, welfare_loss=True)"
2036,rjan57 / Japan & Pacific,Egalitarian,0.0,1.45,0.5,0.0,1.0,0.13795793200293888,1.0,0.13795793200293888,"physical_damage_per_capita multiplied by JUSTICE welfare_function.calculate_discount_rate; regional time-discounting visibility, not full welfare aggregation",-5484.682447190013,"scalar from welfare_function.calculate_welfare(physical_damage, welfare_loss=True)"
2037,rjan57 / Japan & Pacific,Egalitarian,0.0,1.45,0.5,0.0,1.0,0.1529471170210593,1.0,0.1529471170210593,"physical_damage_per_capita multiplied by JUSTICE welfare_function.calculate_discount_rate; regional time-discounting visibility, not full welfare aggregation",-5484.682447190013,"scalar from welfare_function.calculate_welfare(physical_damage, welfare_loss=True)"
2038,rjan57 / Japan & Pacific,Egalitarian,0.0,1.45,0.5,0.0,1.0,0.1684283818415932,1.0,0.1684283818415932,"physical_damage_per_capita multiplied by JUSTICE welfare_function.calculate_discount_rate; regional time-discounting visibility, not full welfare aggregation",-5484.682447190013,"scalar from welfare_function.calculate_welfare(physical_damage, welfare_loss=True)"
2039,rjan57 / Japan & Pacific,Egalitarian,0.0,1.45,0.5,0.0,1.0,0.18411249134669613,1.0,0.18411249134669613,"physical_damage_per_capita multiplied by JUSTICE welfare_function.calculate_discount_rate; regional time-discounting visibility, not full welfare aggregation",-5484.682447190013,"scalar from welfare_function.calculate_welfare(physical_damage, welfare_loss=True)"
2040,rjan57 / Japan & Pacific,Egalitarian,0.0,1.45,0.5,0.0,1.0,0.1999039185623636,1.0,0.1999039185623636,"physical_damage_per_capita multiplied by JUSTICE welfare_function.calculate_discount_rate; regional time-discounting visibility, not full welfare aggregation",-5484.682447190013,"scalar from welfare_function.calculate_welfare(physical_damage, welfare_loss=True)"
2041,rjan57 / Japan & Pacific,Egalitarian,0.0,1.45,0.5,0.0,1.0,0.21514777646988187,1.0,0.21514777646988187,"physical_damage_per_capita multiplied by JUSTICE welfare_function.calculate_discount_rate; regional time-discounting visibility, not full welfare aggregation",-5484.682447190013,"scalar from welfare_function.calculate_welfare(physical_damage, welfare_loss=True)"
2042,rjan57 / Japan & Pacific,Egalitarian,0.0,1.45,0.5,0.0,1.0,0.23019025458899411,1.0,0.23019025458899411,"physical_damage_per_capita multiplied by JUSTICE welfare_function.calculate_discount_rate; regional time-discounting visibility, not full welfare aggregation",-5484.682447190013,"scalar from welfare_function.calculate_welfare(physical_damage, welfare_loss=True)"
2043,rjan57 / Japan & Pacific,Egalitarian,0.0,1.45,0.5,0.0,1.0,0.24548760774498718,1.0,0.24548760774498718,"physical_damage_per_capita multiplied by JUSTICE welfare_function.calculate_discount_rate; regional time-discounting visibility, not full welfare aggregation",-5484.682447190013,"scalar from welfare_function.calculate_welfare(physical_damage, welfare_loss=True)"
2044,rjan57 / Japan & Pacific,Egalitarian,0.0,1.45,0.5,0.0,1.0,0.26174059330738414,1.0,0.26174059330738414,"physical_damage_per_capita multiplied by JUSTICE welfare_function.calculate_discount_rate; regional time-discounting visibility, not full welfare aggregation",-5484.682447190013,"scalar from welfare_function.calculate_welfare(physical_damage, welfare_loss=True)"
2045,rjan57 / Japan & Pacific,Egalitarian,0.0,1.45,0.5,0.0,1.0,0.27944053504344885,1.0,0.27944053504344885,"physical_damage_per_capita multiplied by JUSTICE welfare_function.calculate_discount_rate; regional time-discounting visibility, not full welfare aggregation",-5484.682447190013,"scalar from welfare_function.calculate_welfare(physical_damage, welfare_loss=True)"
2046,rjan57 / Japan & Pacific,Egalitarian,0.0,1.45,0.5,0.0,1.0,0.2981379587252719,1.0,0.2981379587252719,"physical_damage_per_capita multiplied by JUSTICE welfare_function.calculate_discount_rate; regional time-discounting visibility, not full welfare aggregation",-5484.682447190013,"scalar from welfare_function.calculate_welfare(physical_damage, welfare_loss=True)"
2047,rjan57 / Japan & Pacific,Egalitarian,0.0,1.45,0.5,0.0,1.0,0.3189764691171085,1.0,0.3189764691171085,"physical_damage_per_capita multiplied by JUSTICE welfare_function.calculate_discount_rate; regional time-discounting visibility, not full welfare aggregation",-5484.682447190013,"scalar from welfare_function.calculate_welfare(physical_damage, welfare_loss=True)"
2048,rjan57 / Japan & Pacific,Egalitarian,0.0,1.45,0.5,0.0,1.0,0.3417300587866634,1.0,0.3417300587866634,"physical_damage_per_capita multiplied by JUSTICE welfare_function.calculate_discount_rate; regional time-discounting visibility, not full welfare aggregation",-5484.682447190013,"scalar from welfare_function.calculate_welfare(physical_damage, welfare_loss=True)"
2049,rjan57 / Japan & Pacific,Egalitarian,0.0,1.45,0.5,0.0,1.0,0.3656244893315095,1.0,0.3656244893315095,"physical_damage_per_capita multiplied by JUSTICE welfare_function.calculate_discount_rate; regional time-discounting visibility, not full welfare aggregation",-5484.682447190013,"scalar from welfare_function.calculate_welfare(physical_damage, welfare_loss=True)"
2050,rjan57 / Japan & Pacific,Egalitarian,0.0,1.45,0.5,0.0,1.0,0.3898194390864622,1.0,0.3898194390864622,"physical_damage_per_capita multiplied by JUSTICE welfare_function.calculate_discount_rate; regional time-discounting visibility, not full welfare aggregation",-5484.682447190013,"scalar from welfare_function.calculate_welfare(physical_damage, welfare_loss=True)"
2051,rjan57 / Japan & Pacific,Egalitarian,0.0,1.45,0.5,0.0,1.0,0.4128191497035321,1.0,0.4128191497035321,"physical_damage_per_capita multiplied by JUSTICE welfare_function.calculate_discount_rate; regional time-discounting visibility, not full welfare aggregation",-5484.682447190013,"scalar from welfare_function.calculate_welfare(physical_damage, welfare_loss=True)"
2052,rjan57 / Japan & Pacific,Egalitarian,0.0,1.45,0.5,0.0,1.0,0.4342013387172012,1.0,0.4342013387172012,"physical_damage_per_capita multiplied by JUSTICE welfare_function.calculate_discount_rate; regional time-discounting visibility, not full welfare aggregation",-5484.682447190013,"scalar from welfare_function.calculate_welfare(physical_damage, welfare_loss=True)"
2053,rjan57 / Japan & Pacific,Egalitarian,0.0,1.45,0.5,0.0,1.0,0.4552135757060953,1.0,0.4552135757060953,"physical_damage_per_capita multiplied by JUSTICE welfare_function.calculate_discount_rate; regional time-discounting visibility, not full welfare aggregation",-5484.682447190013,"scalar from welfare_function.calculate_welfare(physical_damage, welfare_loss=True)"
2054,rjan57 / Japan & Pacific,Egalitarian,0.0,1.45,0.5,0.0,1.0,0.47673723453773986,1.0,0.47673723453773986,"physical_damage_per_capita multiplied by JUSTICE welfare_function.calculate_discount_rate; regional time-discounting visibility, not full welfare aggregation",-5484.682447190013,"scalar from welfare_function.calculate_welfare(physical_damage, welfare_loss=True)"
2055,rjan57 / Japan & Pacific,Egalitarian,0.0,1.45,0.5,0.0,1.0,0.4989266435424133,1.0,0.4989266435424133,"physical_damage_per_capita multiplied by JUSTICE welfare_function.calculate_discount_rate; regional time-discounting visibility, not full welfare aggregation",-5484.682447190013,"scalar from welfare_function.calculate_welfare(physical_damage, welfare_loss=True)"
2056,rjan57 / Japan & Pacific,Egalitarian,0.0,1.45,0.5,0.0,1.0,0.5227353526848816,1.0,0.5227353526848816,"physical_damage_per_capita multiplied by JUSTICE welfare_function.calculate_discount_rate; regional time-discounting visibility, not full welfare aggregation",-5484.682447190013,"scalar from welfare_function.calculate_welfare(physical_damage, welfare_loss=True)"
2057,rjan57 / Japan & Pacific,Egalitarian,0.0,1.45,0.5,0.0,1.0,0.5487718253851048,1.0,0.5487718253851048,"physical_damage_per_capita multiplied by JUSTICE welfare_function.calculate_discount_rate; regional time-discounting visibility, not full welfare aggregation",-5484.682447190013,"scalar from welfare_function.calculate_welfare(physical_damage, welfare_loss=True)"
2058,rjan57 / Japan & Pacific,Egalitarian,0.0,1.45,0.5,0.0,1.0,0.5771791693609036,1.0,0.5771791693609036,"physical_damage_per_capita multiplied by JUSTICE welfare_function.calculate_discount_rate; regional time-discounting visibility, not full welfare aggregation",-5484.682447190013,"scalar from welfare_function.calculate_welfare(physical_damage, welfare_loss=True)"
2059,rjan57 / Japan & Pacific,Egalitarian,0.0,1.45,0.5,0.0,1.0,0.6063042861561057,1.0,0.6063042861561057,"physical_damage_per_capita multiplied by JUSTICE welfare_function.calculate_discount_rate; regional time-discounting visibility, not full welfare aggregation",-5484.682447190013,"scalar from welfare_function.calculate_welfare(physical_damage, welfare_loss=True)"
2060,rjan57 / Japan & Pacific,Egalitarian,0.0,1.45,0.5,0.0,1.0,0.6351700636611485,1.0,0.6351700636611485,"physical_damage_per_capita multiplied by JUSTICE welfare_function.calculate_discount_rate; regional time-discounting visibility, not full welfare aggregation",-5484.682447190013,"scalar from welfare_function.calculate_welfare(physical_damage, welfare_loss=True)"
2061,rjan57 / Japan & Pacific,Egalitarian,0.0,1.45,0.5,0.0,1.0,0.6646438368228301,1.0,0.6646438368228301,"physical_damage_per_capita multiplied by JUSTICE welfare_function.calculate_discount_rate; regional time-discounting visibility, not full welfare aggregation",-5484.682447190013,"scalar from welfare_function.calculate_welfare(physical_damage, welfare_loss=True)"
2062,rjan57 / Japan & Pacific,Egalitarian,0.0,1.45,0.5,0.0,1.0,0.6935163798372004,1.0,0.6935163798372004,"physical_damage_per_capita multiplied by JUSTICE welfare_function.calculate_discount_rate; regional time-discounting visibility, not full welfare aggregation",-5484.682447190013,"scalar from welfare_function.calculate_welfare(physical_damage, welfare_loss=True)"
2063,rjan57 / Japan & Pacific,Egalitarian,0.0,1.45,0.5,0.0,1.0,0.7213043551905431,1.0,0.7213043551905431,"physical_damage_per_capita multiplied by JUSTICE welfare_function.calculate_discount_rate; regional time-discounting visibility, not full welfare aggregation",-5484.682447190013,"scalar from welfare_function.calculate_welfare(physical_damage, welfare_loss=True)"
2064,rjan57 / Japan & Pacific,Egalitarian,0.0,1.45,0.5,0.0,1.0,0.7490498339719973,1.0,0.7490498339719973,"physical_damage_per_capita multiplied by JUSTICE welfare_function.calculate_discount_rate; regional time-discounting visibility, not full welfare aggregation",-5484.682447190013,"scalar from welfare_function.calculate_welfare(physical_damage, welfare_loss=True)"
2065,rjan57 / Japan & Pacific,Egalitarian,0.0,1.45,0.5,0.0,1.0,0.7776986286339804,1.0,0.7776986286339804,"physical_damage_per_capita multiplied by JUSTICE welfare_function.calculate_discount_rate; regional time-discounting visibility, not full welfare aggregation",-5484.682447190013,"scalar from welfare_function.calculate_welfare(physical_damage, welfare_loss=True)"
2066,rjan57 / Japan & Pacific,Egalitarian,0.0,1.45,0.5,0.0,1.0,0.8079769780164131,1.0,0.8079769780164131,"physical_damage_per_capita multiplied by JUSTICE welfare_function.calculate_discount_rate; regional time-discounting visibility, not full welfare aggregation",-5484.682447190013,"scalar from welfare_function.calculate_welfare(physical_damage, welfare_loss=True)"
2067,rjan57 / Japan & Pacific,Egalitarian,0.0,1.45,0.5,0.0,1.0,0.839823742181374,1.0,0.839823742181374,"physical_damage_per_capita multiplied by JUSTICE welfare_function.calculate_discount_rate; regional time-discounting visibility, not full welfare aggregation",-5484.682447190013,"scalar from welfare_function.calculate_welfare(physical_damage, welfare_loss=True)"
2068,rjan57 / Japan & Pacific,Egalitarian,0.0,1.45,0.5,0.0,1.0,0.8744040923059835,1.0,0.8744040923059835,"physical_damage_per_capita multiplied by JUSTICE welfare_function.calculate_discount_rate; regional time-discounting visibility, not full welfare aggregation",-5484.682447190013,"scalar from welfare_function.calculate_welfare(physical_damage, welfare_loss=True)"
2069,rjan57 / Japan & Pacific,Egalitarian,0.0,1.45,0.5,0.0,1.0,0.9118722295618725,1.0,0.9118722295618725,"physical_damage_per_capita multiplied by JUSTICE welfare_function.calculate_discount_rate; regional time-discounting visibility, not full welfare aggregation",-5484.682447190013,"scalar from welfare_function.calculate_welfare(physical_damage, welfare_loss=True)"
2070,rjan57 / Japan & Pacific,Egalitarian,0.0,1.45,0.5,0.0,1.0,0.950492650130911,1.0,0.950492650130911,"physical_damage_per_capita multiplied by JUSTICE welfare_function.calculate_discount_rate; regional time-discounting visibility, not full welfare aggregation",-5484.682447190013,"scalar from welfare_function.calculate_welfare(physical_damage, welfare_loss=True)"
2071,rjan57 / Japan & Pacific,Egalitarian,0.0,1.45,0.5,0.0,1.0,0.9888566821772592,1.0,0.9888566821772592,"physical_damage_per_capita multiplied by JUSTICE welfare_function.calculate_discount_rate; regional time-discounting visibility, not full welfare aggregation",-5484.682447190013,"scalar from welfare_function.calculate_welfare(physical_damage, welfare_loss=True)"
2072,rjan57 / Japan & Pacific,Egalitarian,0.0,1.45,0.5,0.0,1.0,1.0255686870456506,1.0,1.0255686870456506,"physical_damage_per_capita multiplied by JUSTICE welfare_function.calculate_discount_rate; regional time-discounting visibility, not full welfare aggregation",-5484.682447190013,"scalar from welfare_function.calculate_welfare(physical_damage, welfare_loss=True)"
2073,rjan57 / Japan & Pacific,Egalitarian,0.0,1.45,0.5,0.0,1.0,1.0608442036246066,1.0,1.0608442036246066,"physical_damage_per_capita multiplied by JUSTICE welfare_function.calculate_discount_rate; regional time-discounting visibility, not full welfare aggregation",-5484.682447190013,"scalar from welfare_function.calculate_welfare(physical_damage, welfare_loss=True)"
2074,rjan57 / Japan & Pacific,Egalitarian,0.0,1.45,0.5,0.0,1.0,1.0960014195921814,1.0,1.0960014195921814,"physical_damage_per_capita multiplied by JUSTICE welfare_function.calculate_discount_rate; regional time-discounting visibility, not full welfare aggregation",-5484.682447190013,"scalar from welfare_function.calculate_welfare(physical_damage, welfare_loss=True)"
2075,rjan57 / Japan & Pacific,Egalitarian,0.0,1.45,0.5,0.0,1.0,1.132268302167857,1.0,1.132268302167857,"physical_damage_per_capita multiplied by JUSTICE welfare_function.calculate_discount_rate; regional time-discounting visibility, not full welfare aggregation",-5484.682447190013,"scalar from welfare_function.calculate_welfare(physical_damage, welfare_loss=True)"
2076,rjan57 / Japan & Pacific,Egalitarian,0.0,1.45,0.5,0.0,1.0,1.169703293157838,1.0,1.169703293157838,"physical_damage_per_capita multiplied by JUSTICE welfare_function.calculate_discount_rate; regional time-discounting visibility, not full welfare aggregation",-5484.682447190013,"scalar from welfare_function.calculate_welfare(physical_damage, welfare_loss=True)"
2077,rjan57 / Japan & Pacific,Egalitarian,0.0,1.45,0.5,0.0,1.0,1.2079159467207912,1.0,1.2079159467207912,"physical_damage_per_capita multiplied by JUSTICE welfare_function.calculate_discount_rate; regional time-discounting visibility, not full welfare aggregation",-5484.682447190013,"scalar from welfare_function.calculate_welfare(physical_damage, welfare_loss=True)"
2078,rjan57 / Japan & Pacific,Egalitarian,0.0,1.45,0.5,0.0,1.0,1.2472335237971515,1.0,1.2472335237971515,"physical_damage_per_capita multiplied by JUSTICE welfare_function.calculate_discount_rate; regional time-discounting visibility, not full welfare aggregation",-5484.682447190013,"scalar from welfare_function.calculate_welfare(physical_damage, welfare_loss=True)"
2079,rjan57 / Japan & Pacific,Egalitarian,0.0,1.45,0.5,0.0,1.0,1.2881569621356586,1.0,1.2881569621356586,"physical_damage_per_capita multiplied by JUSTICE welfare_function.calculate_discount_rate; regional time-discounting visibility, not full welfare aggregation",-5484.682447190013,"scalar from welfare_function.calculate_welfare(physical_damage, welfare_loss=True)"
2080,rjan57 / Japan & Pacific,Egalitarian,0.0,1.45,0.5,0.0,1.0,1.3317995296931568,1.0,1.3317995296931568,"physical_damage_per_capita multiplied by JUSTICE welfare_function.calculate_discount_rate; regional time-discounting visibility, not full welfare aggregation",-5484.682447190013,"scalar from welfare_function.calculate_welfare(physical_damage, welfare_loss=True)"
2081,rjan57 / Japan & Pacific,Egalitarian,0.0,1.45,0.5,0.0,1.0,1.3782549484483952,1.0,1.3782549484483952,"physical_damage_per_capita multiplied by JUSTICE welfare_function.calculate_discount_rate; regional time-discounting visibility, not full welfare aggregation",-5484.682447190013,"scalar from welfare_function.calculate_welfare(physical_damage, welfare_loss=True)"
2082,rjan57 / Japan & Pacific,Egalitarian,0.0,1.45,0.5,0.0,1.0,1.426255184023508,1.0,1.426255184023508,"physical_damage_per_capita multiplied by JUSTICE welfare_function.calculate_discount_rate; regional time-discounting visibility, not full welfare aggregation",-5484.682447190013,"scalar from welfare_function.calculate_welfare(physical_damage, welfare_loss=True)"
2083,rjan57 / Japan & Pacific,Egalitarian,0.0,1.45,0.5,0.0,1.0,1.4742440351283386,1.0,1.4742440351283386,"physical_damage_per_capita multiplied by JUSTICE welfare_function.calculate_discount_rate; regional time-discounting visibility, not full welfare aggregation",-5484.682447190013,"scalar from welfare_function.calculate_welfare(physical_damage, welfare_loss=True)"
2084,rjan57 / Japan & Pacific,Egalitarian,0.0,1.45,0.5,0.0,1.0,1.5216195445636795,1.0,1.5216195445636795,"physical_damage_per_capita multiplied by JUSTICE welfare_function.calculate_discount_rate; regional time-discounting visibility, not full welfare aggregation",-5484.682447190013,"scalar from welfare_function.calculate_welfare(physical_damage, welfare_loss=True)"
2085,rjan57 / Japan & Pacific,Egalitarian,0.0,1.45,0.5,0.0,1.0,1.5679768293893162,1.0,1.5679768293893162,"physical_damage_per_capita multiplied by JUSTICE welfare_function.calculate_discount_rate; regional time-discounting visibility, not full welfare aggregation",-5484.682447190013,"scalar from welfare_function.calculate_welfare(physical_damage, welfare_loss=True)"
2086,rjan57 / Japan & Pacific,Egalitarian,0.0,1.45,0.5,0.0,1.0,1.6141488906809993,1.0,1.6141488906809993,"physical_damage_per_capita multiplied by JUSTICE welfare_function.calculate_discount_rate; regional time-discounting visibility, not full welfare aggregation",-5484.682447190013,"scalar from welfare_function.calculate_welfare(physical_damage, welfare_loss=True)"
2087,rjan57 / Japan & Pacific,Egalitarian,0.0,1.45,0.5,0.0,1.0,1.6598849341812956,1.0,1.6598849341812956,"physical_damage_per_capita multiplied by JUSTICE welfare_function.calculate_discount_rate; regional time-discounting visibility, not full welfare aggregation",-5484.682447190013,"scalar from welfare_function.calculate_welfare(physical_damage, welfare_loss=True)"
2088,rjan57 / Japan & Pacific,Egalitarian,0.0,1.45,0.5,0.0,1.0,1.705270785114548,1.0,1.705270785114548,"physical_damage_per_capita multiplied by JUSTICE welfare_function.calculate_discount_rate; regional time-discounting visibility, not full welfare aggregation",-5484.682447190013,"scalar from welfare_function.calculate_welfare(physical_damage, welfare_loss=True)"
2089,rjan57 / Japan & Pacific,Egalitarian,0.0,1.45,0.5,0.0,1.0,1.752420604571699,1.0,1.752420604571699,"physical_damage_per_capita multiplied by JUSTICE welfare_function.calculate_discount_rate; regional time-discounting visibility, not full welfare aggregation",-5484.682447190013,"scalar from welfare_function.calculate_welfare(physical_damage, welfare_loss=True)"
2090,rjan57 / Japan & Pacific,Egalitarian,0.0,1.45,0.5,0.0,1.0,1.8019673914995622,1.0,1.8019673914995622,"physical_damage_per_capita multiplied by JUSTICE welfare_function.calculate_discount_rate; regional time-discounting visibility, not full welfare aggregation",-5484.682447190013,"scalar from welfare_function.calculate_welfare(physical_damage, welfare_loss=True)"
2091,rjan57 / Japan & Pacific,Egalitarian,0.0,1.45,0.5,0.0,1.0,1.8549448252000864,1.0,1.8549448252000864,"physical_damage_per_capita multiplied by JUSTICE welfare_function.calculate_discount_rate; regional time-discounting visibility, not full welfare aggregation",-5484.682447190013,"scalar from welfare_function.calculate_welfare(physical_damage, welfare_loss=True)"
2092,rjan57 / Japan & Pacific,Egalitarian,0.0,1.45,0.5,0.0,1.0,1.9121661693857575,1.0,1.9121661693857575,"physical_damage_per_capita multiplied by JUSTICE welfare_function.calculate_discount_rate; regional time-discounting visibility, not full welfare aggregation",-5484.682447190013,"scalar from welfare_function.calculate_welfare(physical_damage, welfare_loss=True)"
2093,rjan57 / Japan & Pacific,Egalitarian,0.0,1.45,0.5,0.0,1.0,1.9724949182260416,1.0,1.9724949182260416,"physical_damage_per_capita multiplied by JUSTICE welfare_function.calculate_discount_rate; regional time-discounting visibility, not full welfare aggregation",-5484.682447190013,"scalar from welfare_function.calculate_welfare(physical_damage, welfare_loss=True)"
2094,rjan57 / Japan & Pacific,Egalitarian,0.0,1.45,0.5,0.0,1.0,2.034188732540283,1.0,2.034188732540283,"physical_damage_per_capita multiplied by JUSTICE welfare_function.calculate_discount_rate; regional time-discounting visibility, not full welfare aggregation",-5484.682447190013,"scalar from welfare_function.calculate_welfare(physical_damage, welfare_loss=True)"
2095,rjan57 / Japan & Pacific,Egalitarian,0.0,1.45,0.5,0.0,1.0,2.094426332874928,1.0,2.094426332874928,"physical_damage_per_capita multiplied by JUSTICE welfare_function.calculate_discount_rate; regional time-discounting visibility, not full welfare aggregation",-5484.682447190013,"scalar from welfare_function.calculate_welfare(physical_damage, welfare_loss=True)"
2096,rjan57 / Japan & Pacific,Egalitarian,0.0,1.45,0.5,0.0,1.0,2.1504050124023104,1.0,2.1504050124023104,"physical_damage_per_capita multiplied by JUSTICE welfare_function.calculate_discount_rate; regional time-discounting visibility, not full welfare aggregation",-5484.682447190013,"scalar from welfare_function.calculate_welfare(physical_damage, welfare_loss=True)"
2097,rjan57 / Japan & Pacific,Egalitarian,0.0,1.45,0.5,0.0,1.0,2.20383143225076,1.0,2.20383143225076,"physical_damage_per_capita multiplied by JUSTICE welfare_function.calculate_discount_rate; regional time-discounting visibility, not full welfare aggregation",-5484.682447190013,"scalar from welfare_function.calculate_welfare(physical_damage, welfare_loss=True)"
2098,rjan57 / Japan & Pacific,Egalitarian,0.0,1.45,0.5,0.0,1.0,2.2566048555306053,1.0,2.2566048555306053,"physical_damage_per_capita multiplied by JUSTICE welfare_function.calculate_discount_rate; regional time-discounting visibility, not full welfare aggregation",-5484.682447190013,"scalar from welfare_function.calculate_welfare(physical_damage, welfare_loss=True)"
2099,rjan57 / Japan & Pacific,Egalitarian,0.0,1.45,0.5,0.0,1.0,2.310339298275043,1.0,2.310339298275043,"physical_damage_per_capita multiplied by JUSTICE welfare_function.calculate_discount_rate; regional time-discounting visibility, not full welfare aggregation",-5484.682447190013,"scalar from welfare_function.calculate_welfare(physical_damage, welfare_loss=True)"
2100,rjan57 / Japan & Pacific,Egalitarian,0.0,1.45,0.5,0.0,1.0,2.3661685730832893,1.0,2.3661685730832893,"physical_damage_per_capita multiplied by JUSTICE welfare_function.calculate_discount_rate; regional time-discounting visibility, not full welfare aggregation",-5484.682447190013,"scalar from welfare_function.calculate_welfare(physical_damage, welfare_loss=True)"
2101,rjan57 / Japan & Pacific,Egalitarian,0.0,1.45,0.5,0.0,1.0,2.425057154953746,1.0,2.425057154953746,"physical_damage_per_capita multiplied by JUSTICE welfare_function.calculate_discount_rate; regional time-discounting visibility, not full welfare aggregation",-5484.682447190013,"scalar from welfare_function.calculate_welfare(physical_damage, welfare_loss=True)"
2102,rjan57 / Japan & Pacific,Egalitarian,0.0,1.45,0.5,0.0,1.0,2.4886965768733886,1.0,2.4886965768733886,"physical_damage_per_capita multiplied by JUSTICE welfare_function.calculate_discount_rate; regional time-discounting visibility, not full welfare aggregation",-5484.682447190013,"scalar from welfare_function.calculate_welfare(physical_damage, welfare_loss=True)"
2103,rjan57 / Japan & Pacific,Egalitarian,0.0,1.45,0.5,0.0,1.0,2.5569794873169753,1.0,2.5569794873169753,"physical_damage_per_capita multiplied by JUSTICE welfare_function.calculate_discount_rate; regional time-discounting visibility, not full welfare aggregation",-5484.682447190013,"scalar from welfare_function.calculate_welfare(physical_damage, welfare_loss=True)"
2104,rjan57 / Japan & Pacific,Egalitarian,0.0,1.45,0.5,0.0,1.0,2.6248416423532523,1.0,2.6248416423532523,"physical_damage_per_capita multiplied by JUSTICE welfare_function.calculate_discount_rate; regional time-discounting visibility, not full welfare aggregation",-5484.682447190013,"scalar from welfare_function.calculate_welfare(physical_damage, welfare_loss=True)"
2105,rjan57 / Japan & Pacific,Egalitarian,0.0,1.45,0.5,0.0,1.0,2.6901114199967977,1.0,2.6901114199967977,"physical_damage_per_capita multiplied by JUSTICE welfare_function.calculate_discount_rate; regional time-discounting visibility, not full welfare aggregation",-5484.682447190013,"scalar from welfare_function.calculate_welfare(physical_damage, welfare_loss=True)"
2106,rjan57 / Japan & Pacific,Egalitarian,0.0,1.45,0.5,0.0,1.0,2.753416365532912,1.0,2.753416365532912,"physical_damage_per_capita multiplied by JUSTICE welfare_function.calculate_discount_rate; regional time-discounting visibility, not full welfare aggregation",-5484.682447190013,"scalar from welfare_function.calculate_welfare(physical_damage, welfare_loss=True)"
2107,rjan57 / Japan & Pacific,Egalitarian,0.0,1.45,0.5,0.0,1.0,2.8141955593954378,1.0,2.8141955593954378,"physical_damage_per_capita multiplied by JUSTICE welfare_function.calculate_discount_rate; regional time-discounting visibility, not full welfare aggregation",-5484.682447190013,"scalar from welfare_function.calculate_welfare(physical_damage, welfare_loss=True)"
2108,rjan57 / Japan & Pacific,Egalitarian,0.0,1.45,0.5,0.0,1.0,2.8738848816745097,1.0,2.8738848816745097,"physical_damage_per_capita multiplied by JUSTICE welfare_function.calculate_discount_rate; regional time-discounting visibility, not full welfare aggregation",-5484.682447190013,"scalar from welfare_function.calculate_welfare(physical_damage, welfare_loss=True)"
2109,rjan57 / Japan & Pacific,Egalitarian,0.0,1.45,0.5,0.0,1.0,2.9346138701251143,1.0,2.9346138701251143,"physical_damage_per_capita multiplied by JUSTICE welfare_function.calculate_discount_rate; regional time-discounting visibility, not full welfare aggregation",-5484.682447190013,"scalar from welfare_function.calculate_welfare(physical_damage, welfare_loss=True)"
2110,rjan57 / Japan & Pacific,Egalitarian,0.0,1.45,0.5,0.0,1.0,2.997399758077373,1.0,2.997399758077373,"physical_damage_per_capita multiplied by JUSTICE welfare_function.calculate_discount_rate; regional time-discounting visibility, not full welfare aggregation",-5484.682447190013,"scalar from welfare_function.calculate_welfare(physical_damage, welfare_loss=True)"
2111,rjan57 / Japan & Pacific,Egalitarian,0.0,1.45,0.5,0.0,1.0,3.0628541378885554,1.0,3.0628541378885554,"physical_damage_per_capita multiplied by JUSTICE welfare_function.calculate_discount_rate; regional time-discounting visibility, not full welfare aggregation",-5484.682447190013,"scalar from welfare_function.calculate_welfare(physical_damage, welfare_loss=True)"
2112,rjan57 / Japan & Pacific,Egalitarian,0.0,1.45,0.5,0.0,1.0,3.13281849322644,1.0,3.13281849322644,"physical_damage_per_capita multiplied by JUSTICE welfare_function.calculate_discount_rate; regional time-discounting visibility, not full welfare aggregation",-5484.682447190013,"scalar from welfare_function.calculate_welfare(physical_damage, welfare_loss=True)"
2113,rjan57 / Japan & Pacific,Egalitarian,0.0,1.45,0.5,0.0,1.0,3.2099614418029065,1.0,3.2099614418029065,"physical_damage_per_capita multiplied by JUSTICE welfare_function.calculate_discount_rate; regional time-discounting visibility, not full welfare aggregation",-5484.682447190013,"scalar from welfare_function.calculate_welfare(physical_damage, welfare_loss=True)"
2114,rjan57 / Japan & Pacific,Egalitarian,0.0,1.45,0.5,0.0,1.0,3.28921945078025,1.0,3.28921945078025,"physical_damage_per_capita multiplied by JUSTICE welfare_function.calculate_discount_rate; regional time-discounting visibility, not full welfare aggregation",-5484.682447190013,"scalar from welfare_function.calculate_welfare(physical_damage, welfare_loss=True)"
2115,rjan57 / Japan & Pacific,Egalitarian,0.0,1.45,0.5,0.0,1.0,3.3650482222753215,1.0,3.3650482222753215,"physical_damage_per_capita multiplied by JUSTICE welfare_function.calculate_discount_rate; regional time-discounting visibility, not full welfare aggregation",-5484.682447190013,"scalar from welfare_function.calculate_welfare(physical_damage, welfare_loss=True)"
2116,rjan57 / Japan & Pacific,Egalitarian,0.0,1.45,0.5,0.0,1.0,3.435591717854263,1.0,3.435591717854263,"physical_damage_per_capita multiplied by JUSTICE welfare_function.calculate_discount_rate; regional time-discounting visibility, not full welfare aggregation",-5484.682447190013,"scalar from welfare_function.calculate_welfare(physical_damage, welfare_loss=True)"
2117,rjan57 / Japan & Pacific,Egalitarian,0.0,1.45,0.5,0.0,1.0,3.503232174526705,1.0,3.503232174526705,"physical_damage_per_capita multiplied by JUSTICE welfare_function.calculate_discount_rate; regional time-discounting visibility, not full welfare aggregation",-5484.682447190013,"scalar from welfare_function.calculate_welfare(physical_damage, welfare_loss=True)"
2118,rjan57 / Japan & Pacific,Egalitarian,0.0,1.45,0.5,0.0,1.0,3.5703382363404925,1.0,3.5703382363404925,"physical_damage_per_capita multiplied by JUSTICE welfare_function.calculate_discount_rate; regional time-discounting visibility, not full welfare aggregation",-5484.682447190013,"scalar from welfare_function.calculate_welfare(physical_damage, welfare_loss=True)"
2119,rjan57 / Japan & Pacific,Egalitarian,0.0,1.45,0.5,0.0,1.0,3.636992593377092,1.0,3.636992593377092,"physical_damage_per_capita multiplied by JUSTICE welfare_function.calculate_discount_rate; regional time-discounting visibility, not full welfare aggregation",-5484.682447190013,"scalar from welfare_function.calculate_welfare(physical_damage, welfare_loss=True)"
2120,rjan57 / Japan & Pacific,Egalitarian,0.0,1.45,0.5,0.0,1.0,3.7053813992623588,1.0,3.7053813992623588,"physical_damage_per_capita multiplied by JUSTICE welfare_function.calculate_discount_rate; regional time-discounting visibility, not full welfare aggregation",-5484.682447190013,"scalar from welfare_function.calculate_welfare(physical_damage, welfare_loss=True)"
2121,rjan57 / Japan & Pacific,Egalitarian,0.0,1.45,0.5,0.0,1.0,3.7753191013205774,1.0,3.7753191013205774,"physical_damage_per_capita multiplied by JUSTICE welfare_function.calculate_discount_rate; regional time-discounting visibility, not full welfare aggregation",-5484.682447190013,"scalar from welfare_function.calculate_welfare(physical_damage, welfare_loss=True)"
2122,rjan57 / Japan & Pacific,Egalitarian,0.0,1.45,0.5,0.0,1.0,3.8504086557524198,1.0,3.8504086557524198,"physical_damage_per_capita multiplied by JUSTICE welfare_function.calculate_discount_rate; regional time-discounting visibility, not full welfare aggregation",-5484.682447190013,"scalar from welfare_function.calculate_welfare(physical_damage, welfare_loss=True)"
2123,rjan57 / Japan & Pacific,Egalitarian,0.0,1.45,0.5,0.0,1.0,3.9327156183865264,1.0,3.9327156183865264,"physical_damage_per_capita multiplied by JUSTICE welfare_function.calculate_discount_rate; regional time-discounting visibility, not full welfare aggregation",-5484.682447190013,"scalar from welfare_function.calculate_welfare(physical_damage, welfare_loss=True)"
2124,rjan57 / Japan & Pacific,Egalitarian,0.0,1.45,0.5,0.0,1.0,4.021055993276892,1.0,4.021055993276892,"physical_damage_per_capita multiplied by JUSTICE welfare_function.calculate_discount_rate; regional time-discounting visibility, not full welfare aggregation",-5484.682447190013,"scalar from welfare_function.calculate_welfare(physical_damage, welfare_loss=True)"
2125,rjan57 / Japan & Pacific,Egalitarian,0.0,1.45,0.5,0.0,1.0,4.106169797521071,1.0,4.106169797521071,"physical_damage_per_capita multiplied by JUSTICE welfare_function.calculate_discount_rate; regional time-discounting visibility, not full welfare aggregation",-5484.682447190013,"scalar from welfare_function.calculate_welfare(physical_damage, welfare_loss=True)"
2126,rjan57 / Japan & Pacific,Egalitarian,0.0,1.45,0.5,0.0,1.0,4.184630585366022,1.0,4.184630585366022,"physical_damage_per_capita multiplied by JUSTICE welfare_function.calculate_discount_rate; regional time-discounting visibility, not full welfare aggregation",-5484.682447190013,"scalar from welfare_function.calculate_welfare(physical_damage, welfare_loss=True)"
2127,rjan57 / Japan & Pacific,Egalitarian,0.0,1.45,0.5,0.0,1.0,4.2599916552225645,1.0,4.2599916552225645,"physical_damage_per_capita multiplied by JUSTICE welfare_function.calculate_discount_rate; regional time-discounting visibility, not full welfare aggregation",-5484.682447190013,"scalar from welfare_function.calculate_welfare(physical_damage, welfare_loss=True)"
2128,rjan57 / Japan & Pacific,Egalitarian,0.0,1.45,0.5,0.0,1.0,4.330292509523327,1.0,4.330292509523327,"physical_damage_per_capita multiplied by JUSTICE welfare_function.calculate_discount_rate; regional time-discounting visibility, not full welfare aggregation",-5484.682447190013,"scalar from welfare_function.calculate_welfare(physical_damage, welfare_loss=True)"
2129,rjan57 / Japan & Pacific,Egalitarian,0.0,1.45,0.5,0.0,1.0,4.4003078847533015,1.0,4.4003078847533015,"physical_damage_per_capita multiplied by JUSTICE welfare_function.calculate_discount_rate; regional time-discounting visibility, not full welfare aggregation",-5484.682447190013,"scalar from welfare_function.calculate_welfare(physical_damage, welfare_loss=True)"
2130,rjan57 / Japan & Pacific,Egalitarian,0.0,1.45,0.5,0.0,1.0,4.472528274898177,1.0,4.472528274898177,"physical_damage_per_capita multiplied by JUSTICE welfare_function.calculate_discount_rate; regional time-discounting visibility, not full welfare aggregation",-5484.682447190013,"scalar from welfare_function.calculate_welfare(physical_damage, welfare_loss=True)"
2131,rjan57 / Japan & Pacific,Egalitarian,0.0,1.45,0.5,0.0,1.0,4.546347749160597,1.0,4.546347749160597,"physical_damage_per_capita multiplied by JUSTICE welfare_function.calculate_discount_rate; regional time-discounting visibility, not full welfare aggregation",-5484.682447190013,"scalar from welfare_function.calculate_welfare(physical_damage, welfare_loss=True)"
2132,rjan57 / Japan & Pacific,Egalitarian,0.0,1.45,0.5,0.0,1.0,4.626403633977806,1.0,4.626403633977806,"physical_damage_per_capita multiplied by JUSTICE welfare_function.calculate_discount_rate; regional time-discounting visibility, not full welfare aggregation",-5484.682447190013,"scalar from welfare_function.calculate_welfare(physical_damage, welfare_loss=True)"
2133,rjan57 / Japan & Pacific,Egalitarian,0.0,1.45,0.5,0.0,1.0,4.71749592153387,1.0,4.71749592153387,"physical_damage_per_capita multiplied by JUSTICE welfare_function.calculate_discount_rate; regional time-discounting visibility, not full welfare aggregation",-5484.682447190013,"scalar from welfare_function.calculate_welfare(physical_damage, welfare_loss=True)"
2134,rjan57 / Japan & Pacific,Egalitarian,0.0,1.45,0.5,0.0,1.0,4.813004855516701,1.0,4.813004855516701,"physical_damage_per_capita multiplied by JUSTICE welfare_function.calculate_discount_rate; regional time-discounting visibility, not full welfare aggregation",-5484.682447190013,"scalar from welfare_function.calculate_welfare(physical_damage, welfare_loss=True)"
2135,rjan57 / Japan & Pacific,Egalitarian,0.0,1.45,0.5,0.0,1.0,4.904567875840534,1.0,4.904567875840534,"physical_damage_per_capita multiplied by JUSTICE welfare_function.calculate_discount_rate; regional time-discounting visibility, not full welfare aggregation",-5484.682447190013,"scalar from welfare_function.calculate_welfare(physical_damage, welfare_loss=True)"
2136,rjan57 / Japan & Pacific,Egalitarian,0.0,1.45,0.5,0.0,1.0,4.9886569517270845,1.0,4.9886569517270845,"physical_damage_per_capita multiplied by JUSTICE welfare_function.calculate_discount_rate; regional time-discounting visibility, not full welfare aggregation",-5484.682447190013,"scalar from welfare_function.calculate_welfare(physical_damage, welfare_loss=True)"
2137,rjan57 / Japan & Pacific,Egalitarian,0.0,1.45,0.5,0.0,1.0,5.065053203579455,1.0,5.065053203579455,"physical_damage_per_capita multiplied by JUSTICE welfare_function.calculate_discount_rate; regional time-discounting visibility, not full welfare aggregation",-5484.682447190013,"scalar from welfare_function.calculate_welfare(physical_damage, welfare_loss=True)"
2138,rjan57 / Japan & Pacific,Egalitarian,0.0,1.45,0.5,0.0,1.0,5.135648158865552,1.0,5.135648158865552,"physical_damage_per_capita multiplied by JUSTICE welfare_function.calculate_discount_rate; regional time-discounting visibility, not full welfare aggregation",-5484.682447190013,"scalar from welfare_function.calculate_welfare(physical_damage, welfare_loss=True)"
2139,rjan57 / Japan & Pacific,Egalitarian,0.0,1.45,0.5,0.0,1.0,5.206153010780819,1.0,5.206153010780819,"physical_damage_per_capita multiplied by JUSTICE welfare_function.calculate_discount_rate; regional time-discounting visibility, not full welfare aggregation",-5484.682447190013,"scalar from welfare_function.calculate_welfare(physical_damage, welfare_loss=True)"
2140,rjan57 / Japan & Pacific,Egalitarian,0.0,1.45,0.5,0.0,1.0,5.280224799160658,1.0,5.280224799160658,"physical_damage_per_capita multiplied by JUSTICE welfare_function.calculate_discount_rate; regional time-discounting visibility, not full welfare aggregation",-5484.682447190013,"scalar from welfare_function.calculate_welfare(physical_damage, welfare_loss=True)"
2141,rjan57 / Japan & Pacific,Egalitarian,0.0,1.45,0.5,0.0,1.0,5.354388530610784,1.0,5.354388530610784,"physical_damage_per_capita multiplied by JUSTICE welfare_function.calculate_discount_rate; regional time-discounting visibility, not full welfare aggregation",-5484.682447190013,"scalar from welfare_function.calculate_welfare(physical_damage, welfare_loss=True)"
2142,rjan57 / Japan & Pacific,Egalitarian,0.0,1.45,0.5,0.0,1.0,5.43167418260184,1.0,5.43167418260184,"physical_damage_per_capita multiplied by JUSTICE welfare_function.calculate_discount_rate; regional time-discounting visibility, not full welfare aggregation",-5484.682447190013,"scalar from welfare_function.calculate_welfare(physical_damage, welfare_loss=True)"
2143,rjan57 / Japan & Pacific,Egalitarian,0.0,1.45,0.5,0.0,1.0,5.514874376744741,1.0,5.514874376744741,"physical_damage_per_capita multiplied by JUSTICE welfare_function.calculate_discount_rate; regional time-discounting visibility, not full welfare aggregation",-5484.682447190013,"scalar from welfare_function.calculate_welfare(physical_damage, welfare_loss=True)"
2144,rjan57 / Japan & Pacific,Egalitarian,0.0,1.45,0.5,0.0,1.0,5.604467901789238,1.0,5.604467901789238,"physical_damage_per_capita multiplied by JUSTICE welfare_function.calculate_discount_rate; regional time-discounting visibility, not full welfare aggregation",-5484.682447190013,"scalar from welfare_function.calculate_welfare(physical_damage, welfare_loss=True)"
2145,rjan57 / Japan & Pacific,Egalitarian,0.0,1.45,0.5,0.0,1.0,5.694588800903803,1.0,5.694588800903803,"physical_damage_per_capita multiplied by JUSTICE welfare_function.calculate_discount_rate; regional time-discounting visibility, not full welfare aggregation",-5484.682447190013,"scalar from welfare_function.calculate_welfare(physical_damage, welfare_loss=True)"
2146,rjan57 / Japan & Pacific,Egalitarian,0.0,1.45,0.5,0.0,1.0,5.779520029099372,1.0,5.779520029099372,"physical_damage_per_capita multiplied by JUSTICE welfare_function.calculate_discount_rate; regional time-discounting visibility, not full welfare aggregation",-5484.682447190013,"scalar from welfare_function.calculate_welfare(physical_damage, welfare_loss=True)"
2147,rjan57 / Japan & Pacific,Egalitarian,0.0,1.45,0.5,0.0,1.0,5.8625125876793875,1.0,5.8625125876793875,"physical_damage_per_capita multiplied by JUSTICE welfare_function.calculate_discount_rate; regional time-discounting visibility, not full welfare aggregation",-5484.682447190013,"scalar from welfare_function.calculate_welfare(physical_damage, welfare_loss=True)"
2148,rjan57 / Japan & Pacific,Egalitarian,0.0,1.45,0.5,0.0,1.0,5.940866902933409,1.0,5.940866902933409,"physical_damage_per_capita multiplied by JUSTICE welfare_function.calculate_discount_rate; regional time-discounting visibility, not full welfare aggregation",-5484.682447190013,"scalar from welfare_function.calculate_welfare(physical_damage, welfare_loss=True)"
2149,rjan57 / Japan & Pacific,Egalitarian,0.0,1.45,0.5,0.0,1.0,6.017271085138427,1.0,6.017271085138427,"physical_damage_per_capita multiplied by JUSTICE welfare_function.calculate_discount_rate; regional time-discounting visibility, not full welfare aggregation",-5484.682447190013,"scalar from welfare_function.calculate_welfare(physical_damage, welfare_loss=True)"
2150,rjan57 / Japan & Pacific,Egalitarian,0.0,1.45,0.5,0.0,1.0,6.0940385903018015,1.0,6.0940385903018015,"physical_damage_per_capita multiplied by JUSTICE welfare_function.calculate_discount_rate; regional time-discounting visibility, not full welfare aggregation",-5484.682447190013,"scalar from welfare_function.calculate_welfare(physical_damage, welfare_loss=True)"
2151,rjan57 / Japan & Pacific,Egalitarian,0.0,1.45,0.5,0.0,1.0,6.167014146658302,1.0,6.167014146658302,"physical_damage_per_capita multiplied by JUSTICE welfare_function.calculate_discount_rate; regional time-discounting visibility, not full welfare aggregation",-5484.682447190013,"scalar from welfare_function.calculate_welfare(physical_damage, welfare_loss=True)"
2152,rjan57 / Japan & Pacific,Egalitarian,0.0,1.45,0.5,0.0,1.0,6.241155512118644,1.0,6.241155512118644,"physical_damage_per_capita multiplied by JUSTICE welfare_function.calculate_discount_rate; regional time-discounting visibility, not full welfare aggregation",-5484.682447190013,"scalar from welfare_function.calculate_welfare(physical_damage, welfare_loss=True)"
2153,rjan57 / Japan & Pacific,Egalitarian,0.0,1.45,0.5,0.0,1.0,6.317231853962029,1.0,6.317231853962029,"physical_damage_per_capita multiplied by JUSTICE welfare_function.calculate_discount_rate; regional time-discounting visibility, not full welfare aggregation",-5484.682447190013,"scalar from welfare_function.calculate_welfare(physical_damage, welfare_loss=True)"
2154,rjan57 / Japan & Pacific,Egalitarian,0.0,1.45,0.5,0.0,1.0,6.398203904818363,1.0,6.398203904818363,"physical_damage_per_capita multiplied by JUSTICE welfare_function.calculate_discount_rate; regional time-discounting visibility, not full welfare aggregation",-5484.682447190013,"scalar from welfare_function.calculate_welfare(physical_damage, welfare_loss=True)"
2155,rjan57 / Japan & Pacific,Egalitarian,0.0,1.45,0.5,0.0,1.0,6.488291344895926,1.0,6.488291344895926,"physical_damage_per_capita multiplied by JUSTICE welfare_function.calculate_discount_rate; regional time-discounting visibility, not full welfare aggregation",-5484.682447190013,"scalar from welfare_function.calculate_welfare(physical_damage, welfare_loss=True)"
2156,rjan57 / Japan & Pacific,Egalitarian,0.0,1.45,0.5,0.0,1.0,6.581368039103507,1.0,6.581368039103507,"physical_damage_per_capita multiplied by JUSTICE welfare_function.calculate_discount_rate; regional time-discounting visibility, not full welfare aggregation",-5484.682447190013,"scalar from welfare_function.calculate_welfare(physical_damage, welfare_loss=True)"
2157,rjan57 / Japan & Pacific,Egalitarian,0.0,1.45,0.5,0.0,1.0,6.670986506965983,1.0,6.670986506965983,"physical_damage_per_capita multiplied by JUSTICE welfare_function.calculate_discount_rate; regional time-discounting visibility, not full welfare aggregation",-5484.682447190013,"scalar from welfare_function.calculate_welfare(physical_damage, welfare_loss=True)"
2158,rjan57 / Japan & Pacific,Egalitarian,0.0,1.45,0.5,0.0,1.0,6.75294120572911,1.0,6.75294120572911,"physical_damage_per_capita multiplied by JUSTICE welfare_function.calculate_discount_rate; regional time-discounting visibility, not full welfare aggregation",-5484.682447190013,"scalar from welfare_function.calculate_welfare(physical_damage, welfare_loss=True)"
2159,rjan57 / Japan & Pacific,Egalitarian,0.0,1.45,0.5,0.0,1.0,6.8284871140104615,1.0,6.8284871140104615,"physical_damage_per_capita multiplied by JUSTICE welfare_function.calculate_discount_rate; regional time-discounting visibility, not full welfare aggregation",-5484.682447190013,"scalar from welfare_function.calculate_welfare(physical_damage, welfare_loss=True)"
2160,rjan57 / Japan & Pacific,Egalitarian,0.0,1.45,0.5,0.0,1.0,6.897446370210848,1.0,6.897446370210848,"physical_damage_per_capita multiplied by JUSTICE welfare_function.calculate_discount_rate; regional time-discounting visibility, not full welfare aggregation",-5484.682447190013,"scalar from welfare_function.calculate_welfare(physical_damage, welfare_loss=True)"
2161,rjan57 / Japan & Pacific,Egalitarian,0.0,1.45,0.5,0.0,1.0,6.958461058458402,1.0,6.958461058458402,"physical_damage_per_capita multiplied by JUSTICE welfare_function.calculate_discount_rate; regional time-discounting visibility, not full welfare aggregation",-5484.682447190013,"scalar from welfare_function.calculate_welfare(physical_damage, welfare_loss=True)"
2162,rjan57 / Japan & Pacific,Egalitarian,0.0,1.45,0.5,0.0,1.0,7.019726872307336,1.0,7.019726872307336,"physical_damage_per_capita multiplied by JUSTICE welfare_function.calculate_discount_rate; regional time-discounting visibility, not full welfare aggregation",-5484.682447190013,"scalar from welfare_function.calculate_welfare(physical_damage, welfare_loss=True)"
2163,rjan57 / Japan & Pacific,Egalitarian,0.0,1.45,0.5,0.0,1.0,7.0848909676846565,1.0,7.0848909676846565,"physical_damage_per_capita multiplied by JUSTICE welfare_function.calculate_discount_rate; regional time-discounting visibility, not full welfare aggregation",-5484.682447190013,"scalar from welfare_function.calculate_welfare(physical_damage, welfare_loss=True)"
2164,rjan57 / Japan & Pacific,Egalitarian,0.0,1.45,0.5,0.0,1.0,7.157334793929209,1.0,7.157334793929209,"physical_damage_per_capita multiplied by JUSTICE welfare_function.calculate_discount_rate; regional time-discounting visibility, not full welfare aggregation",-5484.682447190013,"scalar from welfare_function.calculate_welfare(physical_damage, welfare_loss=True)"
2165,rjan57 / Japan & Pacific,Egalitarian,0.0,1.45,0.5,0.0,1.0,7.240227781854122,1.0,7.240227781854122,"physical_damage_per_capita multiplied by JUSTICE welfare_function.calculate_discount_rate; regional time-discounting visibility, not full welfare aggregation",-5484.682447190013,"scalar from welfare_function.calculate_welfare(physical_damage, welfare_loss=True)"
2166,rjan57 / Japan & Pacific,Egalitarian,0.0,1.45,0.5,0.0,1.0,7.327600120996998,1.0,7.327600120996998,"physical_damage_per_capita multiplied by JUSTICE welfare_function.calculate_discount_rate; regional time-discounting visibility, not full welfare aggregation",-5484.682447190013,"scalar from welfare_function.calculate_welfare(physical_damage, welfare_loss=True)"
2167,rjan57 / Japan & Pacific,Egalitarian,0.0,1.45,0.5,0.0,1.0,7.409778111408216,1.0,7.409778111408216,"physical_damage_per_capita multiplied by JUSTICE welfare_function.calculate_discount_rate; regional time-discounting visibility, not full welfare aggregation",-5484.682447190013,"scalar from welfare_function.calculate_welfare(physical_damage, welfare_loss=True)"
2168,rjan57 / Japan & Pacific,Egalitarian,0.0,1.45,0.5,0.0,1.0,7.483177279645798,1.0,7.483177279645798,"physical_damage_per_capita multiplied by JUSTICE welfare_function.calculate_discount_rate; regional time-discounting visibility, not full welfare aggregation",-5484.682447190013,"scalar from welfare_function.calculate_welfare(physical_damage, welfare_loss=True)"
2169,rjan57 / Japan & Pacific,Egalitarian,0.0,1.45,0.5,0.0,1.0,7.547977375234557,1.0,7.547977375234557,"physical_damage_per_capita multiplied by JUSTICE welfare_function.calculate_discount_rate; regional time-discounting visibility, not full welfare aggregation",-5484.682447190013,"scalar from welfare_function.calculate_welfare(physical_damage, welfare_loss=True)"
2170,rjan57 / Japan & Pacific,Egalitarian,0.0,1.45,0.5,0.0,1.0,7.602555677370243,1.0,7.602555677370243,"physical_damage_per_capita multiplied by JUSTICE welfare_function.calculate_discount_rate; regional time-discounting visibility, not full welfare aggregation",-5484.682447190013,"scalar from welfare_function.calculate_welfare(physical_damage, welfare_loss=True)"
2171,rjan57 / Japan & Pacific,Egalitarian,0.0,1.45,0.5,0.0,1.0,7.650572900154326,1.0,7.650572900154326,"physical_damage_per_capita multiplied by JUSTICE welfare_function.calculate_discount_rate; regional time-discounting visibility, not full welfare aggregation",-5484.682447190013,"scalar from welfare_function.calculate_welfare(physical_damage, welfare_loss=True)"
2172,rjan57 / Japan & Pacific,Egalitarian,0.0,1.45,0.5,0.0,1.0,7.700283686124968,1.0,7.700283686124968,"physical_damage_per_capita multiplied by JUSTICE welfare_function.calculate_discount_rate; regional time-discounting visibility, not full welfare aggregation",-5484.682447190013,"scalar from welfare_function.calculate_welfare(physical_damage, welfare_loss=True)"
2173,rjan57 / Japan & Pacific,Egalitarian,0.0,1.45,0.5,0.0,1.0,7.753222915837354,1.0,7.753222915837354,"physical_damage_per_capita multiplied by JUSTICE welfare_function.calculate_discount_rate; regional time-discounting visibility, not full welfare aggregation",-5484.682447190013,"scalar from welfare_function.calculate_welfare(physical_damage, welfare_loss=True)"
2174,rjan57 / Japan & Pacific,Egalitarian,0.0,1.45,0.5,0.0,1.0,7.8113696253904665,1.0,7.8113696253904665,"physical_damage_per_capita multiplied by JUSTICE welfare_function.calculate_discount_rate; regional time-discounting visibility, not full welfare aggregation",-5484.682447190013,"scalar from welfare_function.calculate_welfare(physical_damage, welfare_loss=True)"
2175,rjan57 / Japan & Pacific,Egalitarian,0.0,1.45,0.5,0.0,1.0,7.8788221040180595,1.0,7.8788221040180595,"physical_damage_per_capita multiplied by JUSTICE welfare_function.calculate_discount_rate; regional time-discounting visibility, not full welfare aggregation",-5484.682447190013,"scalar from welfare_function.calculate_welfare(physical_damage, welfare_loss=True)"
2176,rjan57 / Japan & Pacific,Egalitarian,0.0,1.45,0.5,0.0,1.0,7.94767403849425,1.0,7.94767403849425,"physical_damage_per_capita multiplied by JUSTICE welfare_function.calculate_discount_rate; regional time-discounting visibility, not full welfare aggregation",-5484.682447190013,"scalar from welfare_function.calculate_welfare(physical_damage, welfare_loss=True)"
2177,rjan57 / Japan & Pacific,Egalitarian,0.0,1.45,0.5,0.0,1.0,8.016139592756574,1.0,8.016139592756574,"physical_damage_per_capita multiplied by JUSTICE welfare_function.calculate_discount_rate; regional time-discounting visibility, not full welfare aggregation",-5484.682447190013,"scalar from welfare_function.calculate_welfare(physical_damage, welfare_loss=True)"
2178,rjan57 / Japan & Pacific,Egalitarian,0.0,1.45,0.5,0.0,1.0,8.080649774814058,1.0,8.080649774814058,"physical_damage_per_capita multiplied by JUSTICE welfare_function.calculate_discount_rate; regional time-discounting visibility, not full welfare aggregation",-5484.682447190013,"scalar from welfare_function.calculate_welfare(physical_damage, welfare_loss=True)"
2179,rjan57 / Japan & Pacific,Egalitarian,0.0,1.45,0.5,0.0,1.0,8.136458617589783,1.0,8.136458617589783,"physical_damage_per_capita multiplied by JUSTICE welfare_function.calculate_discount_rate; regional time-discounting visibility, not full welfare aggregation",-5484.682447190013,"scalar from welfare_function.calculate_welfare(physical_damage, welfare_loss=True)"
2180,rjan57 / Japan & Pacific,Egalitarian,0.0,1.45,0.5,0.0,1.0,8.182747481559659,1.0,8.182747481559659,"physical_damage_per_capita multiplied by JUSTICE welfare_function.calculate_discount_rate; regional time-discounting visibility, not full welfare aggregation",-5484.682447190013,"scalar from welfare_function.calculate_welfare(physical_damage, welfare_loss=True)"
2181,rjan57 / Japan & Pacific,Egalitarian,0.0,1.45,0.5,0.0,1.0,8.219573000958514,1.0,8.219573000958514,"physical_damage_per_capita multiplied by JUSTICE welfare_function.calculate_discount_rate; regional time-discounting visibility, not full welfare aggregation",-5484.682447190013,"scalar from welfare_function.calculate_welfare(physical_damage, welfare_loss=True)"
2182,rjan57 / Japan & Pacific,Egalitarian,0.0,1.45,0.5,0.0,1.0,8.255542065084404,1.0,8.255542065084404,"physical_damage_per_capita multiplied by JUSTICE welfare_function.calculate_discount_rate; regional time-discounting visibility, not full welfare aggregation",-5484.682447190013,"scalar from welfare_function.calculate_welfare(physical_damage, welfare_loss=True)"
2183,rjan57 / Japan & Pacific,Egalitarian,0.0,1.45,0.5,0.0,1.0,8.291515850450942,1.0,8.291515850450942,"physical_damage_per_capita multiplied by JUSTICE welfare_function.calculate_discount_rate; regional time-discounting visibility, not full welfare aggregation",-5484.682447190013,"scalar from welfare_function.calculate_welfare(physical_damage, welfare_loss=True)"
2184,rjan57 / Japan & Pacific,Egalitarian,0.0,1.45,0.5,0.0,1.0,8.328395449801526,1.0,8.328395449801526,"physical_damage_per_capita multiplied by JUSTICE welfare_function.calculate_discount_rate; regional time-discounting visibility, not full welfare aggregation",-5484.682447190013,"scalar from welfare_function.calculate_welfare(physical_damage, welfare_loss=True)"
2185,rjan57 / Japan & Pacific,Egalitarian,0.0,1.45,0.5,0.0,1.0,8.366456809813537,1.0,8.366456809813537,"physical_damage_per_capita multiplied by JUSTICE welfare_function.calculate_discount_rate; regional time-discounting visibility, not full welfare aggregation",-5484.682447190013,"scalar from welfare_function.calculate_welfare(physical_damage, welfare_loss=True)"
2186,rjan57 / Japan & Pacific,Egalitarian,0.0,1.45,0.5,0.0,1.0,8.401933318442644,1.0,8.401933318442644,"physical_damage_per_capita multiplied by JUSTICE welfare_function.calculate_discount_rate; regional time-discounting visibility, not full welfare aggregation",-5484.682447190013,"scalar from welfare_function.calculate_welfare(physical_damage, welfare_loss=True)"
2187,rjan57 / Japan & Pacific,Egalitarian,0.0,1.45,0.5,0.0,1.0,8.441997290140694,1.0,8.441997290140694,"physical_damage_per_capita multiplied by JUSTICE welfare_function.calculate_discount_rate; regional time-discounting visibility, not full welfare aggregation",-5484.682447190013,"scalar from welfare_function.calculate_welfare(physical_damage, welfare_loss=True)"
2188,rjan57 / Japan & Pacific,Egalitarian,0.0,1.45,0.5,0.0,1.0,8.490401145552891,1.0,8.490401145552891,"physical_damage_per_capita multiplied by JUSTICE welfare_function.calculate_discount_rate; regional time-discounting visibility, not full welfare aggregation",-5484.682447190013,"scalar from welfare_function.calculate_welfare(physical_damage, welfare_loss=True)"
2189,rjan57 / Japan & Pacific,Egalitarian,0.0,1.45,0.5,0.0,1.0,8.540955093375654,1.0,8.540955093375654,"physical_damage_per_capita multiplied by JUSTICE welfare_function.calculate_discount_rate; regional time-discounting visibility, not full welfare aggregation",-5484.682447190013,"scalar from welfare_function.calculate_welfare(physical_damage, welfare_loss=True)"
2190,rjan57 / Japan & Pacific,Egalitarian,0.0,1.45,0.5,0.0,1.0,8.587132660718627,1.0,8.587132660718627,"physical_damage_per_capita multiplied by JUSTICE welfare_function.calculate_discount_rate; regional time-discounting visibility, not full welfare aggregation",-5484.682447190013,"scalar from welfare_function.calculate_welfare(physical_damage, welfare_loss=True)"
2191,rjan57 / Japan & Pacific,Egalitarian,0.0,1.45,0.5,0.0,1.0,8.626009088484249,1.0,8.626009088484249,"physical_damage_per_capita multiplied by JUSTICE welfare_function.calculate_discount_rate; regional time-discounting visibility, not full welfare aggregation",-5484.682447190013,"scalar from welfare_function.calculate_welfare(physical_damage, welfare_loss=True)"
2192,rjan57 / Japan & Pacific,Egalitarian,0.0,1.45,0.5,0.0,1.0,8.656970731871047,1.0,8.656970731871047,"physical_damage_per_capita multiplied by JUSTICE welfare_function.calculate_discount_rate; regional time-discounting visibility, not full welfare aggregation",-5484.682447190013,"scalar from welfare_function.calculate_welfare(physical_damage, welfare_loss=True)"
2193,rjan57 / Japan & Pacific,Egalitarian,0.0,1.45,0.5,0.0,1.0,8.677727845209253,1.0,8.677727845209253,"physical_damage_per_capita multiplied by JUSTICE welfare_function.calculate_discount_rate; regional time-discounting visibility, not full welfare aggregation",-5484.682447190013,"scalar from welfare_function.calculate_welfare(physical_damage, welfare_loss=True)"
2194,rjan57 / Japan & Pacific,Egalitarian,0.0,1.45,0.5,0.0,1.0,8.695286564409214,1.0,8.695286564409214,"physical_damage_per_capita multiplied by JUSTICE welfare_function.calculate_discount_rate; regional time-discounting visibility, not full welfare aggregation",-5484.682447190013,"scalar from welfare_function.calculate_welfare(physical_damage, welfare_loss=True)"
2195,rjan57 / Japan & Pacific,Egalitarian,0.0,1.45,0.5,0.0,1.0,8.71444585039771,1.0,8.71444585039771,"physical_damage_per_capita multiplied by JUSTICE welfare_function.calculate_discount_rate; regional time-discounting visibility, not full welfare aggregation",-5484.682447190013,"scalar from welfare_function.calculate_welfare(physical_damage, welfare_loss=True)"
2196,rjan57 / Japan & Pacific,Egalitarian,0.0,1.45,0.5,0.0,1.0,8.730754274028172,1.0,8.730754274028172,"physical_damage_per_capita multiplied by JUSTICE welfare_function.calculate_discount_rate; regional time-discounting visibility, not full welfare aggregation",-5484.682447190013,"scalar from welfare_function.calculate_welfare(physical_damage, welfare_loss=True)"
2197,rjan57 / Japan & Pacific,Egalitarian,0.0,1.45,0.5,0.0,1.0,8.750371754780394,1.0,8.750371754780394,"physical_damage_per_capita multiplied by JUSTICE welfare_function.calculate_discount_rate; regional time-discounting visibility, not full welfare aggregation",-5484.682447190013,"scalar from welfare_function.calculate_welfare(physical_damage, welfare_loss=True)"
2198,rjan57 / Japan & Pacific,Egalitarian,0.0,1.45,0.5,0.0,1.0,8.77802314886534,1.0,8.77802314886534,"physical_damage_per_capita multiplied by JUSTICE welfare_function.calculate_discount_rate; regional time-discounting visibility, not full welfare aggregation",-5484.682447190013,"scalar from welfare_function.calculate_welfare(physical_damage, welfare_loss=True)"
2199,rjan57 / Japan & Pacific,Egalitarian,0.0,1.45,0.5,0.0,1.0,8.814397368584661,1.0,8.814397368584661,"physical_damage_per_capita multiplied by JUSTICE welfare_function.calculate_discount_rate; regional time-discounting visibility, not full welfare aggregation",-5484.682447190013,"scalar from welfare_function.calculate_welfare(physical_damage, welfare_loss=True)"
2200,rjan57 / Japan & Pacific,Egalitarian,0.0,1.45,0.5,0.0,1.0,8.852182119486496,1.0,8.852182119486496,"physical_damage_per_capita multiplied by JUSTICE welfare_function.calculate_discount_rate; regional time-discounting visibility, not full welfare aggregation",-5484.682447190013,"scalar from welfare_function.calculate_welfare(physical_damage, welfare_loss=True)"
2201,rjan57 / Japan & Pacific,Egalitarian,0.0,1.45,0.5,0.0,1.0,8.883754211462335,1.0,8.883754211462335,"physical_damage_per_capita multiplied by JUSTICE welfare_function.calculate_discount_rate; regional time-discounting visibility, not full welfare aggregation",-5484.682447190013,"scalar from welfare_function.calculate_welfare(physical_damage, welfare_loss=True)"
2202,rjan57 / Japan & Pacific,Egalitarian,0.0,1.45,0.5,0.0,1.0,8.904225927058205,1.0,8.904225927058205,"physical_damage_per_capita multiplied by JUSTICE welfare_function.calculate_discount_rate; regional time-discounting visibility, not full welfare aggregation",-5484.682447190013,"scalar from welfare_function.calculate_welfare(physical_damage, welfare_loss=True)"
2203,rjan57 / Japan & Pacific,Egalitarian,0.0,1.45,0.5,0.0,1.0,8.915354579642234,1.0,8.915354579642234,"physical_damage_per_capita multiplied by JUSTICE welfare_function.calculate_discount_rate; regional time-discounting visibility, not full welfare aggregation",-5484.682447190013,"scalar from welfare_function.calculate_welfare(physical_damage, welfare_loss=True)"
2204,rjan57 / Japan & Pacific,Egalitarian,0.0,1.45,0.5,0.0,1.0,8.922707210390373,1.0,8.922707210390373,"physical_damage_per_capita multiplied by JUSTICE welfare_function.calculate_discount_rate; regional time-discounting visibility, not full welfare aggregation",-5484.682447190013,"scalar from welfare_function.calculate_welfare(physical_damage, welfare_loss=True)"
2205,rjan57 / Japan & Pacific,Egalitarian,0.0,1.45,0.5,0.0,1.0,8.93167369775733,1.0,8.93167369775733,"physical_damage_per_capita multiplied by JUSTICE welfare_function.calculate_discount_rate; regional time-discounting visibility, not full welfare aggregation",-5484.682447190013,"scalar from welfare_function.calculate_welfare(physical_damage, welfare_loss=True)"
2206,rjan57 / Japan & Pacific,Egalitarian,0.0,1.45,0.5,0.0,1.0,8.9412650429628,1.0,8.9412650429628,"physical_damage_per_capita multiplied by JUSTICE welfare_function.calculate_discount_rate; regional time-discounting visibility, not full welfare aggregation",-5484.682447190013,"scalar from welfare_function.calculate_welfare(physical_damage, welfare_loss=True)"
2207,rjan57 / Japan & Pacific,Egalitarian,0.0,1.45,0.5,0.0,1.0,8.950601231596659,1.0,8.950601231596659,"physical_damage_per_capita multiplied by JUSTICE welfare_function.calculate_discount_rate; regional time-discounting visibility, not full welfare aggregation",-5484.682447190013,"scalar from welfare_function.calculate_welfare(physical_damage, welfare_loss=True)"
2208,rjan57 / Japan & Pacific,Egalitarian,0.0,1.45,0.5,0.0,1.0,8.961043013102175,1.0,8.961043013102175,"physical_damage_per_capita multiplied by JUSTICE welfare_function.calculate_discount_rate; regional time-discounting visibility, not full welfare aggregation",-5484.682447190013,"scalar from welfare_function.calculate_welfare(physical_damage, welfare_loss=True)"
2209,rjan57 / Japan & Pacific,Egalitarian,0.0,1.45,0.5,0.0,1.0,8.97409108598662,1.0,8.97409108598662,"physical_damage_per_capita multiplied by JUSTICE welfare_function.calculate_discount_rate; regional time-discounting visibility, not full welfare aggregation",-5484.682447190013,"scalar from welfare_function.calculate_welfare(physical_damage, welfare_loss=True)"
2210,rjan57 / Japan & Pacific,Egalitarian,0.0,1.45,0.5,0.0,1.0,8.993459893528474,1.0,8.993459893528474,"physical_damage_per_capita multiplied by JUSTICE welfare_function.calculate_discount_rate; regional time-discounting visibility, not full welfare aggregation",-5484.682447190013,"scalar from welfare_function.calculate_welfare(physical_damage, welfare_loss=True)"
2211,rjan57 / Japan & Pacific,Egalitarian,0.0,1.45,0.5,0.0,1.0,9.01960646267237,1.0,9.01960646267237,"physical_damage_per_capita multiplied by JUSTICE welfare_function.calculate_discount_rate; regional time-discounting visibility, not full welfare aggregation",-5484.682447190013,"scalar from welfare_function.calculate_welfare(physical_damage, welfare_loss=True)"
2212,rjan57 / Japan & Pacific,Egalitarian,0.0,1.45,0.5,0.0,1.0,9.047963818362168,1.0,9.047963818362168,"physical_damage_per_capita multiplied by JUSTICE welfare_function.calculate_discount_rate; regional time-discounting visibility, not full welfare aggregation",-5484.682447190013,"scalar from welfare_function.calculate_welfare(physical_damage, welfare_loss=True)"
2213,rjan57 / Japan & Pacific,Egalitarian,0.0,1.45,0.5,0.0,1.0,9.072865369403385,1.0,9.072865369403385,"physical_damage_per_capita multiplied by JUSTICE welfare_function.calculate_discount_rate; regional time-discounting visibility, not full welfare aggregation",-5484.682447190013,"scalar from welfare_function.calculate_welfare(physical_damage, welfare_loss=True)"
2214,rjan57 / Japan & Pacific,Egalitarian,0.0,1.45,0.5,0.0,1.0,9.092248307983073,1.0,9.092248307983073,"physical_damage_per_capita multiplied by JUSTICE welfare_function.calculate_discount_rate; regional time-discounting visibility, not full welfare aggregation",-5484.682447190013,"scalar from welfare_function.calculate_welfare(physical_damage, welfare_loss=True)"
2215,rjan57 / Japan & Pacific,Egalitarian,0.0,1.45,0.5,0.0,1.0,9.105602722248088,1.0,9.105602722248088,"physical_damage_per_capita multiplied by JUSTICE welfare_function.calculate_discount_rate; regional time-discounting visibility, not full welfare aggregation",-5484.682447190013,"scalar from welfare_function.calculate_welfare(physical_damage, welfare_loss=True)"
2216,rjan57 / Japan & Pacific,Egalitarian,0.0,1.45,0.5,0.0,1.0,9.114901955664287,1.0,9.114901955664287,"physical_damage_per_capita multiplied by JUSTICE welfare_function.calculate_discount_rate; regional time-discounting visibility, not full welfare aggregation",-5484.682447190013,"scalar from welfare_function.calculate_welfare(physical_damage, welfare_loss=True)"
2217,rjan57 / Japan & Pacific,Egalitarian,0.0,1.45,0.5,0.0,1.0,9.120212788126977,1.0,9.120212788126977,"physical_damage_per_capita multiplied by JUSTICE welfare_function.calculate_discount_rate; regional time-discounting visibility, not full welfare aggregation",-5484.682447190013,"scalar from welfare_function.calculate_welfare(physical_damage, welfare_loss=True)"
2218,rjan57 / Japan & Pacific,Egalitarian,0.0,1.45,0.5,0.0,1.0,9.12220927480226,1.0,9.12220927480226,"physical_damage_per_capita multiplied by JUSTICE welfare_function.calculate_discount_rate; regional time-discounting visibility, not full welfare aggregation",-5484.682447190013,"scalar from welfare_function.calculate_welfare(physical_damage, welfare_loss=True)"
2219,rjan57 / Japan & Pacific,Egalitarian,0.0,1.45,0.5,0.0,1.0,9.126982267108858,1.0,9.126982267108858,"physical_damage_per_capita multiplied by JUSTICE welfare_function.calculate_discount_rate; regional time-discounting visibility, not full welfare aggregation",-5484.682447190013,"scalar from welfare_function.calculate_welfare(physical_damage, welfare_loss=True)"
2220,rjan57 / Japan & Pacific,Egalitarian,0.0,1.45,0.5,0.0,1.0,9.136292882877026,1.0,9.136292882877026,"physical_damage_per_capita multiplied by JUSTICE welfare_function.calculate_discount_rate; regional time-discounting visibility, not full welfare aggregation",-5484.682447190013,"scalar from welfare_function.calculate_welfare(physical_damage, welfare_loss=True)"
2221,rjan57 / Japan & Pacific,Egalitarian,0.0,1.45,0.5,0.0,1.0,9.15181864336374,1.0,9.15181864336374,"physical_damage_per_capita multiplied by JUSTICE welfare_function.calculate_discount_rate; regional time-discounting visibility, not full welfare aggregation",-5484.682447190013,"scalar from welfare_function.calculate_welfare(physical_damage, welfare_loss=True)"
2222,rjan57 / Japan & Pacific,Egalitarian,0.0,1.45,0.5,0.0,1.0,9.175606748214854,1.0,9.175606748214854,"physical_damage_per_capita multiplied by JUSTICE welfare_function.calculate_discount_rate; regional time-discounting visibility, not full welfare aggregation",-5484.682447190013,"scalar from welfare_function.calculate_welfare(physical_damage, welfare_loss=True)"
2223,rjan57 / Japan & Pacific,Egalitarian,0.0,1.45,0.5,0.0,1.0,9.204079883290758,1.0,9.204079883290758,"physical_damage_per_capita multiplied by JUSTICE welfare_function.calculate_discount_rate; regional time-discounting visibility, not full welfare aggregation",-5484.682447190013,"scalar from welfare_function.calculate_welfare(physical_damage, welfare_loss=True)"
2224,rjan57 / Japan & Pacific,Egalitarian,0.0,1.45,0.5,0.0,1.0,9.235324797656146,1.0,9.235324797656146,"physical_damage_per_capita multiplied by JUSTICE welfare_function.calculate_discount_rate; regional time-discounting visibility, not full welfare aggregation",-5484.682447190013,"scalar from welfare_function.calculate_welfare(physical_damage, welfare_loss=True)"
2225,rjan57 / Japan & Pacific,Egalitarian,0.0,1.45,0.5,0.0,1.0,9.260817824703974,1.0,9.260817824703974,"physical_damage_per_capita multiplied by JUSTICE welfare_function.calculate_discount_rate; regional time-discounting visibility, not full welfare aggregation",-5484.682447190013,"scalar from welfare_function.calculate_welfare(physical_damage, welfare_loss=True)"
2226,rjan57 / Japan & Pacific,Egalitarian,0.0,1.45,0.5,0.0,1.0,9.272115723649845,1.0,9.272115723649845,"physical_damage_per_capita multiplied by JUSTICE welfare_function.calculate_discount_rate; regional time-discounting visibility, not full welfare aggregation",-5484.682447190013,"scalar from welfare_function.calculate_welfare(physical_damage, welfare_loss=True)"
2227,rjan57 / Japan & Pacific,Egalitarian,0.0,1.45,0.5,0.0,1.0,9.274923198711301,1.0,9.274923198711301,"physical_damage_per_capita multiplied by JUSTICE welfare_function.calculate_discount_rate; regional time-discounting visibility, not full welfare aggregation",-5484.682447190013,"scalar from welfare_function.calculate_welfare(physical_damage, welfare_loss=True)"
2228,rjan57 / Japan & Pacific,Egalitarian,0.0,1.45,0.5,0.0,1.0,9.273557058145574,1.0,9.273557058145574,"physical_damage_per_capita multiplied by JUSTICE welfare_function.calculate_discount_rate; regional time-discounting visibility, not full welfare aggregation",-5484.682447190013,"scalar from welfare_function.calculate_welfare(physical_damage, welfare_loss=True)"
2229,rjan57 / Japan & Pacific,Egalitarian,0.0,1.45,0.5,0.0,1.0,9.272738959057827,1.0,9.272738959057827,"physical_damage_per_capita multiplied by JUSTICE welfare_function.calculate_discount_rate; regional time-discounting visibility, not full welfare aggregation",-5484.682447190013,"scalar from welfare_function.calculate_welfare(physical_damage, welfare_loss=True)"
2230,rjan57 / Japan & Pacific,Egalitarian,0.0,1.45,0.5,0.0,1.0,9.274820506061843,1.0,9.274820506061843,"physical_damage_per_capita multiplied by JUSTICE welfare_function.calculate_discount_rate; regional time-discounting visibility, not full welfare aggregation",-5484.682447190013,"scalar from welfare_function.calculate_welfare(physical_damage, welfare_loss=True)"
2231,rjan57 / Japan & Pacific,Egalitarian,0.0,1.45,0.5,0.0,1.0,9.281560043390591,1.0,9.281560043390591,"physical_damage_per_capita multiplied by JUSTICE welfare_function.calculate_discount_rate; regional time-discounting visibility, not full welfare aggregation",-5484.682447190013,"scalar from welfare_function.calculate_welfare(physical_damage, welfare_loss=True)"
2232,rjan57 / Japan & Pacific,Egalitarian,0.0,1.45,0.5,0.0,1.0,9.297837705315793,1.0,9.297837705315793,"physical_damage_per_capita multiplied by JUSTICE welfare_function.calculate_discount_rate; regional time-discounting visibility, not full welfare aggregation",-5484.682447190013,"scalar from welfare_function.calculate_welfare(physical_damage, welfare_loss=True)"
2233,rjan57 / Japan & Pacific,Egalitarian,0.0,1.45,0.5,0.0,1.0,9.320100387781896,1.0,9.320100387781896,"physical_damage_per_capita multiplied by JUSTICE welfare_function.calculate_discount_rate; regional time-discounting visibility, not full welfare aggregation",-5484.682447190013,"scalar from welfare_function.calculate_welfare(physical_damage, welfare_loss=True)"
2234,rjan57 / Japan & Pacific,Egalitarian,0.0,1.45,0.5,0.0,1.0,9.340409303532574,1.0,9.340409303532574,"physical_damage_per_capita multiplied by JUSTICE welfare_function.calculate_discount_rate; regional time-discounting visibility, not full welfare aggregation",-5484.682447190013,"scalar from welfare_function.calculate_welfare(physical_damage, welfare_loss=True)"
2235,rjan57 / Japan & Pacific,Egalitarian,0.0,1.45,0.5,0.0,1.0,9.358109423698378,1.0,9.358109423698378,"physical_damage_per_capita multiplied by JUSTICE welfare_function.calculate_discount_rate; regional time-discounting visibility, not full welfare aggregation",-5484.682447190013,"scalar from welfare_function.calculate_welfare(physical_damage, welfare_loss=True)"
2236,rjan57 / Japan & Pacific,Egalitarian,0.0,1.45,0.5,0.0,1.0,9.371407233976162,1.0,9.371407233976162,"physical_damage_per_capita multiplied by JUSTICE welfare_function.calculate_discount_rate; regional time-discounting visibility, not full welfare aggregation",-5484.682447190013,"scalar from welfare_function.calculate_welfare(physical_damage, welfare_loss=True)"
2237,rjan57 / Japan & Pacific,Egalitarian,0.0,1.45,0.5,0.0,1.0,9.378105555177992,1.0,9.378105555177992,"physical_damage_per_capita multiplied by JUSTICE welfare_function.calculate_discount_rate; regional time-discounting visibility, not full welfare aggregation",-5484.682447190013,"scalar from welfare_function.calculate_welfare(physical_damage, welfare_loss=True)"
2238,rjan57 / Japan & Pacific,Egalitarian,0.0,1.45,0.5,0.0,1.0,9.378943488892778,1.0,9.378943488892778,"physical_damage_per_capita multiplied by JUSTICE welfare_function.calculate_discount_rate; regional time-discounting visibility, not full welfare aggregation",-5484.682447190013,"scalar from welfare_function.calculate_welfare(physical_damage, welfare_loss=True)"
2239,rjan57 / Japan & Pacific,Egalitarian,0.0,1.45,0.5,0.0,1.0,9.377046881705446,1.0,9.377046881705446,"physical_damage_per_capita multiplied by JUSTICE welfare_function.calculate_discount_rate; regional time-discounting visibility, not full welfare aggregation",-5484.682447190013,"scalar from welfare_function.calculate_welfare(physical_damage, welfare_loss=True)"
2240,rjan57 / Japan & Pacific,Egalitarian,0.0,1.45,0.5,0.0,1.0,9.377436455118255,1.0,9.377436455118255,"physical_damage_per_capita multiplied by JUSTICE welfare_function.calculate_discount_rate; regional time-discounting visibility, not full welfare aggregation",-5484.682447190013,"scalar from welfare_function.calculate_welfare(physical_damage, welfare_loss=True)"
2241,rjan57 / Japan & Pacific,Egalitarian,0.0,1.45,0.5,0.0,1.0,9.381115583777792,1.0,9.381115583777792,"physical_damage_per_capita multiplied by JUSTICE welfare_function.calculate_discount_rate; regional time-discounting visibility, not full welfare aggregation",-5484.682447190013,"scalar from welfare_function.calculate_welfare(physical_damage, welfare_loss=True)"
2242,rjan57 / Japan & Pacific,Egalitarian,0.0,1.45,0.5,0.0,1.0,9.390062797836935,1.0,9.390062797836935,"physical_damage_per_capita multiplied by JUSTICE welfare_function.calculate_discount_rate; regional time-discounting visibility, not full welfare aggregation",-5484.682447190013,"scalar from welfare_function.calculate_welfare(physical_damage, welfare_loss=True)"
2243,rjan57 / Japan & Pacific,Egalitarian,0.0,1.45,0.5,0.0,1.0,9.407897415653833,1.0,9.407897415653833,"physical_damage_per_capita multiplied by JUSTICE welfare_function.calculate_discount_rate; regional time-discounting visibility, not full welfare aggregation",-5484.682447190013,"scalar from welfare_function.calculate_welfare(physical_damage, welfare_loss=True)"
2244,rjan57 / Japan & Pacific,Egalitarian,0.0,1.45,0.5,0.0,1.0,9.43341846205613,1.0,9.43341846205613,"physical_damage_per_capita multiplied by JUSTICE welfare_function.calculate_discount_rate; regional time-discounting visibility, not full welfare aggregation",-5484.682447190013,"scalar from welfare_function.calculate_welfare(physical_damage, welfare_loss=True)"
2245,rjan57 / Japan & Pacific,Egalitarian,0.0,1.45,0.5,0.0,1.0,9.456754134553863,1.0,9.456754134553863,"physical_damage_per_capita multiplied by JUSTICE welfare_function.calculate_discount_rate; regional time-discounting visibility, not full welfare aggregation",-5484.682447190013,"scalar from welfare_function.calculate_welfare(physical_damage, welfare_loss=True)"
2246,rjan57 / Japan & Pacific,Egalitarian,0.0,1.45,0.5,0.0,1.0,9.472109812825828,1.0,9.472109812825828,"physical_damage_per_capita multiplied by JUSTICE welfare_function.calculate_discount_rate; regional time-discounting visibility, not full welfare aggregation",-5484.682447190013,"scalar from welfare_function.calculate_welfare(physical_damage, welfare_loss=True)"
2247,rjan57 / Japan & Pacific,Egalitarian,0.0,1.45,0.5,0.0,1.0,9.478429766985558,1.0,9.478429766985558,"physical_damage_per_capita multiplied by JUSTICE welfare_function.calculate_discount_rate; regional time-discounting visibility, not full welfare aggregation",-5484.682447190013,"scalar from welfare_function.calculate_welfare(physical_damage, welfare_loss=True)"
2248,rjan57 / Japan & Pacific,Egalitarian,0.0,1.45,0.5,0.0,1.0,9.476652911290259,1.0,9.476652911290259,"physical_damage_per_capita multiplied by JUSTICE welfare_function.calculate_discount_rate; regional time-discounting visibility, not full welfare aggregation",-5484.682447190013,"scalar from welfare_function.calculate_welfare(physical_damage, welfare_loss=True)"
2249,rjan57 / Japan & Pacific,Egalitarian,0.0,1.45,0.5,0.0,1.0,9.473382807199837,1.0,9.473382807199837,"physical_damage_per_capita multiplied by JUSTICE welfare_function.calculate_discount_rate; regional time-discounting visibility, not full welfare aggregation",-5484.682447190013,"scalar from welfare_function.calculate_welfare(physical_damage, welfare_loss=True)"
2250,rjan57 / Japan & Pacific,Egalitarian,0.0,1.45,0.5,0.0,1.0,9.470803982535323,1.0,9.470803982535323,"physical_damage_per_capita multiplied by JUSTICE welfare_function.calculate_discount_rate; regional time-discounting visibility, not full welfare aggregation",-5484.682447190013,"scalar from welfare_function.calculate_welfare(physical_damage, welfare_loss=True)"
2251,rjan57 / Japan & Pacific,Egalitarian,0.0,1.45,0.5,0.0,1.0,9.46818916181725,1.0,9.46818916181725,"physical_damage_per_capita multiplied by JUSTICE welfare_function.calculate_discount_rate; regional time-discounting visibility, not full welfare aggregation",-5484.682447190013,"scalar from welfare_function.calculate_welfare(physical_damage, welfare_loss=True)"
2252,rjan57 / Japan & Pacific,Egalitarian,0.0,1.45,0.5,0.0,1.0,9.466722580156018,1.0,9.466722580156018,"physical_damage_per_capita multiplied by JUSTICE welfare_function.calculate_discount_rate; regional time-discounting visibility, not full welfare aggregation",-5484.682447190013,"scalar from welfare_function.calculate_welfare(physical_damage, welfare_loss=True)"
2253,rjan57 / Japan & Pacific,Egalitarian,0.0,1.45,0.5,0.0,1.0,9.467250474048408,1.0,9.467250474048408,"physical_damage_per_capita multiplied by JUSTICE welfare_function.calculate_discount_rate; regional time-discounting visibility, not full welfare aggregation",-5484.682447190013,"scalar from welfare_function.calculate_welfare(physical_damage, welfare_loss=True)"
2254,rjan57 / Japan & Pacific,Egalitarian,0.0,1.45,0.5,0.0,1.0,9.471309785034023,1.0,9.471309785034023,"physical_damage_per_capita multiplied by JUSTICE welfare_function.calculate_discount_rate; regional time-discounting visibility, not full welfare aggregation",-5484.682447190013,"scalar from welfare_function.calculate_welfare(physical_damage, welfare_loss=True)"
2255,rjan57 / Japan & Pacific,Egalitarian,0.0,1.45,0.5,0.0,1.0,9.481813522017864,1.0,9.481813522017864,"physical_damage_per_capita multiplied by JUSTICE welfare_function.calculate_discount_rate; regional time-discounting visibility, not full welfare aggregation",-5484.682447190013,"scalar from welfare_function.calculate_welfare(physical_damage, welfare_loss=True)"
2256,rjan57 / Japan & Pacific,Egalitarian,0.0,1.45,0.5,0.0,1.0,9.498682561640141,1.0,9.498682561640141,"physical_damage_per_capita multiplied by JUSTICE welfare_function.calculate_discount_rate; regional time-discounting visibility, not full welfare aggregation",-5484.682447190013,"scalar from welfare_function.calculate_welfare(physical_damage, welfare_loss=True)"
2257,rjan57 / Japan & Pacific,Egalitarian,0.0,1.45,0.5,0.0,1.0,9.515044496426809,1.0,9.515044496426809,"physical_damage_per_capita multiplied by JUSTICE welfare_function.calculate_discount_rate; regional time-discounting visibility, not full welfare aggregation",-5484.682447190013,"scalar from welfare_function.calculate_welfare(physical_damage, welfare_loss=True)"
2258,rjan57 / Japan & Pacific,Egalitarian,0.0,1.45,0.5,0.0,1.0,9.52727703954847,1.0,9.52727703954847,"physical_damage_per_capita multiplied by JUSTICE welfare_function.calculate_discount_rate; regional time-discounting visibility, not full welfare aggregation",-5484.682447190013,"scalar from welfare_function.calculate_welfare(physical_damage, welfare_loss=True)"
2259,rjan57 / Japan & Pacific,Egalitarian,0.0,1.45,0.5,0.0,1.0,9.535980624143408,1.0,9.535980624143408,"physical_damage_per_capita multiplied by JUSTICE welfare_function.calculate_discount_rate; regional time-discounting visibility, not full welfare aggregation",-5484.682447190013,"scalar from welfare_function.calculate_welfare(physical_damage, welfare_loss=True)"
2260,rjan57 / Japan & Pacific,Egalitarian,0.0,1.45,0.5,0.0,1.0,9.538510668650519,1.0,9.538510668650519,"physical_damage_per_capita multiplied by JUSTICE welfare_function.calculate_discount_rate; regional time-discounting visibility, not full welfare aggregation",-5484.682447190013,"scalar from welfare_function.calculate_welfare(physical_damage, welfare_loss=True)"
2261,rjan57 / Japan & Pacific,Egalitarian,0.0,1.45,0.5,0.0,1.0,9.536539324672294,1.0,9.536539324672294,"physical_damage_per_capita multiplied by JUSTICE welfare_function.calculate_discount_rate; regional time-discounting visibility, not full welfare aggregation",-5484.682447190013,"scalar from welfare_function.calculate_welfare(physical_damage, welfare_loss=True)"
2262,rjan57 / Japan & Pacific,Egalitarian,0.0,1.45,0.5,0.0,1.0,9.531104918035176,1.0,9.531104918035176,"physical_damage_per_capita multiplied by JUSTICE welfare_function.calculate_discount_rate; regional time-discounting visibility, not full welfare aggregation",-5484.682447190013,"scalar from welfare_function.calculate_welfare(physical_damage, welfare_loss=True)"
2263,rjan57 / Japan & Pacific,Egalitarian,0.0,1.45,0.5,0.0,1.0,9.523892254122865,1.0,9.523892254122865,"physical_damage_per_capita multiplied by JUSTICE welfare_function.calculate_discount_rate; regional time-discounting visibility, not full welfare aggregation",-5484.682447190013,"scalar from welfare_function.calculate_welfare(physical_damage, welfare_loss=True)"
2264,rjan57 / Japan & Pacific,Egalitarian,0.0,1.45,0.5,0.0,1.0,9.52037473454507,1.0,9.52037473454507,"physical_damage_per_capita multiplied by JUSTICE welfare_function.calculate_discount_rate; regional time-discounting visibility, not full welfare aggregation",-5484.682447190013,"scalar from welfare_function.calculate_welfare(physical_damage, welfare_loss=True)"
2265,rjan57 / Japan & Pacific,Egalitarian,0.0,1.45,0.5,0.0,1.0,9.521705043763454,1.0,9.521705043763454,"physical_damage_per_capita multiplied by JUSTICE welfare_function.calculate_discount_rate; regional time-discounting visibility, not full welfare aggregation",-5484.682447190013,"scalar from welfare_function.calculate_welfare(physical_damage, welfare_loss=True)"
2266,rjan57 / Japan & Pacific,Egalitarian,0.0,1.45,0.5,0.0,1.0,9.529669761457356,1.0,9.529669761457356,"physical_damage_per_capita multiplied by JUSTICE welfare_function.calculate_discount_rate; regional time-discounting visibility, not full welfare aggregation",-5484.682447190013,"scalar from welfare_function.calculate_welfare(physical_damage, welfare_loss=True)"
2267,rjan57 / Japan & Pacific,Egalitarian,0.0,1.45,0.5,0.0,1.0,9.546503139100718,1.0,9.546503139100718,"physical_damage_per_capita multiplied by JUSTICE welfare_function.calculate_discount_rate; regional time-discounting visibility, not full welfare aggregation",-5484.682447190013,"scalar from welfare_function.calculate_welfare(physical_damage, welfare_loss=True)"
2268,rjan57 / Japan & Pacific,Egalitarian,0.0,1.45,0.5,0.0,1.0,9.56817464356978,1.0,9.56817464356978,"physical_damage_per_capita multiplied by JUSTICE welfare_function.calculate_discount_rate; regional time-discounting visibility, not full welfare aggregation",-5484.682447190013,"scalar from welfare_function.calculate_welfare(physical_damage, welfare_loss=True)"
2269,rjan57 / Japan & Pacific,Egalitarian,0.0,1.45,0.5,0.0,1.0,9.590432854445314,1.0,9.590432854445314,"physical_damage_per_capita multiplied by JUSTICE welfare_function.calculate_discount_rate; regional time-discounting visibility, not full welfare aggregation",-5484.682447190013,"scalar from welfare_function.calculate_welfare(physical_damage, welfare_loss=True)"
2270,rjan57 / Japan & Pacific,Egalitarian,0.0,1.45,0.5,0.0,1.0,9.603193253576556,1.0,9.603193253576556,"physical_damage_per_capita multiplied by JUSTICE welfare_function.calculate_discount_rate; regional time-discounting visibility, not full welfare aggregation",-5484.682447190013,"scalar from welfare_function.calculate_welfare(physical_damage, welfare_loss=True)"
2271,rjan57 / Japan & Pacific,Egalitarian,0.0,1.45,0.5,0.0,1.0,9.602767939456744,1.0,9.602767939456744,"physical_damage_per_capita multiplied by JUSTICE welfare_function.calculate_discount_rate; regional time-discounting visibility, not full welfare aggregation",-5484.682447190013,"scalar from welfare_function.calculate_welfare(physical_damage, welfare_loss=True)"
2272,rjan57 / Japan & Pacific,Egalitarian,0.0,1.45,0.5,0.0,1.0,9.595936913918692,1.0,9.595936913918692,"physical_damage_per_capita multiplied by JUSTICE welfare_function.calculate_discount_rate; regional time-discounting visibility, not full welfare aggregation",-5484.682447190013,"scalar from welfare_function.calculate_welfare(physical_damage, welfare_loss=True)"
2273,rjan57 / Japan & Pacific,Egalitarian,0.0,1.45,0.5,0.0,1.0,9.58694248003514,1.0,9.58694248003514,"physical_damage_per_capita multiplied by JUSTICE welfare_function.calculate_discount_rate; regional time-discounting visibility, not full welfare aggregation",-5484.682447190013,"scalar from welfare_function.calculate_welfare(physical_damage, welfare_loss=True)"
2274,rjan57 / Japan & Pacific,Egalitarian,0.0,1.45,0.5,0.0,1.0,9.578797803883747,1.0,9.578797803883747,"physical_damage_per_capita multiplied by JUSTICE welfare_function.calculate_discount_rate; regional time-discounting visibility, not full welfare aggregation",-5484.682447190013,"scalar from welfare_function.calculate_welfare(physical_damage, welfare_loss=True)"
2275,rjan57 / Japan & Pacific,Egalitarian,0.0,1.45,0.5,0.0,1.0,9.57376878877991,1.0,9.57376878877991,"physical_damage_per_capita multiplied by JUSTICE welfare_function.calculate_discount_rate; regional time-discounting visibility, not full welfare aggregation",-5484.682447190013,"scalar from welfare_function.calculate_welfare(physical_damage, welfare_loss=True)"
2276,rjan57 / Japan & Pacific,Egalitarian,0.0,1.45,0.5,0.0,1.0,9.576509244433428,1.0,9.576509244433428,"physical_damage_per_capita multiplied by JUSTICE welfare_function.calculate_discount_rate; regional time-discounting visibility, not full welfare aggregation",-5484.682447190013,"scalar from welfare_function.calculate_welfare(physical_damage, welfare_loss=True)"
2277,rjan57 / Japan & Pacific,Egalitarian,0.0,1.45,0.5,0.0,1.0,9.588138786025677,1.0,9.588138786025677,"physical_damage_per_capita multiplied by JUSTICE welfare_function.calculate_discount_rate; regional time-discounting visibility, not full welfare aggregation",-5484.682447190013,"scalar from welfare_function.calculate_welfare(physical_damage, welfare_loss=True)"
2278,rjan57 / Japan & Pacific,Egalitarian,0.0,1.45,0.5,0.0,1.0,9.604195580284166,1.0,9.604195580284166,"physical_damage_per_capita multiplied by JUSTICE welfare_function.calculate_discount_rate; regional time-discounting visibility, not full welfare aggregation",-5484.682447190013,"scalar from welfare_function.calculate_welfare(physical_damage, welfare_loss=True)"
2279,rjan57 / Japan & Pacific,Egalitarian,0.0,1.45,0.5,0.0,1.0,9.617081226002323,1.0,9.617081226002323,"physical_damage_per_capita multiplied by JUSTICE welfare_function.calculate_discount_rate; regional time-discounting visibility, not full welfare aggregation",-5484.682447190013,"scalar from welfare_function.calculate_welfare(physical_damage, welfare_loss=True)"
2280,rjan57 / Japan & Pacific,Egalitarian,0.0,1.45,0.5,0.0,1.0,9.62388562991308,1.0,9.62388562991308,"physical_damage_per_capita multiplied by JUSTICE welfare_function.calculate_discount_rate; regional time-discounting visibility, not full welfare aggregation",-5484.682447190013,"scalar from welfare_function.calculate_welfare(physical_damage, welfare_loss=True)"
2281,rjan57 / Japan & Pacific,Egalitarian,0.0,1.45,0.5,0.0,1.0,9.625266791381048,1.0,9.625266791381048,"physical_damage_per_capita multiplied by JUSTICE welfare_function.calculate_discount_rate; regional time-discounting visibility, not full welfare aggregation",-5484.682447190013,"scalar from welfare_function.calculate_welfare(physical_damage, welfare_loss=True)"
2282,rjan57 / Japan & Pacific,Egalitarian,0.0,1.45,0.5,0.0,1.0,9.619861918119343,1.0,9.619861918119343,"physical_damage_per_capita multiplied by JUSTICE welfare_function.calculate_discount_rate; regional time-discounting visibility, not full welfare aggregation",-5484.682447190013,"scalar from welfare_function.calculate_welfare(physical_damage, welfare_loss=True)"
2283,rjan57 / Japan & Pacific,Egalitarian,0.0,1.45,0.5,0.0,1.0,9.61114415212617,1.0,9.61114415212617,"physical_damage_per_capita multiplied by JUSTICE welfare_function.calculate_discount_rate; regional time-discounting visibility, not full welfare aggregation",-5484.682447190013,"scalar from welfare_function.calculate_welfare(physical_damage, welfare_loss=True)"
2284,rjan57 / Japan & Pacific,Egalitarian,0.0,1.45,0.5,0.0,1.0,9.60476816236957,1.0,9.60476816236957,"physical_damage_per_capita multiplied by JUSTICE welfare_function.calculate_discount_rate; regional time-discounting visibility, not full welfare aggregation",-5484.682447190013,"scalar from welfare_function.calculate_welfare(physical_damage, welfare_loss=True)"
2285,rjan57 / Japan & Pacific,Egalitarian,0.0,1.45,0.5,0.0,1.0,9.601493693410092,1.0,9.601493693410092,"physical_damage_per_capita multiplied by JUSTICE welfare_function.calculate_discount_rate; regional time-discounting visibility, not full welfare aggregation",-5484.682447190013,"scalar from welfare_function.calculate_welfare(physical_damage, welfare_loss=True)"
2286,rjan57 / Japan & Pacific,Egalitarian,0.0,1.45,0.5,0.0,1.0,9.60295744120788,1.0,9.60295744120788,"physical_damage_per_capita multiplied by JUSTICE welfare_function.calculate_discount_rate; regional time-discounting visibility, not full welfare aggregation",-5484.682447190013,"scalar from welfare_function.calculate_welfare(physical_damage, welfare_loss=True)"
2287,rjan57 / Japan & Pacific,Egalitarian,0.0,1.45,0.5,0.0,1.0,9.61336061079618,1.0,9.61336061079618,"physical_damage_per_capita multiplied by JUSTICE welfare_function.calculate_discount_rate; regional time-discounting visibility, not full welfare aggregation",-5484.682447190013,"scalar from welfare_function.calculate_welfare(physical_damage, welfare_loss=True)"
2288,rjan57 / Japan & Pacific,Egalitarian,0.0,1.45,0.5,0.0,1.0,9.632310369713458,1.0,9.632310369713458,"physical_damage_per_capita multiplied by JUSTICE welfare_function.calculate_discount_rate; regional time-discounting visibility, not full welfare aggregation",-5484.682447190013,"scalar from welfare_function.calculate_welfare(physical_damage, welfare_loss=True)"
2289,rjan57 / Japan & Pacific,Egalitarian,0.0,1.45,0.5,0.0,1.0,9.651452380466212,1.0,9.651452380466212,"physical_damage_per_capita multiplied by JUSTICE welfare_function.calculate_discount_rate; regional time-discounting visibility, not full welfare aggregation",-5484.682447190013,"scalar from welfare_function.calculate_welfare(physical_damage, welfare_loss=True)"
2290,rjan57 / Japan & Pacific,Egalitarian,0.0,1.45,0.5,0.0,1.0,9.663908712830535,1.0,9.663908712830535,"physical_damage_per_capita multiplied by JUSTICE welfare_function.calculate_discount_rate; regional time-discounting visibility, not full welfare aggregation",-5484.682447190013,"scalar from welfare_function.calculate_welfare(physical_damage, welfare_loss=True)"
2291,rjan57 / Japan & Pacific,Egalitarian,0.0,1.45,0.5,0.0,1.0,9.663699802341727,1.0,9.663699802341727,"physical_damage_per_capita multiplied by JUSTICE welfare_function.calculate_discount_rate; regional time-discounting visibility, not full welfare aggregation",-5484.682447190013,"scalar from welfare_function.calculate_welfare(physical_damage, welfare_loss=True)"
2292,rjan57 / Japan & Pacific,Egalitarian,0.0,1.45,0.5,0.0,1.0,9.655822174988213,1.0,9.655822174988213,"physical_damage_per_capita multiplied by JUSTICE welfare_function.calculate_discount_rate; regional time-discounting visibility, not full welfare aggregation",-5484.682447190013,"scalar from welfare_function.calculate_welfare(physical_damage, welfare_loss=True)"
2293,rjan57 / Japan & Pacific,Egalitarian,0.0,1.45,0.5,0.0,1.0,9.647908275148792,1.0,9.647908275148792,"physical_damage_per_capita multiplied by JUSTICE welfare_function.calculate_discount_rate; regional time-discounting visibility, not full welfare aggregation",-5484.682447190013,"scalar from welfare_function.calculate_welfare(physical_damage, welfare_loss=True)"
2294,rjan57 / Japan & Pacific,Egalitarian,0.0,1.45,0.5,0.0,1.0,9.638230026448534,1.0,9.638230026448534,"physical_damage_per_capita multiplied by JUSTICE welfare_function.calculate_discount_rate; regional time-discounting visibility, not full welfare aggregation",-5484.682447190013,"scalar from welfare_function.calculate_welfare(physical_damage, welfare_loss=True)"
2295,rjan57 / Japan & Pacific,Egalitarian,0.0,1.45,0.5,0.0,1.0,9.62919087520027,1.0,9.62919087520027,"physical_damage_per_capita multiplied by JUSTICE welfare_function.calculate_discount_rate; regional time-discounting visibility, not full welfare aggregation",-5484.682447190013,"scalar from welfare_function.calculate_welfare(physical_damage, welfare_loss=True)"
2296,rjan57 / Japan & Pacific,Egalitarian,0.0,1.45,0.5,0.0,1.0,9.625085907412826,1.0,9.625085907412826,"physical_damage_per_capita multiplied by JUSTICE welfare_function.calculate_discount_rate; regional time-discounting visibility, not full welfare aggregation",-5484.682447190013,"scalar from welfare_function.calculate_welfare(physical_damage, welfare_loss=True)"
2297,rjan57 / Japan & Pacific,Egalitarian,0.0,1.45,0.5,0.0,1.0,9.630863101580356,1.0,9.630863101580356,"physical_damage_per_capita multiplied by JUSTICE welfare_function.calculate_discount_rate; regional time-discounting visibility, not full welfare aggregation",-5484.682447190013,"scalar from welfare_function.calculate_welfare(physical_damage, welfare_loss=True)"
2298,rjan57 / Japan & Pacific,Egalitarian,0.0,1.45,0.5,0.0,1.0,9.645119049650289,1.0,9.645119049650289,"physical_damage_per_capita multiplied by JUSTICE welfare_function.calculate_discount_rate; regional time-discounting visibility, not full welfare aggregation",-5484.682447190013,"scalar from welfare_function.calculate_welfare(physical_damage, welfare_loss=True)"
2299,rjan57 / Japan & Pacific,Egalitarian,0.0,1.45,0.5,0.0,1.0,9.663194542847105,1.0,9.663194542847105,"physical_damage_per_capita multiplied by JUSTICE welfare_function.calculate_discount_rate; regional time-discounting visibility, not full welfare aggregation",-5484.682447190013,"scalar from welfare_function.calculate_welfare(physical_damage, welfare_loss=True)"
2300,rjan57 / Japan & Pacific,Egalitarian,0.0,1.45,0.5,0.0,1.0,9.678257151921152,1.0,9.678257151921152,"physical_damage_per_capita multiplied by JUSTICE welfare_function.calculate_discount_rate; regional time-discounting visibility, not full welfare aggregation",-5484.682447190013,"scalar from welfare_function.calculate_welfare(physical_damage, welfare_loss=True)"
2015,rsas / South Asia,Egalitarian,0.0,1.45,0.5,0.0,1.0,0.0,1.0,0.0,"physical_damage_per_capita multiplied by JUSTICE welfare_function.calculate_discount_rate; regional time-discounting visibility, not full welfare aggregation",-5484.682447190013,"scalar from welfare_function.calculate_welfare(physical_damage, welfare_loss=True)"
2016,rsas / South Asia,Egalitarian,0.0,1.45,0.5,0.0,1.0,0.0,1.0,0.0,"physical_damage_per_capita multiplied by JUSTICE welfare_function.calculate_discount_rate; regional time-discounting visibility, not full welfare aggregation",-5484.682447190013,"scalar from welfare_function.calculate_welfare(physical_damage, welfare_loss=True)"
2017,rsas / South Asia,Egalitarian,0.0,1.45,0.5,0.0,1.0,0.0,1.0,0.0,"physical_damage_per_capita multiplied by JUSTICE welfare_function.calculate_discount_rate; regional time-discounting visibility, not full welfare aggregation",-5484.682447190013,"scalar from welfare_function.calculate_welfare(physical_damage, welfare_loss=True)"
2018,rsas / South Asia,Egalitarian,0.0,1.45,0.5,0.0,1.0,1.0086836715802105e-06,1.0,1.0086836715802105e-06,"physical_damage_per_capita multiplied by JUSTICE welfare_function.calculate_discount_rate; regional time-discounting visibility, not full welfare aggregation",-5484.682447190013,"scalar from welfare_function.calculate_welfare(physical_damage, welfare_loss=True)"
2019,rsas / South Asia,Egalitarian,0.0,1.45,0.5,0.0,1.0,0.006268612545165623,1.0,0.006268612545165623,"physical_damage_per_capita multiplied by JUSTICE welfare_function.calculate_discount_rate; regional time-discounting visibility, not full welfare aggregation",-5484.682447190013,"scalar from welfare_function.calculate_welfare(physical_damage, welfare_loss=True)"
2020,rsas / South Asia,Egalitarian,0.0,1.45,0.5,0.0,1.0,0.012405244089514666,1.0,0.012405244089514666,"physical_damage_per_capita multiplied by JUSTICE welfare_function.calculate_discount_rate; regional time-discounting visibility, not full welfare aggregation",-5484.682447190013,"scalar from welfare_function.calculate_welfare(physical_damage, welfare_loss=True)"
2021,rsas / South Asia,Egalitarian,0.0,1.45,0.5,0.0,1.0,0.018868412157474295,1.0,0.018868412157474295,"physical_damage_per_capita multiplied by JUSTICE welfare_function.calculate_discount_rate; regional time-discounting visibility, not full welfare aggregation",-5484.682447190013,"scalar from welfare_function.calculate_welfare(physical_damage, welfare_loss=True)"
2022,rsas / South Asia,Egalitarian,0.0,1.45,0.5,0.0,1.0,0.02565564309658419,1.0,0.02565564309658419,"physical_damage_per_capita multiplied by JUSTICE welfare_function.calculate_discount_rate; regional time-discounting visibility, not full welfare aggregation",-5484.682447190013,"scalar from welfare_function.calculate_welfare(physical_damage, welfare_loss=True)"
2023,rsas / South Asia,Egalitarian,0.0,1.45,0.5,0.0,1.0,0.03330666139277572,1.0,0.03330666139277572,"physical_damage_per_capita multiplied by JUSTICE welfare_function.calculate_discount_rate; regional time-discounting visibility, not full welfare aggregation",-5484.682447190013,"scalar from welfare_function.calculate_welfare(physical_damage, welfare_loss=True)"
2024,rsas / South Asia,Egalitarian,0.0,1.45,0.5,0.0,1.0,0.041404034540144796,1.0,0.041404034540144796,"physical_damage_per_capita multiplied by JUSTICE welfare_function.calculate_discount_rate; regional time-discounting visibility, not full welfare aggregation",-5484.682447190013,"scalar from welfare_function.calculate_welfare(physical_damage, welfare_loss=True)"
2025,rsas / South Asia,Egalitarian,0.0,1.45,0.5,0.0,1.0,0.04958607945384667,1.0,0.04958607945384667,"physical_damage_per_capita multiplied by JUSTICE welfare_function.calculate_discount_rate; regional time-discounting visibility, not full welfare aggregation",-5484.682447190013,"scalar from welfare_function.calculate_welfare(physical_damage, welfare_loss=True)"
2026,rsas / South Asia,Egalitarian,0.0,1.45,0.5,0.0,1.0,0.05752370916938063,1.0,0.05752370916938063,"physical_damage_per_capita multiplied by JUSTICE welfare_function.calculate_discount_rate; regional time-discounting visibility, not full welfare aggregation",-5484.682447190013,"scalar from welfare_function.calculate_welfare(physical_damage, welfare_loss=True)"
2027,rsas / South Asia,Egalitarian,0.0,1.45,0.5,0.0,1.0,0.06476157813094173,1.0,0.06476157813094173,"physical_damage_per_capita multiplied by JUSTICE welfare_function.calculate_discount_rate; regional time-discounting visibility, not full welfare aggregation",-5484.682447190013,"scalar from welfare_function.calculate_welfare(physical_damage, welfare_loss=True)"
2028,rsas / South Asia,Egalitarian,0.0,1.45,0.5,0.0,1.0,0.07129162766482976,1.0,0.07129162766482976,"physical_damage_per_capita multiplied by JUSTICE welfare_function.calculate_discount_rate; regional time-discounting visibility, not full welfare aggregation",-5484.682447190013,"scalar from welfare_function.calculate_welfare(physical_damage, welfare_loss=True)"
2029,rsas / South Asia,Egalitarian,0.0,1.45,0.5,0.0,1.0,0.07743831863565147,1.0,0.07743831863565147,"physical_damage_per_capita multiplied by JUSTICE welfare_function.calculate_discount_rate; regional time-discounting visibility, not full welfare aggregation",-5484.682447190013,"scalar from welfare_function.calculate_welfare(physical_damage, welfare_loss=True)"
2030,rsas / South Asia,Egalitarian,0.0,1.45,0.5,0.0,1.0,0.08368632585238356,1.0,0.08368632585238356,"physical_damage_per_capita multiplied by JUSTICE welfare_function.calculate_discount_rate; regional time-discounting visibility, not full welfare aggregation",-5484.682447190013,"scalar from welfare_function.calculate_welfare(physical_damage, welfare_loss=True)"
2031,rsas / South Asia,Egalitarian,0.0,1.45,0.5,0.0,1.0,0.09066875449005968,1.0,0.09066875449005968,"physical_damage_per_capita multiplied by JUSTICE welfare_function.calculate_discount_rate; regional time-discounting visibility, not full welfare aggregation",-5484.682447190013,"scalar from welfare_function.calculate_welfare(physical_damage, welfare_loss=True)"
2032,rsas / South Asia,Egalitarian,0.0,1.45,0.5,0.0,1.0,0.09784622387312601,1.0,0.09784622387312601,"physical_damage_per_capita multiplied by JUSTICE welfare_function.calculate_discount_rate; regional time-discounting visibility, not full welfare aggregation",-5484.682447190013,"scalar from welfare_function.calculate_welfare(physical_damage, welfare_loss=True)"
2033,rsas / South Asia,Egalitarian,0.0,1.45,0.5,0.0,1.0,0.1053119429787746,1.0,0.1053119429787746,"physical_damage_per_capita multiplied by JUSTICE welfare_function.calculate_discount_rate; regional time-discounting visibility, not full welfare aggregation",-5484.682447190013,"scalar from welfare_function.calculate_welfare(physical_damage, welfare_loss=True)"
2034,rsas / South Asia,Egalitarian,0.0,1.45,0.5,0.0,1.0,0.11347407501333567,1.0,0.11347407501333567,"physical_damage_per_capita multiplied by JUSTICE welfare_function.calculate_discount_rate; regional time-discounting visibility, not full welfare aggregation",-5484.682447190013,"scalar from welfare_function.calculate_welfare(physical_damage, welfare_loss=True)"
2035,rsas / South Asia,Egalitarian,0.0,1.45,0.5,0.0,1.0,0.12270409353320826,1.0,0.12270409353320826,"physical_damage_per_capita multiplied by JUSTICE welfare_function.calculate_discount_rate; regional time-discounting visibility, not full welfare aggregation",-5484.682447190013,"scalar from welfare_function.calculate_welfare(physical_damage, welfare_loss=True)"
2036,rsas / South Asia,Egalitarian,0.0,1.45,0.5,0.0,1.0,0.13324591658343604,1.0,0.13324591658343604,"physical_damage_per_capita multiplied by JUSTICE welfare_function.calculate_discount_rate; regional time-discounting visibility, not full welfare aggregation",-5484.682447190013,"scalar from welfare_function.calculate_welfare(physical_damage, welfare_loss=True)"
2037,rsas / South Asia,Egalitarian,0.0,1.45,0.5,0.0,1.0,0.1442690737793394,1.0,0.1442690737793394,"physical_damage_per_capita multiplied by JUSTICE welfare_function.calculate_discount_rate; regional time-discounting visibility, not full welfare aggregation",-5484.682447190013,"scalar from welfare_function.calculate_welfare(physical_damage, welfare_loss=True)"
2038,rsas / South Asia,Egalitarian,0.0,1.45,0.5,0.0,1.0,0.15519795623070812,1.0,0.15519795623070812,"physical_damage_per_capita multiplied by JUSTICE welfare_function.calculate_discount_rate; regional time-discounting visibility, not full welfare aggregation",-5484.682447190013,"scalar from welfare_function.calculate_welfare(physical_damage, welfare_loss=True)"
2039,rsas / South Asia,Egalitarian,0.0,1.45,0.5,0.0,1.0,0.16577521818098395,1.0,0.16577521818098395,"physical_damage_per_capita multiplied by JUSTICE welfare_function.calculate_discount_rate; regional time-discounting visibility, not full welfare aggregation",-5484.682447190013,"scalar from welfare_function.calculate_welfare(physical_damage, welfare_loss=True)"
2040,rsas / South Asia,Egalitarian,0.0,1.45,0.5,0.0,1.0,0.17593798307362468,1.0,0.17593798307362468,"physical_damage_per_capita multiplied by JUSTICE welfare_function.calculate_discount_rate; regional time-discounting visibility, not full welfare aggregation",-5484.682447190013,"scalar from welfare_function.calculate_welfare(physical_damage, welfare_loss=True)"
2041,rsas / South Asia,Egalitarian,0.0,1.45,0.5,0.0,1.0,0.1866577108571066,1.0,0.1866577108571066,"physical_damage_per_capita multiplied by JUSTICE welfare_function.calculate_discount_rate; regional time-discounting visibility, not full welfare aggregation",-5484.682447190013,"scalar from welfare_function.calculate_welfare(physical_damage, welfare_loss=True)"
2042,rsas / South Asia,Egalitarian,0.0,1.45,0.5,0.0,1.0,0.1969360396704985,1.0,0.1969360396704985,"physical_damage_per_capita multiplied by JUSTICE welfare_function.calculate_discount_rate; regional time-discounting visibility, not full welfare aggregation",-5484.682447190013,"scalar from welfare_function.calculate_welfare(physical_damage, welfare_loss=True)"
2043,rsas / South Asia,Egalitarian,0.0,1.45,0.5,0.0,1.0,0.20717918450134742,1.0,0.20717918450134742,"physical_damage_per_capita multiplied by JUSTICE welfare_function.calculate_discount_rate; regional time-discounting visibility, not full welfare aggregation",-5484.682447190013,"scalar from welfare_function.calculate_welfare(physical_damage, welfare_loss=True)"
2044,rsas / South Asia,Egalitarian,0.0,1.45,0.5,0.0,1.0,0.2179729208047638,1.0,0.2179729208047638,"physical_damage_per_capita multiplied by JUSTICE welfare_function.calculate_discount_rate; regional time-discounting visibility, not full welfare aggregation",-5484.682447190013,"scalar from welfare_function.calculate_welfare(physical_damage, welfare_loss=True)"
2045,rsas / South Asia,Egalitarian,0.0,1.45,0.5,0.0,1.0,0.22970180448124222,1.0,0.22970180448124222,"physical_damage_per_capita multiplied by JUSTICE welfare_function.calculate_discount_rate; regional time-discounting visibility, not full welfare aggregation",-5484.682447190013,"scalar from welfare_function.calculate_welfare(physical_damage, welfare_loss=True)"
2046,rsas / South Asia,Egalitarian,0.0,1.45,0.5,0.0,1.0,0.24294059057309964,1.0,0.24294059057309964,"physical_damage_per_capita multiplied by JUSTICE welfare_function.calculate_discount_rate; regional time-discounting visibility, not full welfare aggregation",-5484.682447190013,"scalar from welfare_function.calculate_welfare(physical_damage, welfare_loss=True)"
2047,rsas / South Asia,Egalitarian,0.0,1.45,0.5,0.0,1.0,0.25773592270287293,1.0,0.25773592270287293,"physical_damage_per_capita multiplied by JUSTICE welfare_function.calculate_discount_rate; regional time-discounting visibility, not full welfare aggregation",-5484.682447190013,"scalar from welfare_function.calculate_welfare(physical_damage, welfare_loss=True)"
2048,rsas / South Asia,Egalitarian,0.0,1.45,0.5,0.0,1.0,0.2738784970226791,1.0,0.2738784970226791,"physical_damage_per_capita multiplied by JUSTICE welfare_function.calculate_discount_rate; regional time-discounting visibility, not full welfare aggregation",-5484.682447190013,"scalar from welfare_function.calculate_welfare(physical_damage, welfare_loss=True)"
2049,rsas / South Asia,Egalitarian,0.0,1.45,0.5,0.0,1.0,0.29073510708768885,1.0,0.29073510708768885,"physical_damage_per_capita multiplied by JUSTICE welfare_function.calculate_discount_rate; regional time-discounting visibility, not full welfare aggregation",-5484.682447190013,"scalar from welfare_function.calculate_welfare(physical_damage, welfare_loss=True)"
2050,rsas / South Asia,Egalitarian,0.0,1.45,0.5,0.0,1.0,0.3076420941212735,1.0,0.3076420941212735,"physical_damage_per_capita multiplied by JUSTICE welfare_function.calculate_discount_rate; regional time-discounting visibility, not full welfare aggregation",-5484.682447190013,"scalar from welfare_function.calculate_welfare(physical_damage, welfare_loss=True)"
2051,rsas / South Asia,Egalitarian,0.0,1.45,0.5,0.0,1.0,0.32390998614556565,1.0,0.32390998614556565,"physical_damage_per_capita multiplied by JUSTICE welfare_function.calculate_discount_rate; regional time-discounting visibility, not full welfare aggregation",-5484.682447190013,"scalar from welfare_function.calculate_welfare(physical_damage, welfare_loss=True)"
2052,rsas / South Asia,Egalitarian,0.0,1.45,0.5,0.0,1.0,0.33883006621705275,1.0,0.33883006621705275,"physical_damage_per_capita multiplied by JUSTICE welfare_function.calculate_discount_rate; regional time-discounting visibility, not full welfare aggregation",-5484.682447190013,"scalar from welfare_function.calculate_welfare(physical_damage, welfare_loss=True)"
2053,rsas / South Asia,Egalitarian,0.0,1.45,0.5,0.0,1.0,0.35338830214505107,1.0,0.35338830214505107,"physical_damage_per_capita multiplied by JUSTICE welfare_function.calculate_discount_rate; regional time-discounting visibility, not full welfare aggregation",-5484.682447190013,"scalar from welfare_function.calculate_welfare(physical_damage, welfare_loss=True)"
2054,rsas / South Asia,Egalitarian,0.0,1.45,0.5,0.0,1.0,0.3682678639784396,1.0,0.3682678639784396,"physical_damage_per_capita multiplied by JUSTICE welfare_function.calculate_discount_rate; regional time-discounting visibility, not full welfare aggregation",-5484.682447190013,"scalar from welfare_function.calculate_welfare(physical_damage, welfare_loss=True)"
2055,rsas / South Asia,Egalitarian,0.0,1.45,0.5,0.0,1.0,0.383585184252034,1.0,0.383585184252034,"physical_damage_per_capita multiplied by JUSTICE welfare_function.calculate_discount_rate; regional time-discounting visibility, not full welfare aggregation",-5484.682447190013,"scalar from welfare_function.calculate_welfare(physical_damage, welfare_loss=True)"
2056,rsas / South Asia,Egalitarian,0.0,1.45,0.5,0.0,1.0,0.40044368507280576,1.0,0.40044368507280576,"physical_damage_per_capita multiplied by JUSTICE welfare_function.calculate_discount_rate; regional time-discounting visibility, not full welfare aggregation",-5484.682447190013,"scalar from welfare_function.calculate_welfare(physical_damage, welfare_loss=True)"
2057,rsas / South Asia,Egalitarian,0.0,1.45,0.5,0.0,1.0,0.4189438787069762,1.0,0.4189438787069762,"physical_damage_per_capita multiplied by JUSTICE welfare_function.calculate_discount_rate; regional time-discounting visibility, not full welfare aggregation",-5484.682447190013,"scalar from welfare_function.calculate_welfare(physical_damage, welfare_loss=True)"
2058,rsas / South Asia,Egalitarian,0.0,1.45,0.5,0.0,1.0,0.4391814823570611,1.0,0.4391814823570611,"physical_damage_per_capita multiplied by JUSTICE welfare_function.calculate_discount_rate; regional time-discounting visibility, not full welfare aggregation",-5484.682447190013,"scalar from welfare_function.calculate_welfare(physical_damage, welfare_loss=True)"
2059,rsas / South Asia,Egalitarian,0.0,1.45,0.5,0.0,1.0,0.45990588483038986,1.0,0.45990588483038986,"physical_damage_per_capita multiplied by JUSTICE welfare_function.calculate_discount_rate; regional time-discounting visibility, not full welfare aggregation",-5484.682447190013,"scalar from welfare_function.calculate_welfare(physical_damage, welfare_loss=True)"
2060,rsas / South Asia,Egalitarian,0.0,1.45,0.5,0.0,1.0,0.480386927560229,1.0,0.480386927560229,"physical_damage_per_capita multiplied by JUSTICE welfare_function.calculate_discount_rate; regional time-discounting visibility, not full welfare aggregation",-5484.682447190013,"scalar from welfare_function.calculate_welfare(physical_damage, welfare_loss=True)"
2061,rsas / South Asia,Egalitarian,0.0,1.45,0.5,0.0,1.0,0.5018965438945194,1.0,0.5018965438945194,"physical_damage_per_capita multiplied by JUSTICE welfare_function.calculate_discount_rate; regional time-discounting visibility, not full welfare aggregation",-5484.682447190013,"scalar from welfare_function.calculate_welfare(physical_damage, welfare_loss=True)"
2062,rsas / South Asia,Egalitarian,0.0,1.45,0.5,0.0,1.0,0.5229742794631149,1.0,0.5229742794631149,"physical_damage_per_capita multiplied by JUSTICE welfare_function.calculate_discount_rate; regional time-discounting visibility, not full welfare aggregation",-5484.682447190013,"scalar from welfare_function.calculate_welfare(physical_damage, welfare_loss=True)"
2063,rsas / South Asia,Egalitarian,0.0,1.45,0.5,0.0,1.0,0.5432650749925223,1.0,0.5432650749925223,"physical_damage_per_capita multiplied by JUSTICE welfare_function.calculate_discount_rate; regional time-discounting visibility, not full welfare aggregation",-5484.682447190013,"scalar from welfare_function.calculate_welfare(physical_damage, welfare_loss=True)"
2064,rsas / South Asia,Egalitarian,0.0,1.45,0.5,0.0,1.0,0.5635454768291452,1.0,0.5635454768291452,"physical_damage_per_capita multiplied by JUSTICE welfare_function.calculate_discount_rate; regional time-discounting visibility, not full welfare aggregation",-5484.682447190013,"scalar from welfare_function.calculate_welfare(physical_damage, welfare_loss=True)"
2065,rsas / South Asia,Egalitarian,0.0,1.45,0.5,0.0,1.0,0.5845160311012194,1.0,0.5845160311012194,"physical_damage_per_capita multiplied by JUSTICE welfare_function.calculate_discount_rate; regional time-discounting visibility, not full welfare aggregation",-5484.682447190013,"scalar from welfare_function.calculate_welfare(physical_damage, welfare_loss=True)"
2066,rsas / South Asia,Egalitarian,0.0,1.45,0.5,0.0,1.0,0.6072951212877237,1.0,0.6072951212877237,"physical_damage_per_capita multiplied by JUSTICE welfare_function.calculate_discount_rate; regional time-discounting visibility, not full welfare aggregation",-5484.682447190013,"scalar from welfare_function.calculate_welfare(physical_damage, welfare_loss=True)"
2067,rsas / South Asia,Egalitarian,0.0,1.45,0.5,0.0,1.0,0.631298675497423,1.0,0.631298675497423,"physical_damage_per_capita multiplied by JUSTICE welfare_function.calculate_discount_rate; regional time-discounting visibility, not full welfare aggregation",-5484.682447190013,"scalar from welfare_function.calculate_welfare(physical_damage, welfare_loss=True)"
2068,rsas / South Asia,Egalitarian,0.0,1.45,0.5,0.0,1.0,0.6573876505118903,1.0,0.6573876505118903,"physical_damage_per_capita multiplied by JUSTICE welfare_function.calculate_discount_rate; regional time-discounting visibility, not full welfare aggregation",-5484.682447190013,"scalar from welfare_function.calculate_welfare(physical_damage, welfare_loss=True)"
2069,rsas / South Asia,Egalitarian,0.0,1.45,0.5,0.0,1.0,0.6856768030150053,1.0,0.6856768030150053,"physical_damage_per_capita multiplied by JUSTICE welfare_function.calculate_discount_rate; regional time-discounting visibility, not full welfare aggregation",-5484.682447190013,"scalar from welfare_function.calculate_welfare(physical_damage, welfare_loss=True)"
2070,rsas / South Asia,Egalitarian,0.0,1.45,0.5,0.0,1.0,0.714881930085908,1.0,0.714881930085908,"physical_damage_per_capita multiplied by JUSTICE welfare_function.calculate_discount_rate; regional time-discounting visibility, not full welfare aggregation",-5484.682447190013,"scalar from welfare_function.calculate_welfare(physical_damage, welfare_loss=True)"
2071,rsas / South Asia,Egalitarian,0.0,1.45,0.5,0.0,1.0,0.7441334219052566,1.0,0.7441334219052566,"physical_damage_per_capita multiplied by JUSTICE welfare_function.calculate_discount_rate; regional time-discounting visibility, not full welfare aggregation",-5484.682447190013,"scalar from welfare_function.calculate_welfare(physical_damage, welfare_loss=True)"
2072,rsas / South Asia,Egalitarian,0.0,1.45,0.5,0.0,1.0,0.7722322373566968,1.0,0.7722322373566968,"physical_damage_per_capita multiplied by JUSTICE welfare_function.calculate_discount_rate; regional time-discounting visibility, not full welfare aggregation",-5484.682447190013,"scalar from welfare_function.calculate_welfare(physical_damage, welfare_loss=True)"
2073,rsas / South Asia,Egalitarian,0.0,1.45,0.5,0.0,1.0,0.7993348347098711,1.0,0.7993348347098711,"physical_damage_per_capita multiplied by JUSTICE welfare_function.calculate_discount_rate; regional time-discounting visibility, not full welfare aggregation",-5484.682447190013,"scalar from welfare_function.calculate_welfare(physical_damage, welfare_loss=True)"
2074,rsas / South Asia,Egalitarian,0.0,1.45,0.5,0.0,1.0,0.8264142102269523,1.0,0.8264142102269523,"physical_damage_per_capita multiplied by JUSTICE welfare_function.calculate_discount_rate; regional time-discounting visibility, not full welfare aggregation",-5484.682447190013,"scalar from welfare_function.calculate_welfare(physical_damage, welfare_loss=True)"
2075,rsas / South Asia,Egalitarian,0.0,1.45,0.5,0.0,1.0,0.8543784528092039,1.0,0.8543784528092039,"physical_damage_per_capita multiplied by JUSTICE welfare_function.calculate_discount_rate; regional time-discounting visibility, not full welfare aggregation",-5484.682447190013,"scalar from welfare_function.calculate_welfare(physical_damage, welfare_loss=True)"
2076,rsas / South Asia,Egalitarian,0.0,1.45,0.5,0.0,1.0,0.8836943534282149,1.0,0.8836943534282149,"physical_damage_per_capita multiplied by JUSTICE welfare_function.calculate_discount_rate; regional time-discounting visibility, not full welfare aggregation",-5484.682447190013,"scalar from welfare_function.calculate_welfare(physical_damage, welfare_loss=True)"
2077,rsas / South Asia,Egalitarian,0.0,1.45,0.5,0.0,1.0,0.9136689489079836,1.0,0.9136689489079836,"physical_damage_per_capita multiplied by JUSTICE welfare_function.calculate_discount_rate; regional time-discounting visibility, not full welfare aggregation",-5484.682447190013,"scalar from welfare_function.calculate_welfare(physical_damage, welfare_loss=True)"
2078,rsas / South Asia,Egalitarian,0.0,1.45,0.5,0.0,1.0,0.9445443183468702,1.0,0.9445443183468702,"physical_damage_per_capita multiplied by JUSTICE welfare_function.calculate_discount_rate; regional time-discounting visibility, not full welfare aggregation",-5484.682447190013,"scalar from welfare_function.calculate_welfare(physical_damage, welfare_loss=True)"
2079,rsas / South Asia,Egalitarian,0.0,1.45,0.5,0.0,1.0,0.9766925545419223,1.0,0.9766925545419223,"physical_damage_per_capita multiplied by JUSTICE welfare_function.calculate_discount_rate; regional time-discounting visibility, not full welfare aggregation",-5484.682447190013,"scalar from welfare_function.calculate_welfare(physical_damage, welfare_loss=True)"
2080,rsas / South Asia,Egalitarian,0.0,1.45,0.5,0.0,1.0,1.01094386905359,1.0,1.01094386905359,"physical_damage_per_capita multiplied by JUSTICE welfare_function.calculate_discount_rate; regional time-discounting visibility, not full welfare aggregation",-5484.682447190013,"scalar from welfare_function.calculate_welfare(physical_damage, welfare_loss=True)"
2081,rsas / South Asia,Egalitarian,0.0,1.45,0.5,0.0,1.0,1.0480016654401976,1.0,1.0480016654401976,"physical_damage_per_capita multiplied by JUSTICE welfare_function.calculate_discount_rate; regional time-discounting visibility, not full welfare aggregation",-5484.682447190013,"scalar from welfare_function.calculate_welfare(physical_damage, welfare_loss=True)"
2082,rsas / South Asia,Egalitarian,0.0,1.45,0.5,0.0,1.0,1.0863314573151812,1.0,1.0863314573151812,"physical_damage_per_capita multiplied by JUSTICE welfare_function.calculate_discount_rate; regional time-discounting visibility, not full welfare aggregation",-5484.682447190013,"scalar from welfare_function.calculate_welfare(physical_damage, welfare_loss=True)"
2083,rsas / South Asia,Egalitarian,0.0,1.45,0.5,0.0,1.0,1.124769593216124,1.0,1.124769593216124,"physical_damage_per_capita multiplied by JUSTICE welfare_function.calculate_discount_rate; regional time-discounting visibility, not full welfare aggregation",-5484.682447190013,"scalar from welfare_function.calculate_welfare(physical_damage, welfare_loss=True)"
2084,rsas / South Asia,Egalitarian,0.0,1.45,0.5,0.0,1.0,1.1628610625766733,1.0,1.1628610625766733,"physical_damage_per_capita multiplied by JUSTICE welfare_function.calculate_discount_rate; regional time-discounting visibility, not full welfare aggregation",-5484.682447190013,"scalar from welfare_function.calculate_welfare(physical_damage, welfare_loss=True)"
2085,rsas / South Asia,Egalitarian,0.0,1.45,0.5,0.0,1.0,1.2002960404810268,1.0,1.2002960404810268,"physical_damage_per_capita multiplied by JUSTICE welfare_function.calculate_discount_rate; regional time-discounting visibility, not full welfare aggregation",-5484.682447190013,"scalar from welfare_function.calculate_welfare(physical_damage, welfare_loss=True)"
2086,rsas / South Asia,Egalitarian,0.0,1.45,0.5,0.0,1.0,1.238219014112467,1.0,1.238219014112467,"physical_damage_per_capita multiplied by JUSTICE welfare_function.calculate_discount_rate; regional time-discounting visibility, not full welfare aggregation",-5484.682447190013,"scalar from welfare_function.calculate_welfare(physical_damage, welfare_loss=True)"
2087,rsas / South Asia,Egalitarian,0.0,1.45,0.5,0.0,1.0,1.2759328389208202,1.0,1.2759328389208202,"physical_damage_per_capita multiplied by JUSTICE welfare_function.calculate_discount_rate; regional time-discounting visibility, not full welfare aggregation",-5484.682447190013,"scalar from welfare_function.calculate_welfare(physical_damage, welfare_loss=True)"
2088,rsas / South Asia,Egalitarian,0.0,1.45,0.5,0.0,1.0,1.3134958222998945,1.0,1.3134958222998945,"physical_damage_per_capita multiplied by JUSTICE welfare_function.calculate_discount_rate; regional time-discounting visibility, not full welfare aggregation",-5484.682447190013,"scalar from welfare_function.calculate_welfare(physical_damage, welfare_loss=True)"
2089,rsas / South Asia,Egalitarian,0.0,1.45,0.5,0.0,1.0,1.352500559153559,1.0,1.352500559153559,"physical_damage_per_capita multiplied by JUSTICE welfare_function.calculate_discount_rate; regional time-discounting visibility, not full welfare aggregation",-5484.682447190013,"scalar from welfare_function.calculate_welfare(physical_damage, welfare_loss=True)"
2090,rsas / South Asia,Egalitarian,0.0,1.45,0.5,0.0,1.0,1.393429598878162,1.0,1.393429598878162,"physical_damage_per_capita multiplied by JUSTICE welfare_function.calculate_discount_rate; regional time-discounting visibility, not full welfare aggregation",-5484.682447190013,"scalar from welfare_function.calculate_welfare(physical_damage, welfare_loss=True)"
2091,rsas / South Asia,Egalitarian,0.0,1.45,0.5,0.0,1.0,1.4377897217786437,1.0,1.4377897217786437,"physical_damage_per_capita multiplied by JUSTICE welfare_function.calculate_discount_rate; regional time-discounting visibility, not full welfare aggregation",-5484.682447190013,"scalar from welfare_function.calculate_welfare(physical_damage, welfare_loss=True)"
2092,rsas / South Asia,Egalitarian,0.0,1.45,0.5,0.0,1.0,1.4855307888386187,1.0,1.4855307888386187,"physical_damage_per_capita multiplied by JUSTICE welfare_function.calculate_discount_rate; regional time-discounting visibility, not full welfare aggregation",-5484.682447190013,"scalar from welfare_function.calculate_welfare(physical_damage, welfare_loss=True)"
2093,rsas / South Asia,Egalitarian,0.0,1.45,0.5,0.0,1.0,1.53580275088205,1.0,1.53580275088205,"physical_damage_per_capita multiplied by JUSTICE welfare_function.calculate_discount_rate; regional time-discounting visibility, not full welfare aggregation",-5484.682447190013,"scalar from welfare_function.calculate_welfare(physical_damage, welfare_loss=True)"
2094,rsas / South Asia,Egalitarian,0.0,1.45,0.5,0.0,1.0,1.5872850972369432,1.0,1.5872850972369432,"physical_damage_per_capita multiplied by JUSTICE welfare_function.calculate_discount_rate; regional time-discounting visibility, not full welfare aggregation",-5484.682447190013,"scalar from welfare_function.calculate_welfare(physical_damage, welfare_loss=True)"
2095,rsas / South Asia,Egalitarian,0.0,1.45,0.5,0.0,1.0,1.6378196208469546,1.0,1.6378196208469546,"physical_damage_per_capita multiplied by JUSTICE welfare_function.calculate_discount_rate; regional time-discounting visibility, not full welfare aggregation",-5484.682447190013,"scalar from welfare_function.calculate_welfare(physical_damage, welfare_loss=True)"
2096,rsas / South Asia,Egalitarian,0.0,1.45,0.5,0.0,1.0,1.688402084659633,1.0,1.688402084659633,"physical_damage_per_capita multiplied by JUSTICE welfare_function.calculate_discount_rate; regional time-discounting visibility, not full welfare aggregation",-5484.682447190013,"scalar from welfare_function.calculate_welfare(physical_damage, welfare_loss=True)"
2097,rsas / South Asia,Egalitarian,0.0,1.45,0.5,0.0,1.0,1.7373586878334648,1.0,1.7373586878334648,"physical_damage_per_capita multiplied by JUSTICE welfare_function.calculate_discount_rate; regional time-discounting visibility, not full welfare aggregation",-5484.682447190013,"scalar from welfare_function.calculate_welfare(physical_damage, welfare_loss=True)"
2098,rsas / South Asia,Egalitarian,0.0,1.45,0.5,0.0,1.0,1.786126370258723,1.0,1.786126370258723,"physical_damage_per_capita multiplied by JUSTICE welfare_function.calculate_discount_rate; regional time-discounting visibility, not full welfare aggregation",-5484.682447190013,"scalar from welfare_function.calculate_welfare(physical_damage, welfare_loss=True)"
2099,rsas / South Asia,Egalitarian,0.0,1.45,0.5,0.0,1.0,1.8359432021113606,1.0,1.8359432021113606,"physical_damage_per_capita multiplied by JUSTICE welfare_function.calculate_discount_rate; regional time-discounting visibility, not full welfare aggregation",-5484.682447190013,"scalar from welfare_function.calculate_welfare(physical_damage, welfare_loss=True)"
2100,rsas / South Asia,Egalitarian,0.0,1.45,0.5,0.0,1.0,1.8876922020266935,1.0,1.8876922020266935,"physical_damage_per_capita multiplied by JUSTICE welfare_function.calculate_discount_rate; regional time-discounting visibility, not full welfare aggregation",-5484.682447190013,"scalar from welfare_function.calculate_welfare(physical_damage, welfare_loss=True)"
2101,rsas / South Asia,Egalitarian,0.0,1.45,0.5,0.0,1.0,1.9427228408067831,1.0,1.9427228408067831,"physical_damage_per_capita multiplied by JUSTICE welfare_function.calculate_discount_rate; regional time-discounting visibility, not full welfare aggregation",-5484.682447190013,"scalar from welfare_function.calculate_welfare(physical_damage, welfare_loss=True)"
2102,rsas / South Asia,Egalitarian,0.0,1.45,0.5,0.0,1.0,2.001835069849156,1.0,2.001835069849156,"physical_damage_per_capita multiplied by JUSTICE welfare_function.calculate_discount_rate; regional time-discounting visibility, not full welfare aggregation",-5484.682447190013,"scalar from welfare_function.calculate_welfare(physical_damage, welfare_loss=True)"
2103,rsas / South Asia,Egalitarian,0.0,1.45,0.5,0.0,1.0,2.0649798635180168,1.0,2.0649798635180168,"physical_damage_per_capita multiplied by JUSTICE welfare_function.calculate_discount_rate; regional time-discounting visibility, not full welfare aggregation",-5484.682447190013,"scalar from welfare_function.calculate_welfare(physical_damage, welfare_loss=True)"
2104,rsas / South Asia,Egalitarian,0.0,1.45,0.5,0.0,1.0,2.1281761239412975,1.0,2.1281761239412975,"physical_damage_per_capita multiplied by JUSTICE welfare_function.calculate_discount_rate; regional time-discounting visibility, not full welfare aggregation",-5484.682447190013,"scalar from welfare_function.calculate_welfare(physical_damage, welfare_loss=True)"
2105,rsas / South Asia,Egalitarian,0.0,1.45,0.5,0.0,1.0,2.1896818531252222,1.0,2.1896818531252222,"physical_damage_per_capita multiplied by JUSTICE welfare_function.calculate_discount_rate; regional time-discounting visibility, not full welfare aggregation",-5484.682447190013,"scalar from welfare_function.calculate_welfare(physical_damage, welfare_loss=True)"
2106,rsas / South Asia,Egalitarian,0.0,1.45,0.5,0.0,1.0,2.2505081700178113,1.0,2.2505081700178113,"physical_damage_per_capita multiplied by JUSTICE welfare_function.calculate_discount_rate; regional time-discounting visibility, not full welfare aggregation",-5484.682447190013,"scalar from welfare_function.calculate_welfare(physical_damage, welfare_loss=True)"
2107,rsas / South Asia,Egalitarian,0.0,1.45,0.5,0.0,1.0,2.309667929831652,1.0,2.309667929831652,"physical_damage_per_capita multiplied by JUSTICE welfare_function.calculate_discount_rate; regional time-discounting visibility, not full welfare aggregation",-5484.682447190013,"scalar from welfare_function.calculate_welfare(physical_damage, welfare_loss=True)"
2108,rsas / South Asia,Egalitarian,0.0,1.45,0.5,0.0,1.0,2.3682809141715038,1.0,2.3682809141715038,"physical_damage_per_capita multiplied by JUSTICE welfare_function.calculate_discount_rate; regional time-discounting visibility, not full welfare aggregation",-5484.682447190013,"scalar from welfare_function.calculate_welfare(physical_damage, welfare_loss=True)"
2109,rsas / South Asia,Egalitarian,0.0,1.45,0.5,0.0,1.0,2.4280455463749666,1.0,2.4280455463749666,"physical_damage_per_capita multiplied by JUSTICE welfare_function.calculate_discount_rate; regional time-discounting visibility, not full welfare aggregation",-5484.682447190013,"scalar from welfare_function.calculate_welfare(physical_damage, welfare_loss=True)"
2110,rsas / South Asia,Egalitarian,0.0,1.45,0.5,0.0,1.0,2.489785597269893,1.0,2.489785597269893,"physical_damage_per_capita multiplied by JUSTICE welfare_function.calculate_discount_rate; regional time-discounting visibility, not full welfare aggregation",-5484.682447190013,"scalar from welfare_function.calculate_welfare(physical_damage, welfare_loss=True)"
2111,rsas / South Asia,Egalitarian,0.0,1.45,0.5,0.0,1.0,2.5547085073941114,1.0,2.5547085073941114,"physical_damage_per_capita multiplied by JUSTICE welfare_function.calculate_discount_rate; regional time-discounting visibility, not full welfare aggregation",-5484.682447190013,"scalar from welfare_function.calculate_welfare(physical_damage, welfare_loss=True)"
2112,rsas / South Asia,Egalitarian,0.0,1.45,0.5,0.0,1.0,2.6236758708753496,1.0,2.6236758708753496,"physical_damage_per_capita multiplied by JUSTICE welfare_function.calculate_discount_rate; regional time-discounting visibility, not full welfare aggregation",-5484.682447190013,"scalar from welfare_function.calculate_welfare(physical_damage, welfare_loss=True)"
2113,rsas / South Asia,Egalitarian,0.0,1.45,0.5,0.0,1.0,2.698911359294287,1.0,2.698911359294287,"physical_damage_per_capita multiplied by JUSTICE welfare_function.calculate_discount_rate; regional time-discounting visibility, not full welfare aggregation",-5484.682447190013,"scalar from welfare_function.calculate_welfare(physical_damage, welfare_loss=True)"
2114,rsas / South Asia,Egalitarian,0.0,1.45,0.5,0.0,1.0,2.776303076763155,1.0,2.776303076763155,"physical_damage_per_capita multiplied by JUSTICE welfare_function.calculate_discount_rate; regional time-discounting visibility, not full welfare aggregation",-5484.682447190013,"scalar from welfare_function.calculate_welfare(physical_damage, welfare_loss=True)"
2115,rsas / South Asia,Egalitarian,0.0,1.45,0.5,0.0,1.0,2.851275509437793,1.0,2.851275509437793,"physical_damage_per_capita multiplied by JUSTICE welfare_function.calculate_discount_rate; regional time-discounting visibility, not full welfare aggregation",-5484.682447190013,"scalar from welfare_function.calculate_welfare(physical_damage, welfare_loss=True)"
2116,rsas / South Asia,Egalitarian,0.0,1.45,0.5,0.0,1.0,2.923067872205993,1.0,2.923067872205993,"physical_damage_per_capita multiplied by JUSTICE welfare_function.calculate_discount_rate; regional time-discounting visibility, not full welfare aggregation",-5484.682447190013,"scalar from welfare_function.calculate_welfare(physical_damage, welfare_loss=True)"
2117,rsas / South Asia,Egalitarian,0.0,1.45,0.5,0.0,1.0,2.9928328151665027,1.0,2.9928328151665027,"physical_damage_per_capita multiplied by JUSTICE welfare_function.calculate_discount_rate; regional time-discounting visibility, not full welfare aggregation",-5484.682447190013,"scalar from welfare_function.calculate_welfare(physical_damage, welfare_loss=True)"
2118,rsas / South Asia,Egalitarian,0.0,1.45,0.5,0.0,1.0,3.0625104644341423,1.0,3.0625104644341423,"physical_damage_per_capita multiplied by JUSTICE welfare_function.calculate_discount_rate; regional time-discounting visibility, not full welfare aggregation",-5484.682447190013,"scalar from welfare_function.calculate_welfare(physical_damage, welfare_loss=True)"
2119,rsas / South Asia,Egalitarian,0.0,1.45,0.5,0.0,1.0,3.1321537933896426,1.0,3.1321537933896426,"physical_damage_per_capita multiplied by JUSTICE welfare_function.calculate_discount_rate; regional time-discounting visibility, not full welfare aggregation",-5484.682447190013,"scalar from welfare_function.calculate_welfare(physical_damage, welfare_loss=True)"
2120,rsas / South Asia,Egalitarian,0.0,1.45,0.5,0.0,1.0,3.2035892235357535,1.0,3.2035892235357535,"physical_damage_per_capita multiplied by JUSTICE welfare_function.calculate_discount_rate; regional time-discounting visibility, not full welfare aggregation",-5484.682447190013,"scalar from welfare_function.calculate_welfare(physical_damage, welfare_loss=True)"
2121,rsas / South Asia,Egalitarian,0.0,1.45,0.5,0.0,1.0,3.2775511541339113,1.0,3.2775511541339113,"physical_damage_per_capita multiplied by JUSTICE welfare_function.calculate_discount_rate; regional time-discounting visibility, not full welfare aggregation",-5484.682447190013,"scalar from welfare_function.calculate_welfare(physical_damage, welfare_loss=True)"
2122,rsas / South Asia,Egalitarian,0.0,1.45,0.5,0.0,1.0,3.3562709401209254,1.0,3.3562709401209254,"physical_damage_per_capita multiplied by JUSTICE welfare_function.calculate_discount_rate; regional time-discounting visibility, not full welfare aggregation",-5484.682447190013,"scalar from welfare_function.calculate_welfare(physical_damage, welfare_loss=True)"
2123,rsas / South Asia,Egalitarian,0.0,1.45,0.5,0.0,1.0,3.441549635534362,1.0,3.441549635534362,"physical_damage_per_capita multiplied by JUSTICE welfare_function.calculate_discount_rate; regional time-discounting visibility, not full welfare aggregation",-5484.682447190013,"scalar from welfare_function.calculate_welfare(physical_damage, welfare_loss=True)"
2124,rsas / South Asia,Egalitarian,0.0,1.45,0.5,0.0,1.0,3.532437818064331,1.0,3.532437818064331,"physical_damage_per_capita multiplied by JUSTICE welfare_function.calculate_discount_rate; regional time-discounting visibility, not full welfare aggregation",-5484.682447190013,"scalar from welfare_function.calculate_welfare(physical_damage, welfare_loss=True)"
2125,rsas / South Asia,Egalitarian,0.0,1.45,0.5,0.0,1.0,3.621025986377945,1.0,3.621025986377945,"physical_damage_per_capita multiplied by JUSTICE welfare_function.calculate_discount_rate; regional time-discounting visibility, not full welfare aggregation",-5484.682447190013,"scalar from welfare_function.calculate_welfare(physical_damage, welfare_loss=True)"
2126,rsas / South Asia,Egalitarian,0.0,1.45,0.5,0.0,1.0,3.7052337982462844,1.0,3.7052337982462844,"physical_damage_per_capita multiplied by JUSTICE welfare_function.calculate_discount_rate; regional time-discounting visibility, not full welfare aggregation",-5484.682447190013,"scalar from welfare_function.calculate_welfare(physical_damage, welfare_loss=True)"
2127,rsas / South Asia,Egalitarian,0.0,1.45,0.5,0.0,1.0,3.7872009681617897,1.0,3.7872009681617897,"physical_damage_per_capita multiplied by JUSTICE welfare_function.calculate_discount_rate; regional time-discounting visibility, not full welfare aggregation",-5484.682447190013,"scalar from welfare_function.calculate_welfare(physical_damage, welfare_loss=True)"
2128,rsas / South Asia,Egalitarian,0.0,1.45,0.5,0.0,1.0,3.8651813596924187,1.0,3.8651813596924187,"physical_damage_per_capita multiplied by JUSTICE welfare_function.calculate_discount_rate; regional time-discounting visibility, not full welfare aggregation",-5484.682447190013,"scalar from welfare_function.calculate_welfare(physical_damage, welfare_loss=True)"
2129,rsas / South Asia,Egalitarian,0.0,1.45,0.5,0.0,1.0,3.9432759957875785,1.0,3.9432759957875785,"physical_damage_per_capita multiplied by JUSTICE welfare_function.calculate_discount_rate; regional time-discounting visibility, not full welfare aggregation",-5484.682447190013,"scalar from welfare_function.calculate_welfare(physical_damage, welfare_loss=True)"
2130,rsas / South Asia,Egalitarian,0.0,1.45,0.5,0.0,1.0,4.0236513888587755,1.0,4.0236513888587755,"physical_damage_per_capita multiplied by JUSTICE welfare_function.calculate_discount_rate; regional time-discounting visibility, not full welfare aggregation",-5484.682447190013,"scalar from welfare_function.calculate_welfare(physical_damage, welfare_loss=True)"
2131,rsas / South Asia,Egalitarian,0.0,1.45,0.5,0.0,1.0,4.10666566953927,1.0,4.10666566953927,"physical_damage_per_capita multiplied by JUSTICE welfare_function.calculate_discount_rate; regional time-discounting visibility, not full welfare aggregation",-5484.682447190013,"scalar from welfare_function.calculate_welfare(physical_damage, welfare_loss=True)"
2132,rsas / South Asia,Egalitarian,0.0,1.45,0.5,0.0,1.0,4.195586120596543,1.0,4.195586120596543,"physical_damage_per_capita multiplied by JUSTICE welfare_function.calculate_discount_rate; regional time-discounting visibility, not full welfare aggregation",-5484.682447190013,"scalar from welfare_function.calculate_welfare(physical_damage, welfare_loss=True)"
2133,rsas / South Asia,Egalitarian,0.0,1.45,0.5,0.0,1.0,4.294719714495533,1.0,4.294719714495533,"physical_damage_per_capita multiplied by JUSTICE welfare_function.calculate_discount_rate; regional time-discounting visibility, not full welfare aggregation",-5484.682447190013,"scalar from welfare_function.calculate_welfare(physical_damage, welfare_loss=True)"
2134,rsas / South Asia,Egalitarian,0.0,1.45,0.5,0.0,1.0,4.39828457832123,1.0,4.39828457832123,"physical_damage_per_capita multiplied by JUSTICE welfare_function.calculate_discount_rate; regional time-discounting visibility, not full welfare aggregation",-5484.682447190013,"scalar from welfare_function.calculate_welfare(physical_damage, welfare_loss=True)"
2135,rsas / South Asia,Egalitarian,0.0,1.45,0.5,0.0,1.0,4.49884925863693,1.0,4.49884925863693,"physical_damage_per_capita multiplied by JUSTICE welfare_function.calculate_discount_rate; regional time-discounting visibility, not full welfare aggregation",-5484.682447190013,"scalar from welfare_function.calculate_welfare(physical_damage, welfare_loss=True)"
2136,rsas / South Asia,Egalitarian,0.0,1.45,0.5,0.0,1.0,4.594000154749415,1.0,4.594000154749415,"physical_damage_per_capita multiplied by JUSTICE welfare_function.calculate_discount_rate; regional time-discounting visibility, not full welfare aggregation",-5484.682447190013,"scalar from welfare_function.calculate_welfare(physical_damage, welfare_loss=True)"
2137,rsas / South Asia,Egalitarian,0.0,1.45,0.5,0.0,1.0,4.6827094396931805,1.0,4.6827094396931805,"physical_damage_per_capita multiplied by JUSTICE welfare_function.calculate_discount_rate; regional time-discounting visibility, not full welfare aggregation",-5484.682447190013,"scalar from welfare_function.calculate_welfare(physical_damage, welfare_loss=True)"
2138,rsas / South Asia,Egalitarian,0.0,1.45,0.5,0.0,1.0,4.766594207651366,1.0,4.766594207651366,"physical_damage_per_capita multiplied by JUSTICE welfare_function.calculate_discount_rate; regional time-discounting visibility, not full welfare aggregation",-5484.682447190013,"scalar from welfare_function.calculate_welfare(physical_damage, welfare_loss=True)"
2139,rsas / South Asia,Egalitarian,0.0,1.45,0.5,0.0,1.0,4.850755423390667,1.0,4.850755423390667,"physical_damage_per_capita multiplied by JUSTICE welfare_function.calculate_discount_rate; regional time-discounting visibility, not full welfare aggregation",-5484.682447190013,"scalar from welfare_function.calculate_welfare(physical_damage, welfare_loss=True)"
2140,rsas / South Asia,Egalitarian,0.0,1.45,0.5,0.0,1.0,4.938506481367594,1.0,4.938506481367594,"physical_damage_per_capita multiplied by JUSTICE welfare_function.calculate_discount_rate; regional time-discounting visibility, not full welfare aggregation",-5484.682447190013,"scalar from welfare_function.calculate_welfare(physical_damage, welfare_loss=True)"
2141,rsas / South Asia,Egalitarian,0.0,1.45,0.5,0.0,1.0,5.027330275026358,1.0,5.027330275026358,"physical_damage_per_capita multiplied by JUSTICE welfare_function.calculate_discount_rate; regional time-discounting visibility, not full welfare aggregation",-5484.682447190013,"scalar from welfare_function.calculate_welfare(physical_damage, welfare_loss=True)"
2142,rsas / South Asia,Egalitarian,0.0,1.45,0.5,0.0,1.0,5.119403399052945,1.0,5.119403399052945,"physical_damage_per_capita multiplied by JUSTICE welfare_function.calculate_discount_rate; regional time-discounting visibility, not full welfare aggregation",-5484.682447190013,"scalar from welfare_function.calculate_welfare(physical_damage, welfare_loss=True)"
2143,rsas / South Asia,Egalitarian,0.0,1.45,0.5,0.0,1.0,5.21731529413699,1.0,5.21731529413699,"physical_damage_per_capita multiplied by JUSTICE welfare_function.calculate_discount_rate; regional time-discounting visibility, not full welfare aggregation",-5484.682447190013,"scalar from welfare_function.calculate_welfare(physical_damage, welfare_loss=True)"
2144,rsas / South Asia,Egalitarian,0.0,1.45,0.5,0.0,1.0,5.321560397841868,1.0,5.321560397841868,"physical_damage_per_capita multiplied by JUSTICE welfare_function.calculate_discount_rate; regional time-discounting visibility, not full welfare aggregation",-5484.682447190013,"scalar from welfare_function.calculate_welfare(physical_damage, welfare_loss=True)"
2145,rsas / South Asia,Egalitarian,0.0,1.45,0.5,0.0,1.0,5.426763532271373,1.0,5.426763532271373,"physical_damage_per_capita multiplied by JUSTICE welfare_function.calculate_discount_rate; regional time-discounting visibility, not full welfare aggregation",-5484.682447190013,"scalar from welfare_function.calculate_welfare(physical_damage, welfare_loss=True)"
2146,rsas / South Asia,Egalitarian,0.0,1.45,0.5,0.0,1.0,5.527997363416199,1.0,5.527997363416199,"physical_damage_per_capita multiplied by JUSTICE welfare_function.calculate_discount_rate; regional time-discounting visibility, not full welfare aggregation",-5484.682447190013,"scalar from welfare_function.calculate_welfare(physical_damage, welfare_loss=True)"
2147,rsas / South Asia,Egalitarian,0.0,1.45,0.5,0.0,1.0,5.627869567293551,1.0,5.627869567293551,"physical_damage_per_capita multiplied by JUSTICE welfare_function.calculate_discount_rate; regional time-discounting visibility, not full welfare aggregation",-5484.682447190013,"scalar from welfare_function.calculate_welfare(physical_damage, welfare_loss=True)"
2148,rsas / South Asia,Egalitarian,0.0,1.45,0.5,0.0,1.0,5.723827882605116,1.0,5.723827882605116,"physical_damage_per_capita multiplied by JUSTICE welfare_function.calculate_discount_rate; regional time-discounting visibility, not full welfare aggregation",-5484.682447190013,"scalar from welfare_function.calculate_welfare(physical_damage, welfare_loss=True)"
2149,rsas / South Asia,Egalitarian,0.0,1.45,0.5,0.0,1.0,5.8183419008588535,1.0,5.8183419008588535,"physical_damage_per_capita multiplied by JUSTICE welfare_function.calculate_discount_rate; regional time-discounting visibility, not full welfare aggregation",-5484.682447190013,"scalar from welfare_function.calculate_welfare(physical_damage, welfare_loss=True)"
2150,rsas / South Asia,Egalitarian,0.0,1.45,0.5,0.0,1.0,5.913564280853068,1.0,5.913564280853068,"physical_damage_per_capita multiplied by JUSTICE welfare_function.calculate_discount_rate; regional time-discounting visibility, not full welfare aggregation",-5484.682447190013,"scalar from welfare_function.calculate_welfare(physical_damage, welfare_loss=True)"
2151,rsas / South Asia,Egalitarian,0.0,1.45,0.5,0.0,1.0,6.005631231004563,1.0,6.005631231004563,"physical_damage_per_capita multiplied by JUSTICE welfare_function.calculate_discount_rate; regional time-discounting visibility, not full welfare aggregation",-5484.682447190013,"scalar from welfare_function.calculate_welfare(physical_damage, welfare_loss=True)"
2152,rsas / South Asia,Egalitarian,0.0,1.45,0.5,0.0,1.0,6.099139692659386,1.0,6.099139692659386,"physical_damage_per_capita multiplied by JUSTICE welfare_function.calculate_discount_rate; regional time-discounting visibility, not full welfare aggregation",-5484.682447190013,"scalar from welfare_function.calculate_welfare(physical_damage, welfare_loss=True)"
2153,rsas / South Asia,Egalitarian,0.0,1.45,0.5,0.0,1.0,6.194827603082189,1.0,6.194827603082189,"physical_damage_per_capita multiplied by JUSTICE welfare_function.calculate_discount_rate; regional time-discounting visibility, not full welfare aggregation",-5484.682447190013,"scalar from welfare_function.calculate_welfare(physical_damage, welfare_loss=True)"
2154,rsas / South Asia,Egalitarian,0.0,1.45,0.5,0.0,1.0,6.295533804530596,1.0,6.295533804530596,"physical_damage_per_capita multiplied by JUSTICE welfare_function.calculate_discount_rate; regional time-discounting visibility, not full welfare aggregation",-5484.682447190013,"scalar from welfare_function.calculate_welfare(physical_damage, welfare_loss=True)"
2155,rsas / South Asia,Egalitarian,0.0,1.45,0.5,0.0,1.0,6.405341634994291,1.0,6.405341634994291,"physical_damage_per_capita multiplied by JUSTICE welfare_function.calculate_discount_rate; regional time-discounting visibility, not full welfare aggregation",-5484.682447190013,"scalar from welfare_function.calculate_welfare(physical_damage, welfare_loss=True)"
2156,rsas / South Asia,Egalitarian,0.0,1.45,0.5,0.0,1.0,6.5181183697389065,1.0,6.5181183697389065,"physical_damage_per_capita multiplied by JUSTICE welfare_function.calculate_discount_rate; regional time-discounting visibility, not full welfare aggregation",-5484.682447190013,"scalar from welfare_function.calculate_welfare(physical_damage, welfare_loss=True)"
2157,rsas / South Asia,Egalitarian,0.0,1.45,0.5,0.0,1.0,6.6279841489937175,1.0,6.6279841489937175,"physical_damage_per_capita multiplied by JUSTICE welfare_function.calculate_discount_rate; regional time-discounting visibility, not full welfare aggregation",-5484.682447190013,"scalar from welfare_function.calculate_welfare(physical_damage, welfare_loss=True)"
2158,rsas / South Asia,Egalitarian,0.0,1.45,0.5,0.0,1.0,6.730838909007189,1.0,6.730838909007189,"physical_damage_per_capita multiplied by JUSTICE welfare_function.calculate_discount_rate; regional time-discounting visibility, not full welfare aggregation",-5484.682447190013,"scalar from welfare_function.calculate_welfare(physical_damage, welfare_loss=True)"
2159,rsas / South Asia,Egalitarian,0.0,1.45,0.5,0.0,1.0,6.82782808974708,1.0,6.82782808974708,"physical_damage_per_capita multiplied by JUSTICE welfare_function.calculate_discount_rate; regional time-discounting visibility, not full welfare aggregation",-5484.682447190013,"scalar from welfare_function.calculate_welfare(physical_damage, welfare_loss=True)"
2160,rsas / South Asia,Egalitarian,0.0,1.45,0.5,0.0,1.0,6.918718309851282,1.0,6.918718309851282,"physical_damage_per_capita multiplied by JUSTICE welfare_function.calculate_discount_rate; regional time-discounting visibility, not full welfare aggregation",-5484.682447190013,"scalar from welfare_function.calculate_welfare(physical_damage, welfare_loss=True)"
2161,rsas / South Asia,Egalitarian,0.0,1.45,0.5,0.0,1.0,7.0013268691311294,1.0,7.0013268691311294,"physical_damage_per_capita multiplied by JUSTICE welfare_function.calculate_discount_rate; regional time-discounting visibility, not full welfare aggregation",-5484.682447190013,"scalar from welfare_function.calculate_welfare(physical_damage, welfare_loss=True)"
2162,rsas / South Asia,Egalitarian,0.0,1.45,0.5,0.0,1.0,7.084357221522711,1.0,7.084357221522711,"physical_damage_per_capita multiplied by JUSTICE welfare_function.calculate_discount_rate; regional time-discounting visibility, not full welfare aggregation",-5484.682447190013,"scalar from welfare_function.calculate_welfare(physical_damage, welfare_loss=True)"
2163,rsas / South Asia,Egalitarian,0.0,1.45,0.5,0.0,1.0,7.17139045850979,1.0,7.17139045850979,"physical_damage_per_capita multiplied by JUSTICE welfare_function.calculate_discount_rate; regional time-discounting visibility, not full welfare aggregation",-5484.682447190013,"scalar from welfare_function.calculate_welfare(physical_damage, welfare_loss=True)"
2164,rsas / South Asia,Egalitarian,0.0,1.45,0.5,0.0,1.0,7.265787086610339,1.0,7.265787086610339,"physical_damage_per_capita multiplied by JUSTICE welfare_function.calculate_discount_rate; regional time-discounting visibility, not full welfare aggregation",-5484.682447190013,"scalar from welfare_function.calculate_welfare(physical_damage, welfare_loss=True)"
2165,rsas / South Asia,Egalitarian,0.0,1.45,0.5,0.0,1.0,7.3707358623902515,1.0,7.3707358623902515,"physical_damage_per_capita multiplied by JUSTICE welfare_function.calculate_discount_rate; regional time-discounting visibility, not full welfare aggregation",-5484.682447190013,"scalar from welfare_function.calculate_welfare(physical_damage, welfare_loss=True)"
2166,rsas / South Asia,Egalitarian,0.0,1.45,0.5,0.0,1.0,7.479111966024295,1.0,7.479111966024295,"physical_damage_per_capita multiplied by JUSTICE welfare_function.calculate_discount_rate; regional time-discounting visibility, not full welfare aggregation",-5484.682447190013,"scalar from welfare_function.calculate_welfare(physical_damage, welfare_loss=True)"
2167,rsas / South Asia,Egalitarian,0.0,1.45,0.5,0.0,1.0,7.582595851405901,1.0,7.582595851405901,"physical_damage_per_capita multiplied by JUSTICE welfare_function.calculate_discount_rate; regional time-discounting visibility, not full welfare aggregation",-5484.682447190013,"scalar from welfare_function.calculate_welfare(physical_damage, welfare_loss=True)"
2168,rsas / South Asia,Egalitarian,0.0,1.45,0.5,0.0,1.0,7.67758928306222,1.0,7.67758928306222,"physical_damage_per_capita multiplied by JUSTICE welfare_function.calculate_discount_rate; regional time-discounting visibility, not full welfare aggregation",-5484.682447190013,"scalar from welfare_function.calculate_welfare(physical_damage, welfare_loss=True)"
2169,rsas / South Asia,Egalitarian,0.0,1.45,0.5,0.0,1.0,7.76420946765824,1.0,7.76420946765824,"physical_damage_per_capita multiplied by JUSTICE welfare_function.calculate_discount_rate; regional time-discounting visibility, not full welfare aggregation",-5484.682447190013,"scalar from welfare_function.calculate_welfare(physical_damage, welfare_loss=True)"
2170,rsas / South Asia,Egalitarian,0.0,1.45,0.5,0.0,1.0,7.840774377147579,1.0,7.840774377147579,"physical_damage_per_capita multiplied by JUSTICE welfare_function.calculate_discount_rate; regional time-discounting visibility, not full welfare aggregation",-5484.682447190013,"scalar from welfare_function.calculate_welfare(physical_damage, welfare_loss=True)"
2171,rsas / South Asia,Egalitarian,0.0,1.45,0.5,0.0,1.0,7.909024796779807,1.0,7.909024796779807,"physical_damage_per_capita multiplied by JUSTICE welfare_function.calculate_discount_rate; regional time-discounting visibility, not full welfare aggregation",-5484.682447190013,"scalar from welfare_function.calculate_welfare(physical_damage, welfare_loss=True)"
2172,rsas / South Asia,Egalitarian,0.0,1.45,0.5,0.0,1.0,7.97896668620711,1.0,7.97896668620711,"physical_damage_per_capita multiplied by JUSTICE welfare_function.calculate_discount_rate; regional time-discounting visibility, not full welfare aggregation",-5484.682447190013,"scalar from welfare_function.calculate_welfare(physical_damage, welfare_loss=True)"
2173,rsas / South Asia,Egalitarian,0.0,1.45,0.5,0.0,1.0,8.052164797526745,1.0,8.052164797526745,"physical_damage_per_capita multiplied by JUSTICE welfare_function.calculate_discount_rate; regional time-discounting visibility, not full welfare aggregation",-5484.682447190013,"scalar from welfare_function.calculate_welfare(physical_damage, welfare_loss=True)"
2174,rsas / South Asia,Egalitarian,0.0,1.45,0.5,0.0,1.0,8.130643691809587,1.0,8.130643691809587,"physical_damage_per_capita multiplied by JUSTICE welfare_function.calculate_discount_rate; regional time-discounting visibility, not full welfare aggregation",-5484.682447190013,"scalar from welfare_function.calculate_welfare(physical_damage, welfare_loss=True)"
2175,rsas / South Asia,Egalitarian,0.0,1.45,0.5,0.0,1.0,8.21858479294331,1.0,8.21858479294331,"physical_damage_per_capita multiplied by JUSTICE welfare_function.calculate_discount_rate; regional time-discounting visibility, not full welfare aggregation",-5484.682447190013,"scalar from welfare_function.calculate_welfare(physical_damage, welfare_loss=True)"
2176,rsas / South Asia,Egalitarian,0.0,1.45,0.5,0.0,1.0,8.305676889203845,1.0,8.305676889203845,"physical_damage_per_capita multiplied by JUSTICE welfare_function.calculate_discount_rate; regional time-discounting visibility, not full welfare aggregation",-5484.682447190013,"scalar from welfare_function.calculate_welfare(physical_damage, welfare_loss=True)"
2177,rsas / South Asia,Egalitarian,0.0,1.45,0.5,0.0,1.0,8.392383787098575,1.0,8.392383787098575,"physical_damage_per_capita multiplied by JUSTICE welfare_function.calculate_discount_rate; regional time-discounting visibility, not full welfare aggregation",-5484.682447190013,"scalar from welfare_function.calculate_welfare(physical_damage, welfare_loss=True)"
2178,rsas / South Asia,Egalitarian,0.0,1.45,0.5,0.0,1.0,8.475092021511989,1.0,8.475092021511989,"physical_damage_per_capita multiplied by JUSTICE welfare_function.calculate_discount_rate; regional time-discounting visibility, not full welfare aggregation",-5484.682447190013,"scalar from welfare_function.calculate_welfare(physical_damage, welfare_loss=True)"
2179,rsas / South Asia,Egalitarian,0.0,1.45,0.5,0.0,1.0,8.548965565654964,1.0,8.548965565654964,"physical_damage_per_capita multiplied by JUSTICE welfare_function.calculate_discount_rate; regional time-discounting visibility, not full welfare aggregation",-5484.682447190013,"scalar from welfare_function.calculate_welfare(physical_damage, welfare_loss=True)"
2180,rsas / South Asia,Egalitarian,0.0,1.45,0.5,0.0,1.0,8.613134845202584,1.0,8.613134845202584,"physical_damage_per_capita multiplied by JUSTICE welfare_function.calculate_discount_rate; regional time-discounting visibility, not full welfare aggregation",-5484.682447190013,"scalar from welfare_function.calculate_welfare(physical_damage, welfare_loss=True)"
2181,rsas / South Asia,Egalitarian,0.0,1.45,0.5,0.0,1.0,8.664744468388083,1.0,8.664744468388083,"physical_damage_per_capita multiplied by JUSTICE welfare_function.calculate_discount_rate; regional time-discounting visibility, not full welfare aggregation",-5484.682447190013,"scalar from welfare_function.calculate_welfare(physical_damage, welfare_loss=True)"
2182,rsas / South Asia,Egalitarian,0.0,1.45,0.5,0.0,1.0,8.715297510675002,1.0,8.715297510675002,"physical_damage_per_capita multiplied by JUSTICE welfare_function.calculate_discount_rate; regional time-discounting visibility, not full welfare aggregation",-5484.682447190013,"scalar from welfare_function.calculate_welfare(physical_damage, welfare_loss=True)"
2183,rsas / South Asia,Egalitarian,0.0,1.45,0.5,0.0,1.0,8.76568887339442,1.0,8.76568887339442,"physical_damage_per_capita multiplied by JUSTICE welfare_function.calculate_discount_rate; regional time-discounting visibility, not full welfare aggregation",-5484.682447190013,"scalar from welfare_function.calculate_welfare(physical_damage, welfare_loss=True)"
2184,rsas / South Asia,Egalitarian,0.0,1.45,0.5,0.0,1.0,8.81685801625303,1.0,8.81685801625303,"physical_damage_per_capita multiplied by JUSTICE welfare_function.calculate_discount_rate; regional time-discounting visibility, not full welfare aggregation",-5484.682447190013,"scalar from welfare_function.calculate_welfare(physical_damage, welfare_loss=True)"
2185,rsas / South Asia,Egalitarian,0.0,1.45,0.5,0.0,1.0,8.869107093141714,1.0,8.869107093141714,"physical_damage_per_capita multiplied by JUSTICE welfare_function.calculate_discount_rate; regional time-discounting visibility, not full welfare aggregation",-5484.682447190013,"scalar from welfare_function.calculate_welfare(physical_damage, welfare_loss=True)"
2186,rsas / South Asia,Egalitarian,0.0,1.45,0.5,0.0,1.0,8.915321515687081,1.0,8.915321515687081,"physical_damage_per_capita multiplied by JUSTICE welfare_function.calculate_discount_rate; regional time-discounting visibility, not full welfare aggregation",-5484.682447190013,"scalar from welfare_function.calculate_welfare(physical_damage, welfare_loss=True)"
2187,rsas / South Asia,Egalitarian,0.0,1.45,0.5,0.0,1.0,8.965996949055851,1.0,8.965996949055851,"physical_damage_per_capita multiplied by JUSTICE welfare_function.calculate_discount_rate; regional time-discounting visibility, not full welfare aggregation",-5484.682447190013,"scalar from welfare_function.calculate_welfare(physical_damage, welfare_loss=True)"
2188,rsas / South Asia,Egalitarian,0.0,1.45,0.5,0.0,1.0,9.025025612307074,1.0,9.025025612307074,"physical_damage_per_capita multiplied by JUSTICE welfare_function.calculate_discount_rate; regional time-discounting visibility, not full welfare aggregation",-5484.682447190013,"scalar from welfare_function.calculate_welfare(physical_damage, welfare_loss=True)"
2189,rsas / South Asia,Egalitarian,0.0,1.45,0.5,0.0,1.0,9.086079788026792,1.0,9.086079788026792,"physical_damage_per_capita multiplied by JUSTICE welfare_function.calculate_discount_rate; regional time-discounting visibility, not full welfare aggregation",-5484.682447190013,"scalar from welfare_function.calculate_welfare(physical_damage, welfare_loss=True)"
2190,rsas / South Asia,Egalitarian,0.0,1.45,0.5,0.0,1.0,9.142461059063026,1.0,9.142461059063026,"physical_damage_per_capita multiplied by JUSTICE welfare_function.calculate_discount_rate; regional time-discounting visibility, not full welfare aggregation",-5484.682447190013,"scalar from welfare_function.calculate_welfare(physical_damage, welfare_loss=True)"
2191,rsas / South Asia,Egalitarian,0.0,1.45,0.5,0.0,1.0,9.187580640760679,1.0,9.187580640760679,"physical_damage_per_capita multiplied by JUSTICE welfare_function.calculate_discount_rate; regional time-discounting visibility, not full welfare aggregation",-5484.682447190013,"scalar from welfare_function.calculate_welfare(physical_damage, welfare_loss=True)"
2192,rsas / South Asia,Egalitarian,0.0,1.45,0.5,0.0,1.0,9.22422744154569,1.0,9.22422744154569,"physical_damage_per_capita multiplied by JUSTICE welfare_function.calculate_discount_rate; regional time-discounting visibility, not full welfare aggregation",-5484.682447190013,"scalar from welfare_function.calculate_welfare(physical_damage, welfare_loss=True)"
2193,rsas / South Asia,Egalitarian,0.0,1.45,0.5,0.0,1.0,9.250056219122833,1.0,9.250056219122833,"physical_damage_per_capita multiplied by JUSTICE welfare_function.calculate_discount_rate; regional time-discounting visibility, not full welfare aggregation",-5484.682447190013,"scalar from welfare_function.calculate_welfare(physical_damage, welfare_loss=True)"
2194,rsas / South Asia,Egalitarian,0.0,1.45,0.5,0.0,1.0,9.272298767331952,1.0,9.272298767331952,"physical_damage_per_capita multiplied by JUSTICE welfare_function.calculate_discount_rate; regional time-discounting visibility, not full welfare aggregation",-5484.682447190013,"scalar from welfare_function.calculate_welfare(physical_damage, welfare_loss=True)"
2195,rsas / South Asia,Egalitarian,0.0,1.45,0.5,0.0,1.0,9.295920983224951,1.0,9.295920983224951,"physical_damage_per_capita multiplied by JUSTICE welfare_function.calculate_discount_rate; regional time-discounting visibility, not full welfare aggregation",-5484.682447190013,"scalar from welfare_function.calculate_welfare(physical_damage, welfare_loss=True)"
2196,rsas / South Asia,Egalitarian,0.0,1.45,0.5,0.0,1.0,9.312626556157982,1.0,9.312626556157982,"physical_damage_per_capita multiplied by JUSTICE welfare_function.calculate_discount_rate; regional time-discounting visibility, not full welfare aggregation",-5484.682447190013,"scalar from welfare_function.calculate_welfare(physical_damage, welfare_loss=True)"
2197,rsas / South Asia,Egalitarian,0.0,1.45,0.5,0.0,1.0,9.332355165032247,1.0,9.332355165032247,"physical_damage_per_capita multiplied by JUSTICE welfare_function.calculate_discount_rate; regional time-discounting visibility, not full welfare aggregation",-5484.682447190013,"scalar from welfare_function.calculate_welfare(physical_damage, welfare_loss=True)"
2198,rsas / South Asia,Egalitarian,0.0,1.45,0.5,0.0,1.0,9.360002029318517,1.0,9.360002029318517,"physical_damage_per_capita multiplied by JUSTICE welfare_function.calculate_discount_rate; regional time-discounting visibility, not full welfare aggregation",-5484.682447190013,"scalar from welfare_function.calculate_welfare(physical_damage, welfare_loss=True)"
2199,rsas / South Asia,Egalitarian,0.0,1.45,0.5,0.0,1.0,9.396297757856352,1.0,9.396297757856352,"physical_damage_per_capita multiplied by JUSTICE welfare_function.calculate_discount_rate; regional time-discounting visibility, not full welfare aggregation",-5484.682447190013,"scalar from welfare_function.calculate_welfare(physical_damage, welfare_loss=True)"
2200,rsas / South Asia,Egalitarian,0.0,1.45,0.5,0.0,1.0,9.433726016195772,1.0,9.433726016195772,"physical_damage_per_capita multiplied by JUSTICE welfare_function.calculate_discount_rate; regional time-discounting visibility, not full welfare aggregation",-5484.682447190013,"scalar from welfare_function.calculate_welfare(physical_damage, welfare_loss=True)"
2201,rsas / South Asia,Egalitarian,0.0,1.45,0.5,0.0,1.0,9.46609863733745,1.0,9.46609863733745,"physical_damage_per_capita multiplied by JUSTICE welfare_function.calculate_discount_rate; regional time-discounting visibility, not full welfare aggregation",-5484.682447190013,"scalar from welfare_function.calculate_welfare(physical_damage, welfare_loss=True)"
2202,rsas / South Asia,Egalitarian,0.0,1.45,0.5,0.0,1.0,9.486827090201036,1.0,9.486827090201036,"physical_damage_per_capita multiplied by JUSTICE welfare_function.calculate_discount_rate; regional time-discounting visibility, not full welfare aggregation",-5484.682447190013,"scalar from welfare_function.calculate_welfare(physical_damage, welfare_loss=True)"
2203,rsas / South Asia,Egalitarian,0.0,1.45,0.5,0.0,1.0,9.49773823284589,1.0,9.49773823284589,"physical_damage_per_capita multiplied by JUSTICE welfare_function.calculate_discount_rate; regional time-discounting visibility, not full welfare aggregation",-5484.682447190013,"scalar from welfare_function.calculate_welfare(physical_damage, welfare_loss=True)"
2204,rsas / South Asia,Egalitarian,0.0,1.45,0.5,0.0,1.0,9.50457682385628,1.0,9.50457682385628,"physical_damage_per_capita multiplied by JUSTICE welfare_function.calculate_discount_rate; regional time-discounting visibility, not full welfare aggregation",-5484.682447190013,"scalar from welfare_function.calculate_welfare(physical_damage, welfare_loss=True)"
2205,rsas / South Asia,Egalitarian,0.0,1.45,0.5,0.0,1.0,9.512902539895899,1.0,9.512902539895899,"physical_damage_per_capita multiplied by JUSTICE welfare_function.calculate_discount_rate; regional time-discounting visibility, not full welfare aggregation",-5484.682447190013,"scalar from welfare_function.calculate_welfare(physical_damage, welfare_loss=True)"
2206,rsas / South Asia,Egalitarian,0.0,1.45,0.5,0.0,1.0,9.522642689654568,1.0,9.522642689654568,"physical_damage_per_capita multiplied by JUSTICE welfare_function.calculate_discount_rate; regional time-discounting visibility, not full welfare aggregation",-5484.682447190013,"scalar from welfare_function.calculate_welfare(physical_damage, welfare_loss=True)"
2207,rsas / South Asia,Egalitarian,0.0,1.45,0.5,0.0,1.0,9.532001542797628,1.0,9.532001542797628,"physical_damage_per_capita multiplied by JUSTICE welfare_function.calculate_discount_rate; regional time-discounting visibility, not full welfare aggregation",-5484.682447190013,"scalar from welfare_function.calculate_welfare(physical_damage, welfare_loss=True)"
2208,rsas / South Asia,Egalitarian,0.0,1.45,0.5,0.0,1.0,9.542387460754474,1.0,9.542387460754474,"physical_damage_per_capita multiplied by JUSTICE welfare_function.calculate_discount_rate; regional time-discounting visibility, not full welfare aggregation",-5484.682447190013,"scalar from welfare_function.calculate_welfare(physical_damage, welfare_loss=True)"
2209,rsas / South Asia,Egalitarian,0.0,1.45,0.5,0.0,1.0,9.555351836387706,1.0,9.555351836387706,"physical_damage_per_capita multiplied by JUSTICE welfare_function.calculate_discount_rate; regional time-discounting visibility, not full welfare aggregation",-5484.682447190013,"scalar from welfare_function.calculate_welfare(physical_damage, welfare_loss=True)"
2210,rsas / South Asia,Egalitarian,0.0,1.45,0.5,0.0,1.0,9.574721516070074,1.0,9.574721516070074,"physical_damage_per_capita multiplied by JUSTICE welfare_function.calculate_discount_rate; regional time-discounting visibility, not full welfare aggregation",-5484.682447190013,"scalar from welfare_function.calculate_welfare(physical_damage, welfare_loss=True)"
2211,rsas / South Asia,Egalitarian,0.0,1.45,0.5,0.0,1.0,9.60150419835367,1.0,9.60150419835367,"physical_damage_per_capita multiplied by JUSTICE welfare_function.calculate_discount_rate; regional time-discounting visibility, not full welfare aggregation",-5484.682447190013,"scalar from welfare_function.calculate_welfare(physical_damage, welfare_loss=True)"
2212,rsas / South Asia,Egalitarian,0.0,1.45,0.5,0.0,1.0,9.630495655151618,1.0,9.630495655151618,"physical_damage_per_capita multiplied by JUSTICE welfare_function.calculate_discount_rate; regional time-discounting visibility, not full welfare aggregation",-5484.682447190013,"scalar from welfare_function.calculate_welfare(physical_damage, welfare_loss=True)"
2213,rsas / South Asia,Egalitarian,0.0,1.45,0.5,0.0,1.0,9.655874769953337,1.0,9.655874769953337,"physical_damage_per_capita multiplied by JUSTICE welfare_function.calculate_discount_rate; regional time-discounting visibility, not full welfare aggregation",-5484.682447190013,"scalar from welfare_function.calculate_welfare(physical_damage, welfare_loss=True)"
2214,rsas / South Asia,Egalitarian,0.0,1.45,0.5,0.0,1.0,9.675526564151095,1.0,9.675526564151095,"physical_damage_per_capita multiplied by JUSTICE welfare_function.calculate_discount_rate; regional time-discounting visibility, not full welfare aggregation",-5484.682447190013,"scalar from welfare_function.calculate_welfare(physical_damage, welfare_loss=True)"
2215,rsas / South Asia,Egalitarian,0.0,1.45,0.5,0.0,1.0,9.688932145152846,1.0,9.688932145152846,"physical_damage_per_capita multiplied by JUSTICE welfare_function.calculate_discount_rate; regional time-discounting visibility, not full welfare aggregation",-5484.682447190013,"scalar from welfare_function.calculate_welfare(physical_damage, welfare_loss=True)"
2216,rsas / South Asia,Egalitarian,0.0,1.45,0.5,0.0,1.0,9.69842548836514,1.0,9.69842548836514,"physical_damage_per_capita multiplied by JUSTICE welfare_function.calculate_discount_rate; regional time-discounting visibility, not full welfare aggregation",-5484.682447190013,"scalar from welfare_function.calculate_welfare(physical_damage, welfare_loss=True)"
2217,rsas / South Asia,Egalitarian,0.0,1.45,0.5,0.0,1.0,9.703786305576532,1.0,9.703786305576532,"physical_damage_per_capita multiplied by JUSTICE welfare_function.calculate_discount_rate; regional time-discounting visibility, not full welfare aggregation",-5484.682447190013,"scalar from welfare_function.calculate_welfare(physical_damage, welfare_loss=True)"
2218,rsas / South Asia,Egalitarian,0.0,1.45,0.5,0.0,1.0,9.705709502409867,1.0,9.705709502409867,"physical_damage_per_capita multiplied by JUSTICE welfare_function.calculate_discount_rate; regional time-discounting visibility, not full welfare aggregation",-5484.682447190013,"scalar from welfare_function.calculate_welfare(physical_damage, welfare_loss=True)"
2219,rsas / South Asia,Egalitarian,0.0,1.45,0.5,0.0,1.0,9.710454250467782,1.0,9.710454250467782,"physical_damage_per_capita multiplied by JUSTICE welfare_function.calculate_discount_rate; regional time-discounting visibility, not full welfare aggregation",-5484.682447190013,"scalar from welfare_function.calculate_welfare(physical_damage, welfare_loss=True)"
2220,rsas / South Asia,Egalitarian,0.0,1.45,0.5,0.0,1.0,9.719832690914727,1.0,9.719832690914727,"physical_damage_per_capita multiplied by JUSTICE welfare_function.calculate_discount_rate; regional time-discounting visibility, not full welfare aggregation",-5484.682447190013,"scalar from welfare_function.calculate_welfare(physical_damage, welfare_loss=True)"
2221,rsas / South Asia,Egalitarian,0.0,1.45,0.5,0.0,1.0,9.735736518227517,1.0,9.735736518227517,"physical_damage_per_capita multiplied by JUSTICE welfare_function.calculate_discount_rate; regional time-discounting visibility, not full welfare aggregation",-5484.682447190013,"scalar from welfare_function.calculate_welfare(physical_damage, welfare_loss=True)"
2222,rsas / South Asia,Egalitarian,0.0,1.45,0.5,0.0,1.0,9.760109880318291,1.0,9.760109880318291,"physical_damage_per_capita multiplied by JUSTICE welfare_function.calculate_discount_rate; regional time-discounting visibility, not full welfare aggregation",-5484.682447190013,"scalar from welfare_function.calculate_welfare(physical_damage, welfare_loss=True)"
2223,rsas / South Asia,Egalitarian,0.0,1.45,0.5,0.0,1.0,9.789279791950982,1.0,9.789279791950982,"physical_damage_per_capita multiplied by JUSTICE welfare_function.calculate_discount_rate; regional time-discounting visibility, not full welfare aggregation",-5484.682447190013,"scalar from welfare_function.calculate_welfare(physical_damage, welfare_loss=True)"
2224,rsas / South Asia,Egalitarian,0.0,1.45,0.5,0.0,1.0,9.821282529668668,1.0,9.821282529668668,"physical_damage_per_capita multiplied by JUSTICE welfare_function.calculate_discount_rate; regional time-discounting visibility, not full welfare aggregation",-5484.682447190013,"scalar from welfare_function.calculate_welfare(physical_damage, welfare_loss=True)"
2225,rsas / South Asia,Egalitarian,0.0,1.45,0.5,0.0,1.0,9.847368213402936,1.0,9.847368213402936,"physical_damage_per_capita multiplied by JUSTICE welfare_function.calculate_discount_rate; regional time-discounting visibility, not full welfare aggregation",-5484.682447190013,"scalar from welfare_function.calculate_welfare(physical_damage, welfare_loss=True)"
2226,rsas / South Asia,Egalitarian,0.0,1.45,0.5,0.0,1.0,9.858960683866187,1.0,9.858960683866187,"physical_damage_per_capita multiplied by JUSTICE welfare_function.calculate_discount_rate; regional time-discounting visibility, not full welfare aggregation",-5484.682447190013,"scalar from welfare_function.calculate_welfare(physical_damage, welfare_loss=True)"
2227,rsas / South Asia,Egalitarian,0.0,1.45,0.5,0.0,1.0,9.861831563124857,1.0,9.861831563124857,"physical_damage_per_capita multiplied by JUSTICE welfare_function.calculate_discount_rate; regional time-discounting visibility, not full welfare aggregation",-5484.682447190013,"scalar from welfare_function.calculate_welfare(physical_damage, welfare_loss=True)"
2228,rsas / South Asia,Egalitarian,0.0,1.45,0.5,0.0,1.0,9.860410515096962,1.0,9.860410515096962,"physical_damage_per_capita multiplied by JUSTICE welfare_function.calculate_discount_rate; regional time-discounting visibility, not full welfare aggregation",-5484.682447190013,"scalar from welfare_function.calculate_welfare(physical_damage, welfare_loss=True)"
2229,rsas / South Asia,Egalitarian,0.0,1.45,0.5,0.0,1.0,9.859543138918276,1.0,9.859543138918276,"physical_damage_per_capita multiplied by JUSTICE welfare_function.calculate_discount_rate; regional time-discounting visibility, not full welfare aggregation",-5484.682447190013,"scalar from welfare_function.calculate_welfare(physical_damage, welfare_loss=True)"
2230,rsas / South Asia,Egalitarian,0.0,1.45,0.5,0.0,1.0,9.861644105699785,1.0,9.861644105699785,"physical_damage_per_capita multiplied by JUSTICE welfare_function.calculate_discount_rate; regional time-discounting visibility, not full welfare aggregation",-5484.682447190013,"scalar from welfare_function.calculate_welfare(physical_damage, welfare_loss=True)"
2231,rsas / South Asia,Egalitarian,0.0,1.45,0.5,0.0,1.0,9.868559563768002,1.0,9.868559563768002,"physical_damage_per_capita multiplied by JUSTICE welfare_function.calculate_discount_rate; regional time-discounting visibility, not full welfare aggregation",-5484.682447190013,"scalar from welfare_function.calculate_welfare(physical_damage, welfare_loss=True)"
2232,rsas / South Asia,Egalitarian,0.0,1.45,0.5,0.0,1.0,9.885260481852765,1.0,9.885260481852765,"physical_damage_per_capita multiplied by JUSTICE welfare_function.calculate_discount_rate; regional time-discounting visibility, not full welfare aggregation",-5484.682447190013,"scalar from welfare_function.calculate_welfare(physical_damage, welfare_loss=True)"
2233,rsas / South Asia,Egalitarian,0.0,1.45,0.5,0.0,1.0,9.908102446558052,1.0,9.908102446558052,"physical_damage_per_capita multiplied by JUSTICE welfare_function.calculate_discount_rate; regional time-discounting visibility, not full welfare aggregation",-5484.682447190013,"scalar from welfare_function.calculate_welfare(physical_damage, welfare_loss=True)"
2234,rsas / South Asia,Egalitarian,0.0,1.45,0.5,0.0,1.0,9.928940489235423,1.0,9.928940489235423,"physical_damage_per_capita multiplied by JUSTICE welfare_function.calculate_discount_rate; regional time-discounting visibility, not full welfare aggregation",-5484.682447190013,"scalar from welfare_function.calculate_welfare(physical_damage, welfare_loss=True)"
2235,rsas / South Asia,Egalitarian,0.0,1.45,0.5,0.0,1.0,9.947103179042436,1.0,9.947103179042436,"physical_damage_per_capita multiplied by JUSTICE welfare_function.calculate_discount_rate; regional time-discounting visibility, not full welfare aggregation",-5484.682447190013,"scalar from welfare_function.calculate_welfare(physical_damage, welfare_loss=True)"
2236,rsas / South Asia,Egalitarian,0.0,1.45,0.5,0.0,1.0,9.960763698520566,1.0,9.960763698520566,"physical_damage_per_capita multiplied by JUSTICE welfare_function.calculate_discount_rate; regional time-discounting visibility, not full welfare aggregation",-5484.682447190013,"scalar from welfare_function.calculate_welfare(physical_damage, welfare_loss=True)"
2237,rsas / South Asia,Egalitarian,0.0,1.45,0.5,0.0,1.0,9.967656739763287,1.0,9.967656739763287,"physical_damage_per_capita multiplied by JUSTICE welfare_function.calculate_discount_rate; regional time-discounting visibility, not full welfare aggregation",-5484.682447190013,"scalar from welfare_function.calculate_welfare(physical_damage, welfare_loss=True)"
2238,rsas / South Asia,Egalitarian,0.0,1.45,0.5,0.0,1.0,9.96853983622173,1.0,9.96853983622173,"physical_damage_per_capita multiplied by JUSTICE welfare_function.calculate_discount_rate; regional time-discounting visibility, not full welfare aggregation",-5484.682447190013,"scalar from welfare_function.calculate_welfare(physical_damage, welfare_loss=True)"
2239,rsas / South Asia,Egalitarian,0.0,1.45,0.5,0.0,1.0,9.966617871128694,1.0,9.966617871128694,"physical_damage_per_capita multiplied by JUSTICE welfare_function.calculate_discount_rate; regional time-discounting visibility, not full welfare aggregation",-5484.682447190013,"scalar from welfare_function.calculate_welfare(physical_damage, welfare_loss=True)"
2240,rsas / South Asia,Egalitarian,0.0,1.45,0.5,0.0,1.0,9.96703982894501,1.0,9.96703982894501,"physical_damage_per_capita multiplied by JUSTICE welfare_function.calculate_discount_rate; regional time-discounting visibility, not full welfare aggregation",-5484.682447190013,"scalar from welfare_function.calculate_welfare(physical_damage, welfare_loss=True)"
2241,rsas / South Asia,Egalitarian,0.0,1.45,0.5,0.0,1.0,9.970832203022871,1.0,9.970832203022871,"physical_damage_per_capita multiplied by JUSTICE welfare_function.calculate_discount_rate; regional time-discounting visibility, not full welfare aggregation",-5484.682447190013,"scalar from welfare_function.calculate_welfare(physical_damage, welfare_loss=True)"
2242,rsas / South Asia,Egalitarian,0.0,1.45,0.5,0.0,1.0,9.980029095661402,1.0,9.980029095661402,"physical_damage_per_capita multiplied by JUSTICE welfare_function.calculate_discount_rate; regional time-discounting visibility, not full welfare aggregation",-5484.682447190013,"scalar from welfare_function.calculate_welfare(physical_damage, welfare_loss=True)"
2243,rsas / South Asia,Egalitarian,0.0,1.45,0.5,0.0,1.0,9.998343450502883,1.0,9.998343450502883,"physical_damage_per_capita multiplied by JUSTICE welfare_function.calculate_discount_rate; regional time-discounting visibility, not full welfare aggregation",-5484.682447190013,"scalar from welfare_function.calculate_welfare(physical_damage, welfare_loss=True)"
2244,rsas / South Asia,Egalitarian,0.0,1.45,0.5,0.0,1.0,10.024544759376942,1.0,10.024544759376942,"physical_damage_per_capita multiplied by JUSTICE welfare_function.calculate_discount_rate; regional time-discounting visibility, not full welfare aggregation",-5484.682447190013,"scalar from welfare_function.calculate_welfare(physical_damage, welfare_loss=True)"
2245,rsas / South Asia,Egalitarian,0.0,1.45,0.5,0.0,1.0,10.048510852261035,1.0,10.048510852261035,"physical_damage_per_capita multiplied by JUSTICE welfare_function.calculate_discount_rate; regional time-discounting visibility, not full welfare aggregation",-5484.682447190013,"scalar from welfare_function.calculate_welfare(physical_damage, welfare_loss=True)"
2246,rsas / South Asia,Egalitarian,0.0,1.45,0.5,0.0,1.0,10.064288185145331,1.0,10.064288185145331,"physical_damage_per_capita multiplied by JUSTICE welfare_function.calculate_discount_rate; regional time-discounting visibility, not full welfare aggregation",-5484.682447190013,"scalar from welfare_function.calculate_welfare(physical_damage, welfare_loss=True)"
2247,rsas / South Asia,Egalitarian,0.0,1.45,0.5,0.0,1.0,10.07080768104789,1.0,10.07080768104789,"physical_damage_per_capita multiplied by JUSTICE welfare_function.calculate_discount_rate; regional time-discounting visibility, not full welfare aggregation",-5484.682447190013,"scalar from welfare_function.calculate_welfare(physical_damage, welfare_loss=True)"
2248,rsas / South Asia,Egalitarian,0.0,1.45,0.5,0.0,1.0,10.069030655711835,1.0,10.069030655711835,"physical_damage_per_capita multiplied by JUSTICE welfare_function.calculate_discount_rate; regional time-discounting visibility, not full welfare aggregation",-5484.682447190013,"scalar from welfare_function.calculate_welfare(physical_damage, welfare_loss=True)"
2249,rsas / South Asia,Egalitarian,0.0,1.45,0.5,0.0,1.0,10.065723807609277,1.0,10.065723807609277,"physical_damage_per_capita multiplied by JUSTICE welfare_function.calculate_discount_rate; regional time-discounting visibility, not full welfare aggregation",-5484.682447190013,"scalar from welfare_function.calculate_welfare(physical_damage, welfare_loss=True)"
2250,rsas / South Asia,Egalitarian,0.0,1.45,0.5,0.0,1.0,10.063126302348634,1.0,10.063126302348634,"physical_damage_per_capita multiplied by JUSTICE welfare_function.calculate_discount_rate; regional time-discounting visibility, not full welfare aggregation",-5484.682447190013,"scalar from welfare_function.calculate_welfare(physical_damage, welfare_loss=True)"
2251,rsas / South Asia,Egalitarian,0.0,1.45,0.5,0.0,1.0,10.060474604372398,1.0,10.060474604372398,"physical_damage_per_capita multiplied by JUSTICE welfare_function.calculate_discount_rate; regional time-discounting visibility, not full welfare aggregation",-5484.682447190013,"scalar from welfare_function.calculate_welfare(physical_damage, welfare_loss=True)"
2252,rsas / South Asia,Egalitarian,0.0,1.45,0.5,0.0,1.0,10.059001196044651,1.0,10.059001196044651,"physical_damage_per_capita multiplied by JUSTICE welfare_function.calculate_discount_rate; regional time-discounting visibility, not full welfare aggregation",-5484.682447190013,"scalar from welfare_function.calculate_welfare(physical_damage, welfare_loss=True)"
2253,rsas / South Asia,Egalitarian,0.0,1.45,0.5,0.0,1.0,10.059574374855952,1.0,10.059574374855952,"physical_damage_per_capita multiplied by JUSTICE welfare_function.calculate_discount_rate; regional time-discounting visibility, not full welfare aggregation",-5484.682447190013,"scalar from welfare_function.calculate_welfare(physical_damage, welfare_loss=True)"
2254,rsas / South Asia,Egalitarian,0.0,1.45,0.5,0.0,1.0,10.063770635220378,1.0,10.063770635220378,"physical_damage_per_capita multiplied by JUSTICE welfare_function.calculate_discount_rate; regional time-discounting visibility, not full welfare aggregation",-5484.682447190013,"scalar from welfare_function.calculate_welfare(physical_damage, welfare_loss=True)"
2255,rsas / South Asia,Egalitarian,0.0,1.45,0.5,0.0,1.0,10.074577197641483,1.0,10.074577197641483,"physical_damage_per_capita multiplied by JUSTICE welfare_function.calculate_discount_rate; regional time-discounting visibility, not full welfare aggregation",-5484.682447190013,"scalar from welfare_function.calculate_welfare(physical_damage, welfare_loss=True)"
2256,rsas / South Asia,Egalitarian,0.0,1.45,0.5,0.0,1.0,10.091892475606404,1.0,10.091892475606404,"physical_damage_per_capita multiplied by JUSTICE welfare_function.calculate_discount_rate; regional time-discounting visibility, not full welfare aggregation",-5484.682447190013,"scalar from welfare_function.calculate_welfare(physical_damage, welfare_loss=True)"
2257,rsas / South Asia,Egalitarian,0.0,1.45,0.5,0.0,1.0,10.108694306367457,1.0,10.108694306367457,"physical_damage_per_capita multiplied by JUSTICE welfare_function.calculate_discount_rate; regional time-discounting visibility, not full welfare aggregation",-5484.682447190013,"scalar from welfare_function.calculate_welfare(physical_damage, welfare_loss=True)"
2258,rsas / South Asia,Egalitarian,0.0,1.45,0.5,0.0,1.0,10.12127050804578,1.0,10.12127050804578,"physical_damage_per_capita multiplied by JUSTICE welfare_function.calculate_discount_rate; regional time-discounting visibility, not full welfare aggregation",-5484.682447190013,"scalar from welfare_function.calculate_welfare(physical_damage, welfare_loss=True)"
2259,rsas / South Asia,Egalitarian,0.0,1.45,0.5,0.0,1.0,10.130236109475677,1.0,10.130236109475677,"physical_damage_per_capita multiplied by JUSTICE welfare_function.calculate_discount_rate; regional time-discounting visibility, not full welfare aggregation",-5484.682447190013,"scalar from welfare_function.calculate_welfare(physical_damage, welfare_loss=True)"
2260,rsas / South Asia,Egalitarian,0.0,1.45,0.5,0.0,1.0,10.132880846634535,1.0,10.132880846634535,"physical_damage_per_capita multiplied by JUSTICE welfare_function.calculate_discount_rate; regional time-discounting visibility, not full welfare aggregation",-5484.682447190013,"scalar from welfare_function.calculate_welfare(physical_damage, welfare_loss=True)"
2261,rsas / South Asia,Egalitarian,0.0,1.45,0.5,0.0,1.0,10.130893332602872,1.0,10.130893332602872,"physical_damage_per_capita multiplied by JUSTICE welfare_function.calculate_discount_rate; regional time-discounting visibility, not full welfare aggregation",-5484.682447190013,"scalar from welfare_function.calculate_welfare(physical_damage, welfare_loss=True)"
2262,rsas / South Asia,Egalitarian,0.0,1.45,0.5,0.0,1.0,10.125359068776968,1.0,10.125359068776968,"physical_damage_per_capita multiplied by JUSTICE welfare_function.calculate_discount_rate; regional time-discounting visibility, not full welfare aggregation",-5484.682447190013,"scalar from welfare_function.calculate_welfare(physical_damage, welfare_loss=True)"
2263,rsas / South Asia,Egalitarian,0.0,1.45,0.5,0.0,1.0,10.118003551676974,1.0,10.118003551676974,"physical_damage_per_capita multiplied by JUSTICE welfare_function.calculate_discount_rate; regional time-discounting visibility, not full welfare aggregation",-5484.682447190013,"scalar from welfare_function.calculate_welfare(physical_damage, welfare_loss=True)"
2264,rsas / South Asia,Egalitarian,0.0,1.45,0.5,0.0,1.0,10.114435420145346,1.0,10.114435420145346,"physical_damage_per_capita multiplied by JUSTICE welfare_function.calculate_discount_rate; regional time-discounting visibility, not full welfare aggregation",-5484.682447190013,"scalar from welfare_function.calculate_welfare(physical_damage, welfare_loss=True)"
2265,rsas / South Asia,Egalitarian,0.0,1.45,0.5,0.0,1.0,10.115837855349307,1.0,10.115837855349307,"physical_damage_per_capita multiplied by JUSTICE welfare_function.calculate_discount_rate; regional time-discounting visibility, not full welfare aggregation",-5484.682447190013,"scalar from welfare_function.calculate_welfare(physical_damage, welfare_loss=True)"
2266,rsas / South Asia,Egalitarian,0.0,1.45,0.5,0.0,1.0,10.124019328125431,1.0,10.124019328125431,"physical_damage_per_capita multiplied by JUSTICE welfare_function.calculate_discount_rate; regional time-discounting visibility, not full welfare aggregation",-5484.682447190013,"scalar from welfare_function.calculate_welfare(physical_damage, welfare_loss=True)"
2267,rsas / South Asia,Egalitarian,0.0,1.45,0.5,0.0,1.0,10.141294374756189,1.0,10.141294374756189,"physical_damage_per_capita multiplied by JUSTICE welfare_function.calculate_discount_rate; regional time-discounting visibility, not full welfare aggregation",-5484.682447190013,"scalar from welfare_function.calculate_welfare(physical_damage, welfare_loss=True)"
2268,rsas / South Asia,Egalitarian,0.0,1.45,0.5,0.0,1.0,10.163533900760008,1.0,10.163533900760008,"physical_damage_per_capita multiplied by JUSTICE welfare_function.calculate_discount_rate; regional time-discounting visibility, not full welfare aggregation",-5484.682447190013,"scalar from welfare_function.calculate_welfare(physical_damage, welfare_loss=True)"
2269,rsas / South Asia,Egalitarian,0.0,1.45,0.5,0.0,1.0,10.186382053106984,1.0,10.186382053106984,"physical_damage_per_capita multiplied by JUSTICE welfare_function.calculate_discount_rate; regional time-discounting visibility, not full welfare aggregation",-5484.682447190013,"scalar from welfare_function.calculate_welfare(physical_damage, welfare_loss=True)"
2270,rsas / South Asia,Egalitarian,0.0,1.45,0.5,0.0,1.0,10.199507938956112,1.0,10.199507938956112,"physical_damage_per_capita multiplied by JUSTICE welfare_function.calculate_discount_rate; regional time-discounting visibility, not full welfare aggregation",-5484.682447190013,"scalar from welfare_function.calculate_welfare(physical_damage, welfare_loss=True)"
2271,rsas / South Asia,Egalitarian,0.0,1.45,0.5,0.0,1.0,10.199108912032429,1.0,10.199108912032429,"physical_damage_per_capita multiplied by JUSTICE welfare_function.calculate_discount_rate; regional time-discounting visibility, not full welfare aggregation",-5484.682447190013,"scalar from welfare_function.calculate_welfare(physical_damage, welfare_loss=True)"
2272,rsas / South Asia,Egalitarian,0.0,1.45,0.5,0.0,1.0,10.192150524159844,1.0,10.192150524159844,"physical_damage_per_capita multiplied by JUSTICE welfare_function.calculate_discount_rate; regional time-discounting visibility, not full welfare aggregation",-5484.682447190013,"scalar from welfare_function.calculate_welfare(physical_damage, welfare_loss=True)"
2273,rsas / South Asia,Egalitarian,0.0,1.45,0.5,0.0,1.0,10.182976216089589,1.0,10.182976216089589,"physical_damage_per_capita multiplied by JUSTICE welfare_function.calculate_discount_rate; regional time-discounting visibility, not full welfare aggregation",-5484.682447190013,"scalar from welfare_function.calculate_welfare(physical_damage, welfare_loss=True)"
2274,rsas / South Asia,Egalitarian,0.0,1.45,0.5,0.0,1.0,10.174672189921047,1.0,10.174672189921047,"physical_damage_per_capita multiplied by JUSTICE welfare_function.calculate_discount_rate; regional time-discounting visibility, not full welfare aggregation",-5484.682447190013,"scalar from welfare_function.calculate_welfare(physical_damage, welfare_loss=True)"
2275,rsas / South Asia,Egalitarian,0.0,1.45,0.5,0.0,1.0,10.169560676092747,1.0,10.169560676092747,"physical_damage_per_capita multiplied by JUSTICE welfare_function.calculate_discount_rate; regional time-discounting visibility, not full welfare aggregation",-5484.682447190013,"scalar from welfare_function.calculate_welfare(physical_damage, welfare_loss=True)"
2276,rsas / South Asia,Egalitarian,0.0,1.45,0.5,0.0,1.0,10.172386675356254,1.0,10.172386675356254,"physical_damage_per_capita multiplied by JUSTICE welfare_function.calculate_discount_rate; regional time-discounting visibility, not full welfare aggregation",-5484.682447190013,"scalar from welfare_function.calculate_welfare(physical_damage, welfare_loss=True)"
2277,rsas / South Asia,Egalitarian,0.0,1.45,0.5,0.0,1.0,10.184323757073466,1.0,10.184323757073466,"physical_damage_per_capita multiplied by JUSTICE welfare_function.calculate_discount_rate; regional time-discounting visibility, not full welfare aggregation",-5484.682447190013,"scalar from welfare_function.calculate_welfare(physical_damage, welfare_loss=True)"
2278,rsas / South Asia,Egalitarian,0.0,1.45,0.5,0.0,1.0,10.200802782558258,1.0,10.200802782558258,"physical_damage_per_capita multiplied by JUSTICE welfare_function.calculate_discount_rate; regional time-discounting visibility, not full welfare aggregation",-5484.682447190013,"scalar from welfare_function.calculate_welfare(physical_damage, welfare_loss=True)"
2279,rsas / South Asia,Egalitarian,0.0,1.45,0.5,0.0,1.0,10.214040674192887,1.0,10.214040674192887,"physical_damage_per_capita multiplied by JUSTICE welfare_function.calculate_discount_rate; regional time-discounting visibility, not full welfare aggregation",-5484.682447190013,"scalar from welfare_function.calculate_welfare(physical_damage, welfare_loss=True)"
2280,rsas / South Asia,Egalitarian,0.0,1.45,0.5,0.0,1.0,10.221056449488586,1.0,10.221056449488586,"physical_damage_per_capita multiplied by JUSTICE welfare_function.calculate_discount_rate; regional time-discounting visibility, not full welfare aggregation",-5484.682447190013,"scalar from welfare_function.calculate_welfare(physical_damage, welfare_loss=True)"
2281,rsas / South Asia,Egalitarian,0.0,1.45,0.5,0.0,1.0,10.222498508316622,1.0,10.222498508316622,"physical_damage_per_capita multiplied by JUSTICE welfare_function.calculate_discount_rate; regional time-discounting visibility, not full welfare aggregation",-5484.682447190013,"scalar from welfare_function.calculate_welfare(physical_damage, welfare_loss=True)"
2282,rsas / South Asia,Egalitarian,0.0,1.45,0.5,0.0,1.0,10.216993495094354,1.0,10.216993495094354,"physical_damage_per_capita multiplied by JUSTICE welfare_function.calculate_discount_rate; regional time-discounting visibility, not full welfare aggregation",-5484.682447190013,"scalar from welfare_function.calculate_welfare(physical_damage, welfare_loss=True)"
2283,rsas / South Asia,Egalitarian,0.0,1.45,0.5,0.0,1.0,10.208096494734917,1.0,10.208096494734917,"physical_damage_per_capita multiplied by JUSTICE welfare_function.calculate_discount_rate; regional time-discounting visibility, not full welfare aggregation",-5484.682447190013,"scalar from welfare_function.calculate_welfare(physical_damage, welfare_loss=True)"
2284,rsas / South Asia,Egalitarian,0.0,1.45,0.5,0.0,1.0,10.201598467897124,1.0,10.201598467897124,"physical_damage_per_capita multiplied by JUSTICE welfare_function.calculate_discount_rate; regional time-discounting visibility, not full welfare aggregation",-5484.682447190013,"scalar from welfare_function.calculate_welfare(physical_damage, welfare_loss=True)"
2285,rsas / South Asia,Egalitarian,0.0,1.45,0.5,0.0,1.0,10.198279125639377,1.0,10.198279125639377,"physical_damage_per_capita multiplied by JUSTICE welfare_function.calculate_discount_rate; regional time-discounting visibility, not full welfare aggregation",-5484.682447190013,"scalar from welfare_function.calculate_welfare(physical_damage, welfare_loss=True)"
2286,rsas / South Asia,Egalitarian,0.0,1.45,0.5,0.0,1.0,10.199792392634754,1.0,10.199792392634754,"physical_damage_per_capita multiplied by JUSTICE welfare_function.calculate_discount_rate; regional time-discounting visibility, not full welfare aggregation",-5484.682447190013,"scalar from welfare_function.calculate_welfare(physical_damage, welfare_loss=True)"
2287,rsas / South Asia,Egalitarian,0.0,1.45,0.5,0.0,1.0,10.210466926148401,1.0,10.210466926148401,"physical_damage_per_capita multiplied by JUSTICE welfare_function.calculate_discount_rate; regional time-discounting visibility, not full welfare aggregation",-5484.682447190013,"scalar from welfare_function.calculate_welfare(physical_damage, welfare_loss=True)"
2288,rsas / South Asia,Egalitarian,0.0,1.45,0.5,0.0,1.0,10.22990227549236,1.0,10.22990227549236,"physical_damage_per_capita multiplied by JUSTICE welfare_function.calculate_discount_rate; regional time-discounting visibility, not full welfare aggregation",-5484.682447190013,"scalar from welfare_function.calculate_welfare(physical_damage, welfare_loss=True)"
2289,rsas / South Asia,Egalitarian,0.0,1.45,0.5,0.0,1.0,10.249542287645552,1.0,10.249542287645552,"physical_damage_per_capita multiplied by JUSTICE welfare_function.calculate_discount_rate; regional time-discounting visibility, not full welfare aggregation",-5484.682447190013,"scalar from welfare_function.calculate_welfare(physical_damage, welfare_loss=True)"
2290,rsas / South Asia,Egalitarian,0.0,1.45,0.5,0.0,1.0,10.262343170130311,1.0,10.262343170130311,"physical_damage_per_capita multiplied by JUSTICE welfare_function.calculate_discount_rate; regional time-discounting visibility, not full welfare aggregation",-5484.682447190013,"scalar from welfare_function.calculate_welfare(physical_damage, welfare_loss=True)"
2291,rsas / South Asia,Egalitarian,0.0,1.45,0.5,0.0,1.0,10.262157270889293,1.0,10.262157270889293,"physical_damage_per_capita multiplied by JUSTICE welfare_function.calculate_discount_rate; regional time-discounting visibility, not full welfare aggregation",-5484.682447190013,"scalar from welfare_function.calculate_welfare(physical_damage, welfare_loss=True)"
2292,rsas / South Asia,Egalitarian,0.0,1.45,0.5,0.0,1.0,10.254121177882238,1.0,10.254121177882238,"physical_damage_per_capita multiplied by JUSTICE welfare_function.calculate_discount_rate; regional time-discounting visibility, not full welfare aggregation",-5484.682447190013,"scalar from welfare_function.calculate_welfare(physical_damage, welfare_loss=True)"
2293,rsas / South Asia,Egalitarian,0.0,1.45,0.5,0.0,1.0,10.246048052003465,1.0,10.246048052003465,"physical_damage_per_capita multiplied by JUSTICE welfare_function.calculate_discount_rate; regional time-discounting visibility, not full welfare aggregation",-5484.682447190013,"scalar from welfare_function.calculate_welfare(physical_damage, welfare_loss=True)"
2294,rsas / South Asia,Egalitarian,0.0,1.45,0.5,0.0,1.0,10.23616858282322,1.0,10.23616858282322,"physical_damage_per_capita multiplied by JUSTICE welfare_function.calculate_discount_rate; regional time-discounting visibility, not full welfare aggregation",-5484.682447190013,"scalar from welfare_function.calculate_welfare(physical_damage, welfare_loss=True)"
2295,rsas / South Asia,Egalitarian,0.0,1.45,0.5,0.0,1.0,10.226943850861634,1.0,10.226943850861634,"physical_damage_per_capita multiplied by JUSTICE welfare_function.calculate_discount_rate; regional time-discounting visibility, not full welfare aggregation",-5484.682447190013,"scalar from welfare_function.calculate_welfare(physical_damage, welfare_loss=True)"
2296,rsas / South Asia,Egalitarian,0.0,1.45,0.5,0.0,1.0,10.222750111408176,1.0,10.222750111408176,"physical_damage_per_capita multiplied by JUSTICE welfare_function.calculate_discount_rate; regional time-discounting visibility, not full welfare aggregation",-5484.682447190013,"scalar from welfare_function.calculate_welfare(physical_damage, welfare_loss=True)"
2297,rsas / South Asia,Egalitarian,0.0,1.45,0.5,0.0,1.0,10.228680576407507,1.0,10.228680576407507,"physical_damage_per_capita multiplied by JUSTICE welfare_function.calculate_discount_rate; regional time-discounting visibility, not full welfare aggregation",-5484.682447190013,"scalar from welfare_function.calculate_welfare(physical_damage, welfare_loss=True)"
2298,rsas / South Asia,Egalitarian,0.0,1.45,0.5,0.0,1.0,10.243300800366733,1.0,10.243300800366733,"physical_damage_per_capita multiplied by JUSTICE welfare_function.calculate_discount_rate; regional time-discounting visibility, not full welfare aggregation",-5484.682447190013,"scalar from welfare_function.calculate_welfare(physical_damage, welfare_loss=True)"
2299,rsas / South Asia,Egalitarian,0.0,1.45,0.5,0.0,1.0,10.261840221777026,1.0,10.261840221777026,"physical_damage_per_capita multiplied by JUSTICE welfare_function.calculate_discount_rate; regional time-discounting visibility, not full welfare aggregation",-5484.682447190013,"scalar from welfare_function.calculate_welfare(physical_damage, welfare_loss=True)"
2300,rsas / South Asia,Egalitarian,0.0,1.45,0.5,0.0,1.0,10.277302140712735,1.0,10.277302140712735,"physical_damage_per_capita multiplied by JUSTICE welfare_function.calculate_discount_rate; regional time-discounting visibility, not full welfare aggregation",-5484.682447190013,"scalar from welfare_function.calculate_welfare(physical_damage, welfare_loss=True)"
2015,rjan57 / Japan & Pacific,Sufficientarian,0.015,1.45,0.0,0.4565625,0.0,0.0,1.0,0.0,"physical_damage_per_capita multiplied by JUSTICE welfare_function.calculate_discount_rate; regional time-discounting visibility, not full welfare aggregation",-4144.312094162514,"scalar from welfare_function.calculate_welfare(physical_damage, welfare_loss=True)"
2016,rjan57 / Japan & Pacific,Sufficientarian,0.015,1.45,0.0,0.4565625,0.0,0.0,0.9852216748768474,0.0,"physical_damage_per_capita multiplied by JUSTICE welfare_function.calculate_discount_rate; regional time-discounting visibility, not full welfare aggregation",-4144.312094162514,"scalar from welfare_function.calculate_welfare(physical_damage, welfare_loss=True)"
2017,rjan57 / Japan & Pacific,Sufficientarian,0.015,1.45,0.0,0.4565625,0.0,0.0,0.9706617486471405,0.0,"physical_damage_per_capita multiplied by JUSTICE welfare_function.calculate_discount_rate; regional time-discounting visibility, not full welfare aggregation",-4144.312094162514,"scalar from welfare_function.calculate_welfare(physical_damage, welfare_loss=True)"
2018,rjan57 / Japan & Pacific,Sufficientarian,0.015,1.45,0.0,0.4565625,0.0,2.4841198845578845e-06,0.9563169937410252,2.3756060600926986e-06,"physical_damage_per_capita multiplied by JUSTICE welfare_function.calculate_discount_rate; regional time-discounting visibility, not full welfare aggregation",-4144.312094162514,"scalar from welfare_function.calculate_welfare(physical_damage, welfare_loss=True)"
2019,rjan57 / Japan & Pacific,Sufficientarian,0.015,1.45,0.0,0.4565625,0.0,0.005055126702544355,0.9421842302867243,0.00476286066123862,"physical_damage_per_capita multiplied by JUSTICE welfare_function.calculate_discount_rate; regional time-discounting visibility, not full welfare aggregation",-4144.312094162514,"scalar from welfare_function.calculate_welfare(physical_damage, welfare_loss=True)"
2020,rjan57 / Japan & Pacific,Sufficientarian,0.015,1.45,0.0,0.4565625,0.0,0.00980680815737475,0.9282603254056397,0.009103270931355368,"physical_damage_per_capita multiplied by JUSTICE welfare_function.calculate_discount_rate; regional time-discounting visibility, not full welfare aggregation",-4144.312094162514,"scalar from welfare_function.calculate_welfare(physical_damage, welfare_loss=True)"
2021,rjan57 / Japan & Pacific,Sufficientarian,0.015,1.45,0.0,0.4565625,0.0,0.014847610099758693,0.9145421925178719,0.013578765894283815,"physical_damage_per_capita multiplied by JUSTICE welfare_function.calculate_discount_rate; regional time-discounting visibility, not full welfare aggregation",-4144.312094162514,"scalar from welfare_function.calculate_welfare(physical_damage, welfare_loss=True)"
2022,rjan57 / Japan & Pacific,Sufficientarian,0.015,1.45,0.0,0.4565625,0.0,0.020107533429988167,0.9010267906580018,0.018117426314470723,"physical_damage_per_capita multiplied by JUSTICE welfare_function.calculate_discount_rate; regional time-discounting visibility, not full welfare aggregation",-4144.312094162514,"scalar from welfare_function.calculate_welfare(physical_damage, welfare_loss=True)"
2023,rjan57 / Japan & Pacific,Sufficientarian,0.015,1.45,0.0,0.4565625,0.0,0.02601362385867434,0.887711123800987,0.02309258326971997,"physical_damage_per_capita multiplied by JUSTICE welfare_function.calculate_discount_rate; regional time-discounting visibility, not full welfare aggregation",-4144.312094162514,"scalar from welfare_function.calculate_welfare(physical_damage, welfare_loss=True)"
2024,rjan57 / Japan & Pacific,Sufficientarian,0.015,1.45,0.0,0.4565625,0.0,0.032244292236692514,0.874592240198017,0.028200607780888433,"physical_damage_per_capita multiplied by JUSTICE welfare_function.calculate_discount_rate; regional time-discounting visibility, not full welfare aggregation",-4144.312094162514,"scalar from welfare_function.calculate_welfare(physical_damage, welfare_loss=True)"
2025,rjan57 / Japan & Pacific,Sufficientarian,0.015,1.45,0.0,0.4565625,0.0,0.038526291263178886,0.8616672317221843,0.03319684274126593,"physical_damage_per_capita multiplied by JUSTICE welfare_function.calculate_discount_rate; regional time-discounting visibility, not full welfare aggregation",-4144.312094162514,"scalar from welfare_function.calculate_welfare(physical_damage, welfare_loss=True)"
2026,rjan57 / Japan & Pacific,Sufficientarian,0.015,1.45,0.0,0.4565625,0.0,0.04578906675338585,0.848933233223827,0.03887186048525349,"physical_damage_per_capita multiplied by JUSTICE welfare_function.calculate_discount_rate; regional time-discounting visibility, not full welfare aggregation",-4144.312094162514,"scalar from welfare_function.calculate_welfare(physical_damage, welfare_loss=True)"
2027,rjan57 / Japan & Pacific,Sufficientarian,0.015,1.45,0.0,0.4565625,0.0,0.05280136317632034,0.836387421895396,0.04416239601960507,"physical_damage_per_capita multiplied by JUSTICE welfare_function.calculate_discount_rate; regional time-discounting visibility, not full welfare aggregation",-4144.312094162514,"scalar from welfare_function.calculate_welfare(physical_damage, welfare_loss=True)"
2028,rjan57 / Japan & Pacific,Sufficientarian,0.015,1.45,0.0,0.4565625,0.0,0.059527012217515315,0.8240270166457105,0.049051866287431904,"physical_damage_per_capita multiplied by JUSTICE welfare_function.calculate_discount_rate; regional time-discounting visibility, not full welfare aggregation",-4144.312094162514,"scalar from welfare_function.calculate_welfare(physical_damage, welfare_loss=True)"
2029,rjan57 / Japan & Pacific,Sufficientarian,0.015,1.45,0.0,0.4565625,0.0,0.06621408540331111,0.8118492774834588,0.05375585739390616,"physical_damage_per_capita multiplied by JUSTICE welfare_function.calculate_discount_rate; regional time-discounting visibility, not full welfare aggregation",-4144.312094162514,"scalar from welfare_function.calculate_welfare(physical_damage, welfare_loss=True)"
2030,rjan57 / Japan & Pacific,Sufficientarian,0.015,1.45,0.0,0.4565625,0.0,0.0732772128733809,0.7998515049098116,0.05861088899237034,"physical_damage_per_capita multiplied by JUSTICE welfare_function.calculate_discount_rate; regional time-discounting visibility, not full welfare aggregation",-4144.312094162514,"scalar from welfare_function.calculate_welfare(physical_damage, welfare_loss=True)"
2031,rjan57 / Japan & Pacific,Sufficientarian,0.015,1.45,0.0,0.4565625,0.0,0.08178027146952453,0.7880310393200115,0.0644453923220021,"physical_damage_per_capita multiplied by JUSTICE welfare_function.calculate_discount_rate; regional time-discounting visibility, not full welfare aggregation",-4144.312094162514,"scalar from welfare_function.calculate_welfare(physical_damage, welfare_loss=True)"
2032,rjan57 / Japan & Pacific,Sufficientarian,0.015,1.45,0.0,0.4565625,0.0,0.09086193089181462,0.7763852604138046,0.0705438638771426,"physical_damage_per_capita multiplied by JUSTICE welfare_function.calculate_discount_rate; regional time-discounting visibility, not full welfare aggregation",-4144.312094162514,"scalar from welfare_function.calculate_welfare(physical_damage, welfare_loss=True)"
2033,rjan57 / Japan & Pacific,Sufficientarian,0.015,1.45,0.0,0.4565625,0.0,0.10063940619576447,0.7649115866145859,0.07698024786915199,"physical_damage_per_capita multiplied by JUSTICE welfare_function.calculate_discount_rate; regional time-discounting visibility, not full welfare aggregation",-4144.312094162514,"scalar from welfare_function.calculate_welfare(physical_damage, welfare_loss=True)"
2034,rjan57 / Japan & Pacific,Sufficientarian,0.015,1.45,0.0,0.4565625,0.0,0.11155133617397249,0.7536074744971291,0.08406592073084765,"physical_damage_per_capita multiplied by JUSTICE welfare_function.calculate_discount_rate; regional time-discounting visibility, not full welfare aggregation",-4144.312094162514,"scalar from welfare_function.calculate_welfare(physical_damage, welfare_loss=True)"
2035,rjan57 / Japan & Pacific,Sufficientarian,0.015,1.45,0.0,0.4565625,0.0,0.12404514269610331,0.7424704182237725,0.09209984897620337,"physical_damage_per_capita multiplied by JUSTICE welfare_function.calculate_discount_rate; regional time-discounting visibility, not full welfare aggregation",-4144.312094162514,"scalar from welfare_function.calculate_welfare(physical_damage, welfare_loss=True)"
2036,rjan57 / Japan & Pacific,Sufficientarian,0.015,1.45,0.0,0.4565625,0.0,0.13795793200293888,0.7314979489889384,0.10091594430690522,"physical_damage_per_capita multiplied by JUSTICE welfare_function.calculate_discount_rate; regional time-discounting visibility, not full welfare aggregation",-4144.312094162514,"scalar from welfare_function.calculate_welfare(physical_damage, welfare_loss=True)"
2037,rjan57 / Japan & Pacific,Sufficientarian,0.015,1.45,0.0,0.4565625,0.0,0.1529471170210593,0.7206876344718607,0.11022709596519807,"physical_damage_per_capita multiplied by JUSTICE welfare_function.calculate_discount_rate; regional time-discounting visibility, not full welfare aggregation",-4144.312094162514,"scalar from welfare_function.calculate_welfare(physical_damage, welfare_loss=True)"
2038,rjan57 / Japan & Pacific,Sufficientarian,0.015,1.45,0.0,0.4565625,0.0,0.1684283818415932,0.7100370782973997,0.11959039614516365,"physical_damage_per_capita multiplied by JUSTICE welfare_function.calculate_discount_rate; regional time-discounting visibility, not full welfare aggregation",-4144.312094162514,"scalar from welfare_function.calculate_welfare(physical_damage, welfare_loss=True)"
2039,rjan57 / Japan & Pacific,Sufficientarian,0.015,1.45,0.0,0.4565625,0.0,0.18411249134669613,0.6995439195048273,0.12879477382646642,"physical_damage_per_capita multiplied by JUSTICE welfare_function.calculate_discount_rate; regional time-discounting visibility, not full welfare aggregation",-4144.312094162514,"scalar from welfare_function.calculate_welfare(physical_damage, welfare_loss=True)"
2040,rjan57 / Japan & Pacific,Sufficientarian,0.015,1.45,0.0,0.4565625,0.0,0.1999039185623636,0.6892058320244606,0.13777494651772382,"physical_damage_per_capita multiplied by JUSTICE welfare_function.calculate_discount_rate; regional time-discounting visibility, not full welfare aggregation",-4144.312094162514,"scalar from welfare_function.calculate_welfare(physical_damage, welfare_loss=True)"
2041,rjan57 / Japan & Pacific,Sufficientarian,0.015,1.45,0.0,0.4565625,0.0,0.21514777646988187,0.6790205241620302,0.14608975595087448,"physical_damage_per_capita multiplied by JUSTICE welfare_function.calculate_discount_rate; regional time-discounting visibility, not full welfare aggregation",-4144.312094162514,"scalar from welfare_function.calculate_welfare(physical_damage, welfare_loss=True)"
2042,rjan57 / Japan & Pacific,Sufficientarian,0.015,1.45,0.0,0.4565625,0.0,0.23019025458899411,0.6689857380906702,0.1539939973674975,"physical_damage_per_capita multiplied by JUSTICE welfare_function.calculate_discount_rate; regional time-discounting visibility, not full welfare aggregation",-4144.312094162514,"scalar from welfare_function.calculate_welfare(physical_damage, welfare_loss=True)"
2043,rjan57 / Japan & Pacific,Sufficientarian,0.015,1.45,0.0,0.4565625,0.0,0.24548760774498718,0.6590992493504141,0.16180069798954994,"physical_damage_per_capita multiplied by JUSTICE welfare_function.calculate_discount_rate; regional time-discounting visibility, not full welfare aggregation",-4144.312094162514,"scalar from welfare_function.calculate_welfare(physical_damage, welfare_loss=True)"
2044,rjan57 / Japan & Pacific,Sufficientarian,0.015,1.45,0.0,0.4565625,0.0,0.26174059330738414,0.6493588663550878,0.16996357494919104,"physical_damage_per_capita multiplied by JUSTICE welfare_function.calculate_discount_rate; regional time-discounting visibility, not full welfare aggregation",-4144.312094162514,"scalar from welfare_function.calculate_welfare(physical_damage, welfare_loss=True)"
2045,rjan57 / Japan & Pacific,Sufficientarian,0.015,1.45,0.0,0.4565625,0.0,0.27944053504344885,0.6397624299064905,0.17877555571376663,"physical_damage_per_capita multiplied by JUSTICE welfare_function.calculate_discount_rate; regional time-discounting visibility, not full welfare aggregation",-4144.312094162514,"scalar from welfare_function.calculate_welfare(physical_damage, welfare_loss=True)"
2046,rjan57 / Japan & Pacific,Sufficientarian,0.015,1.45,0.0,0.4565625,0.0,0.2981379587252719,0.6303078127157542,0.18791868465166592,"physical_damage_per_capita multiplied by JUSTICE welfare_function.calculate_discount_rate; regional time-discounting visibility, not full welfare aggregation",-4144.312094162514,"scalar from welfare_function.calculate_welfare(physical_damage, welfare_loss=True)"
2047,rjan57 / Japan & Pacific,Sufficientarian,0.015,1.45,0.0,0.4565625,0.0,0.3189764691171085,0.6209929189317777,0.19808212862758523,"physical_damage_per_capita multiplied by JUSTICE welfare_function.calculate_discount_rate; regional time-discounting visibility, not full welfare aggregation",-4144.312094162514,"scalar from welfare_function.calculate_welfare(physical_damage, welfare_loss=True)"
2048,rjan57 / Japan & Pacific,Sufficientarian,0.015,1.45,0.0,0.4565625,0.0,0.3417300587866634,0.6118156836766282,0.20907580954941682,"physical_damage_per_capita multiplied by JUSTICE welfare_function.calculate_discount_rate; regional time-discounting visibility, not full welfare aggregation",-4144.312094162514,"scalar from welfare_function.calculate_welfare(physical_damage, welfare_loss=True)"
2049,rjan57 / Japan & Pacific,Sufficientarian,0.015,1.45,0.0,0.4565625,0.0,0.3656244893315095,0.6027740725878111,0.22038896247219267,"physical_damage_per_capita multiplied by JUSTICE welfare_function.calculate_discount_rate; regional time-discounting visibility, not full welfare aggregation",-4144.312094162514,"scalar from welfare_function.calculate_welfare(physical_damage, welfare_loss=True)"
2050,rjan57 / Japan & Pacific,Sufficientarian,0.015,1.45,0.0,0.4565625,0.0,0.3898194390864622,0.5938660813673017,0.23150054273107687,"physical_damage_per_capita multiplied by JUSTICE welfare_function.calculate_discount_rate; regional time-discounting visibility, not full welfare aggregation",-4144.312094162514,"scalar from welfare_function.calculate_welfare(physical_damage, welfare_loss=True)"
2051,rjan57 / Japan & Pacific,Sufficientarian,0.015,1.45,0.0,0.4565625,0.0,0.4128191497035321,0.5850897353372431,0.24153624704218532,"physical_damage_per_capita multiplied by JUSTICE welfare_function.calculate_discount_rate; regional time-discounting visibility, not full welfare aggregation",-4144.312094162514,"scalar from welfare_function.calculate_welfare(physical_damage, welfare_loss=True)"
2052,rjan57 / Japan & Pacific,Sufficientarian,0.015,1.45,0.0,0.4565625,0.0,0.4342013387172012,0.57644308900221,0.25029236093903834,"physical_damage_per_capita multiplied by JUSTICE welfare_function.calculate_discount_rate; regional time-discounting visibility, not full welfare aggregation",-4144.312094162514,"scalar from welfare_function.calculate_welfare(physical_damage, welfare_loss=True)"
2053,rjan57 / Japan & Pacific,Sufficientarian,0.015,1.45,0.0,0.4565625,0.0,0.4552135757060953,0.5679242256179409,0.2585268174736581,"physical_damage_per_capita multiplied by JUSTICE welfare_function.calculate_discount_rate; regional time-discounting visibility, not full welfare aggregation",-4144.312094162514,"scalar from welfare_function.calculate_welfare(physical_damage, welfare_loss=True)"
2054,rjan57 / Japan & Pacific,Sufficientarian,0.015,1.45,0.0,0.4565625,0.0,0.47673723453773986,0.5595312567664443,0.2667493839882607,"physical_damage_per_capita multiplied by JUSTICE welfare_function.calculate_discount_rate; regional time-discounting visibility, not full welfare aggregation",-4144.312094162514,"scalar from welfare_function.calculate_welfare(physical_damage, welfare_loss=True)"
2055,rjan57 / Japan & Pacific,Sufficientarian,0.015,1.45,0.0,0.4565625,0.0,0.4989266435424133,0.5512623219373836,0.275039459995616,"physical_damage_per_capita multiplied by JUSTICE welfare_function.calculate_discount_rate; regional time-discounting visibility, not full welfare aggregation",-4144.312094162514,"scalar from welfare_function.calculate_welfare(physical_damage, welfare_loss=True)"
2056,rjan57 / Japan & Pacific,Sufficientarian,0.015,1.45,0.0,0.4565625,0.0,0.5227353526848816,0.543115588115649,0.2839057185022906,"physical_damage_per_capita multiplied by JUSTICE welfare_function.calculate_discount_rate; regional time-discounting visibility, not full welfare aggregation",-4144.312094162514,"scalar from welfare_function.calculate_welfare(physical_damage, welfare_loss=True)"
2057,rjan57 / Japan & Pacific,Sufficientarian,0.015,1.45,0.0,0.4565625,0.0,0.5487718253851048,0.5350892493750237,0.2936419041234773,"physical_damage_per_capita multiplied by JUSTICE welfare_function.calculate_discount_rate; regional time-discounting visibility, not full welfare aggregation",-4144.312094162514,"scalar from welfare_function.calculate_welfare(physical_damage, welfare_loss=True)"
2058,rjan57 / Japan & Pacific,Sufficientarian,0.015,1.45,0.0,0.4565625,0.0,0.5771791693609036,0.5271815264778559,0.3042781955549021,"physical_damage_per_capita multiplied by JUSTICE welfare_function.calculate_discount_rate; regional time-discounting visibility, not full welfare aggregation",-4144.312094162514,"scalar from welfare_function.calculate_welfare(physical_damage, welfare_loss=True)"
2059,rjan57 / Japan & Pacific,Sufficientarian,0.015,1.45,0.0,0.4565625,0.0,0.6063042861561057,0.5193906664806461,0.3149087872766921,"physical_damage_per_capita multiplied by JUSTICE welfare_function.calculate_discount_rate; regional time-discounting visibility, not full welfare aggregation",-4144.312094162514,"scalar from welfare_function.calculate_welfare(physical_damage, welfare_loss=True)"
2060,rjan57 / Japan & Pacific,Sufficientarian,0.015,1.45,0.0,0.4565625,0.0,0.6351700636611485,0.5117149423454643,0.3250260125059295,"physical_damage_per_capita multiplied by JUSTICE welfare_function.calculate_discount_rate; regional time-discounting visibility, not full welfare aggregation",-4144.312094162514,"scalar from welfare_function.calculate_welfare(physical_damage, welfare_loss=True)"
2061,rjan57 / Japan & Pacific,Sufficientarian,0.015,1.45,0.0,0.4565625,0.0,0.6646438368228301,0.5041526525571077,0.33508195333996327,"physical_damage_per_capita multiplied by JUSTICE welfare_function.calculate_discount_rate; regional time-discounting visibility, not full welfare aggregation",-4144.312094162514,"scalar from welfare_function.calculate_welfare(physical_damage, welfare_loss=True)"
2062,rjan57 / Japan & Pacific,Sufficientarian,0.015,1.45,0.0,0.4565625,0.0,0.6935163798372004,0.49670212074591896,0.3444710566371697,"physical_damage_per_capita multiplied by JUSTICE welfare_function.calculate_discount_rate; regional time-discounting visibility, not full welfare aggregation",-4144.312094162514,"scalar from welfare_function.calculate_welfare(physical_damage, welfare_loss=True)"
2063,rjan57 / Japan & Pacific,Sufficientarian,0.015,1.45,0.0,0.4565625,0.0,0.7213043551905431,0.4893616953161764,0.35297872209498565,"physical_damage_per_capita multiplied by JUSTICE welfare_function.calculate_discount_rate; regional time-discounting visibility, not full welfare aggregation",-4144.312094162514,"scalar from welfare_function.calculate_welfare(physical_damage, welfare_loss=True)"
2064,rjan57 / Japan & Pacific,Sufficientarian,0.015,1.45,0.0,0.4565625,0.0,0.7490498339719973,0.4821297490799768,0.36113920850131737,"physical_damage_per_capita multiplied by JUSTICE welfare_function.calculate_discount_rate; regional time-discounting visibility, not full welfare aggregation",-4144.312094162514,"scalar from welfare_function.calculate_welfare(physical_damage, welfare_loss=True)"
2065,rjan57 / Japan & Pacific,Sufficientarian,0.015,1.45,0.0,0.4565625,0.0,0.7776986286339804,0.47500467889652886,0.3694104873725547,"physical_damage_per_capita multiplied by JUSTICE welfare_function.calculate_discount_rate; regional time-discounting visibility, not full welfare aggregation",-4144.312094162514,"scalar from welfare_function.calculate_welfare(physical_damage, welfare_loss=True)"
2066,rjan57 / Japan & Pacific,Sufficientarian,0.015,1.45,0.0,0.4565625,0.0,0.8079769780164131,0.4679849053167772,0.37812102955514687,"physical_damage_per_capita multiplied by JUSTICE welfare_function.calculate_discount_rate; regional time-discounting visibility, not full welfare aggregation",-4144.312094162514,"scalar from welfare_function.calculate_welfare(physical_damage, welfare_loss=True)"
2067,rjan57 / Japan & Pacific,Sufficientarian,0.015,1.45,0.0,0.4565625,0.0,0.839823742181374,0.46106887223327814,0.38721658568229744,"physical_damage_per_capita multiplied by JUSTICE welfare_function.calculate_discount_rate; regional time-discounting visibility, not full welfare aggregation",-4144.312094162514,"scalar from welfare_function.calculate_welfare(physical_damage, welfare_loss=True)"
2068,rjan57 / Japan & Pacific,Sufficientarian,0.015,1.45,0.0,0.4565625,0.0,0.8744040923059835,0.4542550465352495,0.39720247164106715,"physical_damage_per_capita multiplied by JUSTICE welfare_function.calculate_discount_rate; regional time-discounting visibility, not full welfare aggregation",-4144.312094162514,"scalar from welfare_function.calculate_welfare(physical_damage, welfare_loss=True)"
2069,rjan57 / Japan & Pacific,Sufficientarian,0.015,1.45,0.0,0.4565625,0.0,0.9118722295618725,0.44754191776871877,0.4081010463781578,"physical_damage_per_capita multiplied by JUSTICE welfare_function.calculate_discount_rate; regional time-discounting visibility, not full welfare aggregation",-4144.312094162514,"scalar from welfare_function.calculate_welfare(physical_damage, welfare_loss=True)"
2070,rjan57 / Japan & Pacific,Sufficientarian,0.015,1.45,0.0,0.4565625,0.0,0.950492650130911,0.4409279978016934,0.41909882114744806,"physical_damage_per_capita multiplied by JUSTICE welfare_function.calculate_discount_rate; regional time-discounting visibility, not full welfare aggregation",-4144.312094162514,"scalar from welfare_function.calculate_welfare(physical_damage, welfare_loss=True)"
2071,rjan57 / Japan & Pacific,Sufficientarian,0.015,1.45,0.0,0.4565625,0.0,0.9888566821772592,0.43441182049427923,0.42957103151255605,"physical_damage_per_capita multiplied by JUSTICE welfare_function.calculate_discount_rate; regional time-discounting visibility, not full welfare aggregation",-4144.312094162514,"scalar from welfare_function.calculate_welfare(physical_damage, welfare_loss=True)"
2072,rjan57 / Japan & Pacific,Sufficientarian,0.015,1.45,0.0,0.4565625,0.0,1.0255686870456506,0.42799194137367413,0.43893513338071805,"physical_damage_per_capita multiplied by JUSTICE welfare_function.calculate_discount_rate; regional time-discounting visibility, not full welfare aggregation",-4144.312094162514,"scalar from welfare_function.calculate_welfare(physical_damage, welfare_loss=True)"
2073,rjan57 / Japan & Pacific,Sufficientarian,0.015,1.45,0.0,0.4565625,0.0,1.0608442036246066,0.42166693731396476,0.44732292630965986,"physical_damage_per_capita multiplied by JUSTICE welfare_function.calculate_discount_rate; regional time-discounting visibility, not full welfare aggregation",-4144.312094162514,"scalar from welfare_function.calculate_welfare(physical_damage, welfare_loss=True)"
2074,rjan57 / Japan & Pacific,Sufficientarian,0.015,1.45,0.0,0.4565625,0.0,1.0960014195921814,0.41543540622065495,0.4553177949666924,"physical_damage_per_capita multiplied by JUSTICE welfare_function.calculate_discount_rate; regional time-discounting visibility, not full welfare aggregation",-4144.312094162514,"scalar from welfare_function.calculate_welfare(physical_damage, welfare_loss=True)"
2075,rjan57 / Japan & Pacific,Sufficientarian,0.015,1.45,0.0,0.4565625,0.0,1.132268302167857,0.4092959667198571,0.46343284932204426,"physical_damage_per_capita multiplied by JUSTICE welfare_function.calculate_discount_rate; regional time-discounting visibility, not full welfare aggregation",-4144.312094162514,"scalar from welfare_function.calculate_welfare(physical_damage, welfare_loss=True)"
2076,rjan57 / Japan & Pacific,Sufficientarian,0.015,1.45,0.0,0.4565625,0.0,1.169703293157838,0.403247257852076,0.4716796454664411,"physical_damage_per_capita multiplied by JUSTICE welfare_function.calculate_discount_rate; regional time-discounting visibility, not full welfare aggregation",-4144.312094162514,"scalar from welfare_function.calculate_welfare(physical_damage, welfare_loss=True)"
2077,rjan57 / Japan & Pacific,Sufficientarian,0.015,1.45,0.0,0.4565625,0.0,1.2079159467207912,0.3972879387705183,0.4798904366807423,"physical_damage_per_capita multiplied by JUSTICE welfare_function.calculate_discount_rate; regional time-discounting visibility, not full welfare aggregation",-4144.312094162514,"scalar from welfare_function.calculate_welfare(physical_damage, welfare_loss=True)"
2078,rjan57 / Japan & Pacific,Sufficientarian,0.015,1.45,0.0,0.4565625,0.0,1.2472335237971515,0.39141668844386046,0.48818801560084785,"physical_damage_per_capita multiplied by JUSTICE welfare_function.calculate_discount_rate; regional time-discounting visibility, not full welfare aggregation",-4144.312094162514,"scalar from welfare_function.calculate_welfare(physical_damage, welfare_loss=True)"
2079,rjan57 / Japan & Pacific,Sufficientarian,0.015,1.45,0.0,0.4565625,0.0,1.2881569621356586,0.3856322053634093,0.49675481016260375,"physical_damage_per_capita multiplied by JUSTICE welfare_function.calculate_discount_rate; regional time-discounting visibility, not full welfare aggregation",-4144.312094162514,"scalar from welfare_function.calculate_welfare(physical_damage, welfare_loss=True)"
2080,rjan57 / Japan & Pacific,Sufficientarian,0.015,1.45,0.0,0.4565625,0.0,1.3317995296931568,0.37993320725459045,0.5059948667364762,"physical_damage_per_capita multiplied by JUSTICE welfare_function.calculate_discount_rate; regional time-discounting visibility, not full welfare aggregation",-4144.312094162514,"scalar from welfare_function.calculate_welfare(physical_damage, welfare_loss=True)"
2081,rjan57 / Japan & Pacific,Sufficientarian,0.015,1.45,0.0,0.4565625,0.0,1.3782549484483952,0.3743184307927,0.5159062295354769,"physical_damage_per_capita multiplied by JUSTICE welfare_function.calculate_discount_rate; regional time-discounting visibility, not full welfare aggregation",-4144.312094162514,"scalar from welfare_function.calculate_welfare(physical_damage, welfare_loss=True)"
2082,rjan57 / Japan & Pacific,Sufficientarian,0.015,1.45,0.0,0.4565625,0.0,1.426255184023508,0.3687866313228572,0.5259838447227914,"physical_damage_per_capita multiplied by JUSTICE welfare_function.calculate_discount_rate; regional time-discounting visibility, not full welfare aggregation",-4144.312094162514,"scalar from welfare_function.calculate_welfare(physical_damage, welfare_loss=True)"
2083,rjan57 / Japan & Pacific,Sufficientarian,0.015,1.45,0.0,0.4565625,0.0,1.4742440351283386,0.3633365825840958,0.5356467896185182,"physical_damage_per_capita multiplied by JUSTICE welfare_function.calculate_discount_rate; regional time-discounting visibility, not full welfare aggregation",-4144.312094162514,"scalar from welfare_function.calculate_welfare(physical_damage, welfare_loss=True)"
2084,rjan57 / Japan & Pacific,Sufficientarian,0.015,1.45,0.0,0.4565625,0.0,1.5216195445636795,0.35796707643753284,0.5446896998176706,"physical_damage_per_capita multiplied by JUSTICE welfare_function.calculate_discount_rate; regional time-discounting visibility, not full welfare aggregation",-4144.312094162514,"scalar from welfare_function.calculate_welfare(physical_damage, welfare_loss=True)"
2085,rjan57 / Japan & Pacific,Sufficientarian,0.015,1.45,0.0,0.4565625,0.0,1.5679768293893162,0.35267692259855454,0.5529892428948628,"physical_damage_per_capita multiplied by JUSTICE welfare_function.calculate_discount_rate; regional time-discounting visibility, not full welfare aggregation",-4144.312094162514,"scalar from welfare_function.calculate_welfare(physical_damage, welfare_loss=True)"
2086,rjan57 / Japan & Pacific,Sufficientarian,0.015,1.45,0.0,0.4565625,0.0,1.6141488906809993,0.3474649483729602,0.5608601609667444,"physical_damage_per_capita multiplied by JUSTICE welfare_function.calculate_discount_rate; regional time-discounting visibility, not full welfare aggregation",-4144.312094162514,"scalar from welfare_function.calculate_welfare(physical_damage, welfare_loss=True)"
2087,rjan57 / Japan & Pacific,Sufficientarian,0.015,1.45,0.0,0.4565625,0.0,1.6598849341812956,0.3423299983970051,0.5682284068574959,"physical_damage_per_capita multiplied by JUSTICE welfare_function.calculate_discount_rate; regional time-discounting visibility, not full welfare aggregation",-4144.312094162514,"scalar from welfare_function.calculate_welfare(physical_damage, welfare_loss=True)"
2088,rjan57 / Japan & Pacific,Sufficientarian,0.015,1.45,0.0,0.4565625,0.0,1.705270785114548,0.3372709343812859,0.5751382710686926,"physical_damage_per_capita multiplied by JUSTICE welfare_function.calculate_discount_rate; regional time-discounting visibility, not full welfare aggregation",-4144.312094162514,"scalar from welfare_function.calculate_welfare(physical_damage, welfare_loss=True)"
2089,rjan57 / Japan & Pacific,Sufficientarian,0.015,1.45,0.0,0.4565625,0.0,1.752420604571699,0.3322866348584098,0.58230594554967,"physical_damage_per_capita multiplied by JUSTICE welfare_function.calculate_discount_rate; regional time-discounting visibility, not full welfare aggregation",-4144.312094162514,"scalar from welfare_function.calculate_welfare(physical_damage, welfare_loss=True)"
2090,rjan57 / Japan & Pacific,Sufficientarian,0.015,1.45,0.0,0.4565625,0.0,1.8019673914995622,0.3273759949343939,0.5899208676315036,"physical_damage_per_capita multiplied by JUSTICE welfare_function.calculate_discount_rate; regional time-discounting visibility, not full welfare aggregation",-4144.312094162514,"scalar from welfare_function.calculate_welfare(physical_damage, welfare_loss=True)"
2091,rjan57 / Japan & Pacific,Sufficientarian,0.015,1.45,0.0,0.4565625,0.0,1.8549448252000864,0.3225379260437378,0.5982900568455997,"physical_damage_per_capita multiplied by JUSTICE welfare_function.calculate_discount_rate; regional time-discounting visibility, not full welfare aggregation",-4144.312094162514,"scalar from welfare_function.calculate_welfare(physical_damage, welfare_loss=True)"
2092,rjan57 / Japan & Pacific,Sufficientarian,0.015,1.45,0.0,0.4565625,0.0,1.9121661693857575,0.31777135570811615,0.6076316359849074,"physical_damage_per_capita multiplied by JUSTICE welfare_function.calculate_discount_rate; regional time-discounting visibility, not full welfare aggregation",-4144.312094162514,"scalar from welfare_function.calculate_welfare(physical_damage, welfare_loss=True)"
2093,rjan57 / Japan & Pacific,Sufficientarian,0.015,1.45,0.0,0.4565625,0.0,1.9724949182260416,0.3130752272986366,0.6175392948690236,"physical_damage_per_capita multiplied by JUSTICE welfare_function.calculate_discount_rate; regional time-discounting visibility, not full welfare aggregation",-4144.312094162514,"scalar from welfare_function.calculate_welfare(physical_damage, welfare_loss=True)"
2094,rjan57 / Japan & Pacific,Sufficientarian,0.015,1.45,0.0,0.4565625,0.0,2.034188732540283,0.3084484998016125,0.6274424628653938,"physical_damage_per_capita multiplied by JUSTICE welfare_function.calculate_discount_rate; regional time-discounting visibility, not full welfare aggregation",-4144.312094162514,"scalar from welfare_function.calculate_welfare(physical_damage, welfare_loss=True)"
2095,rjan57 / Japan & Pacific,Sufficientarian,0.015,1.45,0.0,0.4565625,0.0,2.094426332874928,0.30389014758779553,0.6364755274091273,"physical_damage_per_capita multiplied by JUSTICE welfare_function.calculate_discount_rate; regional time-discounting visibility, not full welfare aggregation",-4144.312094162514,"scalar from welfare_function.calculate_welfare(physical_damage, welfare_loss=True)"
2096,rjan57 / Japan & Pacific,Sufficientarian,0.015,1.45,0.0,0.4565625,0.0,2.1504050124023104,0.29939916018502033,0.6438294547709099,"physical_damage_per_capita multiplied by JUSTICE welfare_function.calculate_discount_rate; regional time-discounting visibility, not full welfare aggregation",-4144.312094162514,"scalar from welfare_function.calculate_welfare(physical_damage, welfare_loss=True)"
2097,rjan57 / Japan & Pacific,Sufficientarian,0.015,1.45,0.0,0.4565625,0.0,2.20383143225076,0.2949745420542072,0.6500741674928355,"physical_damage_per_capita multiplied by JUSTICE welfare_function.calculate_discount_rate; regional time-discounting visibility, not full welfare aggregation",-4144.312094162514,"scalar from welfare_function.calculate_welfare(physical_damage, welfare_loss=True)"
2098,rjan57 / Japan & Pacific,Sufficientarian,0.015,1.45,0.0,0.4565625,0.0,2.2566048555306053,0.2906153123686771,0.6558039249827003,"physical_damage_per_capita multiplied by JUSTICE welfare_function.calculate_discount_rate; regional time-discounting visibility, not full welfare aggregation",-4144.312094162514,"scalar from welfare_function.calculate_welfare(physical_damage, welfare_loss=True)"
2099,rjan57 / Japan & Pacific,Sufficientarian,0.015,1.45,0.0,0.4565625,0.0,2.310339298275043,0.2863205047967262,0.6614975141338245,"physical_damage_per_capita multiplied by JUSTICE welfare_function.calculate_discount_rate; regional time-discounting visibility, not full welfare aggregation",-4144.312094162514,"scalar from welfare_function.calculate_welfare(physical_damage, welfare_loss=True)"
2100,rjan57 / Japan & Pacific,Sufficientarian,0.015,1.45,0.0,0.4565625,0.0,2.3661685730832893,0.282089167287415,0.6674705224427161,"physical_damage_per_capita multiplied by JUSTICE welfare_function.calculate_discount_rate; regional time-discounting visibility, not full welfare aggregation",-4144.312094162514,"scalar from welfare_function.calculate_welfare(physical_damage, welfare_loss=True)"
2101,rjan57 / Japan & Pacific,Sufficientarian,0.015,1.45,0.0,0.4565625,0.0,2.425057154953746,0.27792036185952224,0.6739727620347686,"physical_damage_per_capita multiplied by JUSTICE welfare_function.calculate_discount_rate; regional time-discounting visibility, not full welfare aggregation",-4144.312094162514,"scalar from welfare_function.calculate_welfare(physical_damage, welfare_loss=True)"
2102,rjan57 / Japan & Pacific,Sufficientarian,0.015,1.45,0.0,0.4565625,0.0,2.4886965768733886,0.27381316439361797,0.6814378849292675,"physical_damage_per_capita multiplied by JUSTICE welfare_function.calculate_discount_rate; regional time-discounting visibility, not full welfare aggregation",-4144.312094162514,"scalar from welfare_function.calculate_welfare(physical_damage, welfare_loss=True)"
2103,rjan57 / Japan & Pacific,Sufficientarian,0.015,1.45,0.0,0.4565625,0.0,2.5569794873169753,0.26976666442720987,0.6897878273022976,"physical_damage_per_capita multiplied by JUSTICE welfare_function.calculate_discount_rate; regional time-discounting visibility, not full welfare aggregation",-4144.312094162514,"scalar from welfare_function.calculate_welfare(physical_damage, welfare_loss=True)"
2104,rjan57 / Japan & Pacific,Sufficientarian,0.015,1.45,0.0,0.4565625,0.0,2.6248416423532523,0.2657799649529161,0.6976303197116022,"physical_damage_per_capita multiplied by JUSTICE welfare_function.calculate_discount_rate; regional time-discounting visibility, not full welfare aggregation",-4144.312094162514,"scalar from welfare_function.calculate_welfare(physical_damage, welfare_loss=True)"
2105,rjan57 / Japan & Pacific,Sufficientarian,0.015,1.45,0.0,0.4565625,0.0,2.6901114199967977,0.26185218221962187,0.7044115457400872,"physical_damage_per_capita multiplied by JUSTICE welfare_function.calculate_discount_rate; regional time-discounting visibility, not full welfare aggregation",-4144.312094162514,"scalar from welfare_function.calculate_welfare(physical_damage, welfare_loss=True)"
2106,rjan57 / Japan & Pacific,Sufficientarian,0.015,1.45,0.0,0.4565625,0.0,2.753416365532912,0.25798244553657323,0.7103330875606039,"physical_damage_per_capita multiplied by JUSTICE welfare_function.calculate_discount_rate; regional time-discounting visibility, not full welfare aggregation",-4144.312094162514,"scalar from welfare_function.calculate_welfare(physical_damage, welfare_loss=True)"
2107,rjan57 / Japan & Pacific,Sufficientarian,0.015,1.45,0.0,0.4565625,0.0,2.8141955593954378,0.25416989708036775,0.7152837956955663,"physical_damage_per_capita multiplied by JUSTICE welfare_function.calculate_discount_rate; regional time-discounting visibility, not full welfare aggregation",-4144.312094162514,"scalar from welfare_function.calculate_welfare(physical_damage, welfare_loss=True)"
2108,rjan57 / Japan & Pacific,Sufficientarian,0.015,1.45,0.0,0.4565625,0.0,2.8738848816745097,0.2504136917047958,0.7196601227547144,"physical_damage_per_capita multiplied by JUSTICE welfare_function.calculate_discount_rate; regional time-discounting visibility, not full welfare aggregation",-4144.312094162514,"scalar from welfare_function.calculate_welfare(physical_damage, welfare_loss=True)"
2109,rjan57 / Japan & Pacific,Sufficientarian,0.015,1.45,0.0,0.4565625,0.0,2.9346138701251143,0.24671299675349345,0.7240073822129341,"physical_damage_per_capita multiplied by JUSTICE welfare_function.calculate_discount_rate; regional time-discounting visibility, not full welfare aggregation",-4144.312094162514,"scalar from welfare_function.calculate_welfare(physical_damage, welfare_loss=True)"
2110,rjan57 / Japan & Pacific,Sufficientarian,0.015,1.45,0.0,0.4565625,0.0,2.997399758077373,0.24306699187536304,0.728568942643808,"physical_damage_per_capita multiplied by JUSTICE welfare_function.calculate_discount_rate; regional time-discounting visibility, not full welfare aggregation",-4144.312094162514,"scalar from welfare_function.calculate_welfare(physical_damage, welfare_loss=True)"
2111,rjan57 / Japan & Pacific,Sufficientarian,0.015,1.45,0.0,0.4565625,0.0,3.0628541378885554,0.23947486884272226,0.733476592955251,"physical_damage_per_capita multiplied by JUSTICE welfare_function.calculate_discount_rate; regional time-discounting visibility, not full welfare aggregation",-4144.312094162514,"scalar from welfare_function.calculate_welfare(physical_damage, welfare_loss=True)"
2112,rjan57 / Japan & Pacific,Sufficientarian,0.015,1.45,0.0,0.4565625,0.0,3.13281849322644,0.23593583137214016,0.7391441357373956,"physical_damage_per_capita multiplied by JUSTICE welfare_function.calculate_discount_rate; regional time-discounting visibility, not full welfare aggregation",-4144.312094162514,"scalar from welfare_function.calculate_welfare(physical_damage, welfare_loss=True)"
2113,rjan57 / Japan & Pacific,Sufficientarian,0.015,1.45,0.0,0.4565625,0.0,3.2099614418029065,0.23244909494792138,0.7461526319648104,"physical_damage_per_capita multiplied by JUSTICE welfare_function.calculate_discount_rate; regional time-discounting visibility, not full welfare aggregation",-4144.312094162514,"scalar from welfare_function.calculate_welfare(physical_damage, welfare_loss=True)"
2114,rjan57 / Japan & Pacific,Sufficientarian,0.015,1.45,0.0,0.4565625,0.0,3.28921945078025,0.2290138866481984,0.7532769304620376,"physical_damage_per_capita multiplied by JUSTICE welfare_function.calculate_discount_rate; regional time-discounting visibility, not full welfare aggregation",-4144.312094162514,"scalar from welfare_function.calculate_welfare(physical_damage, welfare_loss=True)"
2115,rjan57 / Japan & Pacific,Sufficientarian,0.015,1.45,0.0,0.4565625,0.0,3.3650482222753215,0.22562944497359452,0.7592539627013617,"physical_damage_per_capita multiplied by JUSTICE welfare_function.calculate_discount_rate; regional time-discounting visibility, not full welfare aggregation",-4144.312094162514,"scalar from welfare_function.calculate_welfare(physical_damage, welfare_loss=True)"
2116,rjan57 / Japan & Pacific,Sufficientarian,0.015,1.45,0.0,0.4565625,0.0,3.435591717854263,0.2222950196784183,0.7637149285274244,"physical_damage_per_capita multiplied by JUSTICE welfare_function.calculate_discount_rate; regional time-discounting visibility, not full welfare aggregation",-4144.312094162514,"scalar from welfare_function.calculate_welfare(physical_damage, welfare_loss=True)"
2117,rjan57 / Japan & Pacific,Sufficientarian,0.015,1.45,0.0,0.4565625,0.0,3.503232174526705,0.219009871604353,0.767242428743332,"physical_damage_per_capita multiplied by JUSTICE welfare_function.calculate_discount_rate; regional time-discounting visibility, not full welfare aggregation",-4144.312094162514,"scalar from welfare_function.calculate_welfare(physical_damage, welfare_loss=True)"
2118,rjan57 / Japan & Pacific,Sufficientarian,0.015,1.45,0.0,0.4565625,0.0,3.5703382363404925,0.21577327251660394,0.7703835652463482,"physical_damage_per_capita multiplied by JUSTICE welfare_function.calculate_discount_rate; regional time-discounting visibility, not full welfare aggregation",-4144.312094162514,"scalar from welfare_function.calculate_welfare(physical_damage, welfare_loss=True)"
2119,rjan57 / Japan & Pacific,Sufficientarian,0.015,1.45,0.0,0.4565625,0.0,3.636992593377092,0.21258450494246697,0.7731682699424882,"physical_damage_per_capita multiplied by JUSTICE welfare_function.calculate_discount_rate; regional time-discounting visibility, not full welfare aggregation",-4144.312094162514,"scalar from welfare_function.calculate_welfare(physical_damage, welfare_loss=True)"
2120,rjan57 / Japan & Pacific,Sufficientarian,0.015,1.45,0.0,0.4565625,0.0,3.7053813992623588,0.20944286201228274,0.7760656851085853,"physical_damage_per_capita multiplied by JUSTICE welfare_function.calculate_discount_rate; regional time-discounting visibility, not full welfare aggregation",-4144.312094162514,"scalar from welfare_function.calculate_welfare(physical_damage, welfare_loss=True)"
2121,rjan57 / Japan & Pacific,Sufficientarian,0.015,1.45,0.0,0.4565625,0.0,3.7753191013205774,0.20634764730274166,0.7790282143746021,"physical_damage_per_capita multiplied by JUSTICE welfare_function.calculate_discount_rate; regional time-discounting visibility, not full welfare aggregation",-4144.312094162514,"scalar from welfare_function.calculate_welfare(physical_damage, welfare_loss=True)"
2122,rjan57 / Japan & Pacific,Sufficientarian,0.015,1.45,0.0,0.4565625,0.0,3.8504086557524198,0.2032981746825041,0.7827810514961813,"physical_damage_per_capita multiplied by JUSTICE welfare_function.calculate_discount_rate; regional time-discounting visibility, not full welfare aggregation",-4144.312094162514,"scalar from welfare_function.calculate_welfare(physical_damage, welfare_loss=True)"
2123,rjan57 / Japan & Pacific,Sufficientarian,0.015,1.45,0.0,0.4565625,0.0,3.9327156183865264,0.20029376816010258,0.7876984303087253,"physical_damage_per_capita multiplied by JUSTICE welfare_function.calculate_discount_rate; regional time-discounting visibility, not full welfare aggregation",-4144.312094162514,"scalar from welfare_function.calculate_welfare(physical_damage, welfare_loss=True)"
2124,rjan57 / Japan & Pacific,Sufficientarian,0.015,1.45,0.0,0.4565625,0.0,4.021055993276892,0.19733376173409123,0.7934901052967418,"physical_damage_per_capita multiplied by JUSTICE welfare_function.calculate_discount_rate; regional time-discounting visibility, not full welfare aggregation",-4144.312094162514,"scalar from welfare_function.calculate_welfare(physical_damage, welfare_loss=True)"
2125,rjan57 / Japan & Pacific,Sufficientarian,0.015,1.45,0.0,0.4565625,0.0,4.106169797521071,0.1944174992454101,0.7983112635110785,"physical_damage_per_capita multiplied by JUSTICE welfare_function.calculate_discount_rate; regional time-discounting visibility, not full welfare aggregation",-4144.312094162514,"scalar from welfare_function.calculate_welfare(physical_damage, welfare_loss=True)"
2126,rjan57 / Japan & Pacific,Sufficientarian,0.015,1.45,0.0,0.4565625,0.0,4.184630585366022,0.19154433423193118,0.801542279480511,"physical_damage_per_capita multiplied by JUSTICE welfare_function.calculate_discount_rate; regional time-discounting visibility, not full welfare aggregation",-4144.312094162514,"scalar from welfare_function.calculate_welfare(physical_damage, welfare_loss=True)"
2127,rjan57 / Japan & Pacific,Sufficientarian,0.015,1.45,0.0,0.4565625,0.0,4.2599916552225645,0.18871362978515388,0.8039184881115159,"physical_damage_per_capita multiplied by JUSTICE welfare_function.calculate_discount_rate; regional time-discounting visibility, not full welfare aggregation",-4144.312094162514,"scalar from welfare_function.calculate_welfare(physical_damage, welfare_loss=True)"
2128,rjan57 / Japan & Pacific,Sufficientarian,0.015,1.45,0.0,0.4565625,0.0,4.330292509523327,0.18592475840901862,0.8051085886735074,"physical_damage_per_capita multiplied by JUSTICE welfare_function.calculate_discount_rate; regional time-discounting visibility, not full welfare aggregation",-4144.312094162514,"scalar from welfare_function.calculate_welfare(physical_damage, welfare_loss=True)"
2129,rjan57 / Japan & Pacific,Sufficientarian,0.015,1.45,0.0,0.4565625,0.0,4.4003078847533015,0.18317710188080652,0.8060356457123717,"physical_damage_per_capita multiplied by JUSTICE welfare_function.calculate_discount_rate; regional time-discounting visibility, not full welfare aggregation",-4144.312094162514,"scalar from welfare_function.calculate_welfare(physical_damage, welfare_loss=True)"
2130,rjan57 / Japan & Pacific,Sufficientarian,0.015,1.45,0.0,0.4565625,0.0,4.472528274898177,0.18047005111409511,0.8071574063801096,"physical_damage_per_capita multiplied by JUSTICE welfare_function.calculate_discount_rate; regional time-discounting visibility, not full welfare aggregation",-4144.312094162514,"scalar from welfare_function.calculate_welfare(physical_damage, welfare_loss=True)"
2131,rjan57 / Japan & Pacific,Sufficientarian,0.015,1.45,0.0,0.4565625,0.0,4.546347749160597,0.17780300602373905,0.808354296230014,"physical_damage_per_capita multiplied by JUSTICE welfare_function.calculate_discount_rate; regional time-discounting visibility, not full welfare aggregation",-4144.312094162514,"scalar from welfare_function.calculate_welfare(physical_damage, welfare_loss=True)"
2132,rjan57 / Japan & Pacific,Sufficientarian,0.015,1.45,0.0,0.4565625,0.0,4.626403633977806,0.1751753753928464,0.8104319933008909,"physical_damage_per_capita multiplied by JUSTICE welfare_function.calculate_discount_rate; regional time-discounting visibility, not full welfare aggregation",-4144.312094162514,"scalar from welfare_function.calculate_welfare(physical_damage, welfare_loss=True)"
2133,rjan57 / Japan & Pacific,Sufficientarian,0.015,1.45,0.0,0.4565625,0.0,4.71749592153387,0.1725865767417206,0.8141764718905592,"physical_damage_per_capita multiplied by JUSTICE welfare_function.calculate_discount_rate; regional time-discounting visibility, not full welfare aggregation",-4144.312094162514,"scalar from welfare_function.calculate_welfare(physical_damage, welfare_loss=True)"
2134,rjan57 / Japan & Pacific,Sufficientarian,0.015,1.45,0.0,0.4565625,0.0,4.813004855516701,0.1700360361987395,0.8183842678373467,"physical_damage_per_capita multiplied by JUSTICE welfare_function.calculate_discount_rate; regional time-discounting visibility, not full welfare aggregation",-4144.312094162514,"scalar from welfare_function.calculate_welfare(physical_damage, welfare_loss=True)"
2135,rjan57 / Japan & Pacific,Sufficientarian,0.015,1.45,0.0,0.4565625,0.0,4.904567875840534,0.16752318837314237,0.8216288481532966,"physical_damage_per_capita multiplied by JUSTICE welfare_function.calculate_discount_rate; regional time-discounting visibility, not full welfare aggregation",-4144.312094162514,"scalar from welfare_function.calculate_welfare(physical_damage, welfare_loss=True)"
2136,rjan57 / Japan & Pacific,Sufficientarian,0.015,1.45,0.0,0.4565625,0.0,4.9886569517270845,0.16504747622969693,0.8233652396582883,"physical_damage_per_capita multiplied by JUSTICE welfare_function.calculate_discount_rate; regional time-discounting visibility, not full welfare aggregation",-4144.312094162514,"scalar from welfare_function.calculate_welfare(physical_damage, welfare_loss=True)"
2137,rjan57 / Japan & Pacific,Sufficientarian,0.015,1.45,0.0,0.4565625,0.0,5.065053203579455,0.1626083509652187,0.8236199489851533,"physical_damage_per_capita multiplied by JUSTICE welfare_function.calculate_discount_rate; regional time-discounting visibility, not full welfare aggregation",-4144.312094162514,"scalar from welfare_function.calculate_welfare(physical_damage, welfare_loss=True)"
2138,rjan57 / Japan & Pacific,Sufficientarian,0.015,1.45,0.0,0.4565625,0.0,5.135648158865552,0.16020527188691497,0.82275790960659,"physical_damage_per_capita multiplied by JUSTICE welfare_function.calculate_discount_rate; regional time-discounting visibility, not full welfare aggregation",-4144.312094162514,"scalar from welfare_function.calculate_welfare(physical_damage, welfare_loss=True)"
2139,rjan57 / Japan & Pacific,Sufficientarian,0.015,1.45,0.0,0.4565625,0.0,5.206153010780819,0.15783770629252708,0.8217272498295786,"physical_damage_per_capita multiplied by JUSTICE welfare_function.calculate_discount_rate; regional time-discounting visibility, not full welfare aggregation",-4144.312094162514,"scalar from welfare_function.calculate_welfare(physical_damage, welfare_loss=True)"
2140,rjan57 / Japan & Pacific,Sufficientarian,0.015,1.45,0.0,0.4565625,0.0,5.280224799160658,0.15550512935224345,0.8211020404024019,"physical_damage_per_capita multiplied by JUSTICE welfare_function.calculate_discount_rate; regional time-discounting visibility, not full welfare aggregation",-4144.312094162514,"scalar from welfare_function.calculate_welfare(physical_damage, welfare_loss=True)"
2141,rjan57 / Japan & Pacific,Sufficientarian,0.015,1.45,0.0,0.4565625,0.0,5.354388530610784,0.15320702399235808,0.8203299320736933,"physical_damage_per_capita multiplied by JUSTICE welfare_function.calculate_discount_rate; regional time-discounting visibility, not full welfare aggregation",-4144.312094162514,"scalar from welfare_function.calculate_welfare(physical_damage, welfare_loss=True)"
2142,rjan57 / Japan & Pacific,Sufficientarian,0.015,1.45,0.0,0.4565625,0.0,5.43167418260184,0.15094288078064838,0.8198725485837953,"physical_damage_per_capita multiplied by JUSTICE welfare_function.calculate_discount_rate; regional time-discounting visibility, not full welfare aggregation",-4144.312094162514,"scalar from welfare_function.calculate_welfare(physical_damage, welfare_loss=True)"
2143,rjan57 / Japan & Pacific,Sufficientarian,0.015,1.45,0.0,0.4565625,0.0,5.514874376744741,0.1487121978134467,0.8201290892307724,"physical_damage_per_capita multiplied by JUSTICE welfare_function.calculate_discount_rate; regional time-discounting visibility, not full welfare aggregation",-4144.312094162514,"scalar from welfare_function.calculate_welfare(physical_damage, welfare_loss=True)"
2144,rjan57 / Japan & Pacific,Sufficientarian,0.015,1.45,0.0,0.4565625,0.0,5.604467901789238,0.146514480604381,0.8211357036945751,"physical_damage_per_capita multiplied by JUSTICE welfare_function.calculate_discount_rate; regional time-discounting visibility, not full welfare aggregation",-4144.312094162514,"scalar from welfare_function.calculate_welfare(physical_damage, welfare_loss=True)"
2145,rjan57 / Japan & Pacific,Sufficientarian,0.015,1.45,0.0,0.4565625,0.0,5.694588800903803,0.14434924197475962,0.8220095767684193,"physical_damage_per_capita multiplied by JUSTICE welfare_function.calculate_discount_rate; regional time-discounting visibility, not full welfare aggregation",-4144.312094162514,"scalar from welfare_function.calculate_welfare(physical_damage, welfare_loss=True)"
2146,rjan57 / Japan & Pacific,Sufficientarian,0.015,1.45,0.0,0.4565625,0.0,5.779520029099372,0.142216001945576,0.8219402317028917,"physical_damage_per_capita multiplied by JUSTICE welfare_function.calculate_discount_rate; regional time-discounting visibility, not full welfare aggregation",-4144.312094162514,"scalar from welfare_function.calculate_welfare(physical_damage, welfare_loss=True)"
2147,rjan57 / Japan & Pacific,Sufficientarian,0.015,1.45,0.0,0.4565625,0.0,5.8625125876793875,0.14011428763110936,0.8214217749511089,"physical_damage_per_capita multiplied by JUSTICE welfare_function.calculate_discount_rate; regional time-discounting visibility, not full welfare aggregation",-4144.312094162514,"scalar from welfare_function.calculate_welfare(physical_damage, welfare_loss=True)"
2148,rjan57 / Japan & Pacific,Sufficientarian,0.015,1.45,0.0,0.4565625,0.0,5.940866902933409,0.1380436331340979,0.8200988512470438,"physical_damage_per_capita multiplied by JUSTICE welfare_function.calculate_discount_rate; regional time-discounting visibility, not full welfare aggregation",-4144.312094162514,"scalar from welfare_function.calculate_welfare(physical_damage, welfare_loss=True)"
2149,rjan57 / Japan & Pacific,Sufficientarian,0.015,1.45,0.0,0.4565625,0.0,6.017271085138427,0.136003579442461,0.8183704060544476,"physical_damage_per_capita multiplied by JUSTICE welfare_function.calculate_discount_rate; regional time-discounting visibility, not full welfare aggregation",-4144.312094162514,"scalar from welfare_function.calculate_welfare(physical_damage, welfare_loss=True)"
2150,rjan57 / Japan & Pacific,Sufficientarian,0.015,1.45,0.0,0.4565625,0.0,6.0940385903018015,0.1339936743275478,0.8165626222084081,"physical_damage_per_capita multiplied by JUSTICE welfare_function.calculate_discount_rate; regional time-discounting visibility, not full welfare aggregation",-4144.312094162514,"scalar from welfare_function.calculate_welfare(physical_damage, welfare_loss=True)"
2151,rjan57 / Japan & Pacific,Sufficientarian,0.015,1.45,0.0,0.4565625,0.0,6.167014146658302,0.13201347224388946,0.8141289508775494,"physical_damage_per_capita multiplied by JUSTICE welfare_function.calculate_discount_rate; regional time-discounting visibility, not full welfare aggregation",-4144.312094162514,"scalar from welfare_function.calculate_welfare(physical_damage, welfare_loss=True)"
2152,rjan57 / Japan & Pacific,Sufficientarian,0.015,1.45,0.0,0.4565625,0.0,6.241155512118644,0.13006253423043299,0.8117405024323867,"physical_damage_per_capita multiplied by JUSTICE welfare_function.calculate_discount_rate; regional time-discounting visibility, not full welfare aggregation",-4144.312094162514,"scalar from welfare_function.calculate_welfare(physical_damage, welfare_loss=True)"
2153,rjan57 / Japan & Pacific,Sufficientarian,0.015,1.45,0.0,0.4565625,0.0,6.317231853962029,0.12814042781323448,0.8094927923620867,"physical_damage_per_capita multiplied by JUSTICE welfare_function.calculate_discount_rate; regional time-discounting visibility, not full welfare aggregation",-4144.312094162514,"scalar from welfare_function.calculate_welfare(physical_damage, welfare_loss=True)"
2154,rjan57 / Japan & Pacific,Sufficientarian,0.015,1.45,0.0,0.4565625,0.0,6.398203904818363,0.12624672690959063,0.8077523010834803,"physical_damage_per_capita multiplied by JUSTICE welfare_function.calculate_discount_rate; regional time-discounting visibility, not full welfare aggregation",-4144.312094162514,"scalar from welfare_function.calculate_welfare(physical_damage, welfare_loss=True)"
2155,rjan57 / Japan & Pacific,Sufficientarian,0.015,1.45,0.0,0.4565625,0.0,6.488291344895926,0.12438101173358686,0.8070202419004303,"physical_damage_per_capita multiplied by JUSTICE welfare_function.calculate_discount_rate; regional time-discounting visibility, not full welfare aggregation",-4144.312094162514,"scalar from welfare_function.calculate_welfare(physical_damage, welfare_loss=True)"
2156,rjan57 / Japan & Pacific,Sufficientarian,0.015,1.45,0.0,0.4565625,0.0,6.581368039103507,0.12254286870304124,0.8064997195022531,"physical_damage_per_capita multiplied by JUSTICE welfare_function.calculate_discount_rate; regional time-discounting visibility, not full welfare aggregation",-4144.312094162514,"scalar from welfare_function.calculate_welfare(physical_damage, welfare_loss=True)"
2157,rjan57 / Japan & Pacific,Sufficientarian,0.015,1.45,0.0,0.4565625,0.0,6.670986506965983,0.12073189034782389,0.8054008114708298,"physical_damage_per_capita multiplied by JUSTICE welfare_function.calculate_discount_rate; regional time-discounting visibility, not full welfare aggregation",-4144.312094162514,"scalar from welfare_function.calculate_welfare(physical_damage, welfare_loss=True)"
2158,rjan57 / Japan & Pacific,Sufficientarian,0.015,1.45,0.0,0.4565625,0.0,6.75294120572911,0.11894767521953095,0.8032466573156539,"physical_damage_per_capita multiplied by JUSTICE welfare_function.calculate_discount_rate; regional time-discounting visibility, not full welfare aggregation",-4144.312094162514,"scalar from welfare_function.calculate_welfare(physical_damage, welfare_loss=True)"
2159,rjan57 / Japan & Pacific,Sufficientarian,0.015,1.45,0.0,0.4565625,0.0,6.8284871140104615,0.11718982780249355,0.8002292290424321,"physical_damage_per_capita multiplied by JUSTICE welfare_function.calculate_discount_rate; regional time-discounting visibility, not full welfare aggregation",-4144.312094162514,"scalar from welfare_function.calculate_welfare(physical_damage, welfare_loss=True)"
2160,rjan57 / Japan & Pacific,Sufficientarian,0.015,1.45,0.0,0.4565625,0.0,6.897446370210848,0.11545795842610204,0.7963650762580725,"physical_damage_per_capita multiplied by JUSTICE welfare_function.calculate_discount_rate; regional time-discounting visibility, not full welfare aggregation",-4144.312094162514,"scalar from welfare_function.calculate_welfare(physical_damage, welfare_loss=True)"
2161,rjan57 / Japan & Pacific,Sufficientarian,0.015,1.45,0.0,0.4565625,0.0,6.958461058458402,0.11375168317842566,0.7915366577311727,"physical_damage_per_capita multiplied by JUSTICE welfare_function.calculate_discount_rate; regional time-discounting visibility, not full welfare aggregation",-4144.312094162514,"scalar from welfare_function.calculate_welfare(physical_damage, welfare_loss=True)"
2162,rjan57 / Japan & Pacific,Sufficientarian,0.015,1.45,0.0,0.4565625,0.0,7.019726872307336,0.11207062382110904,0.7867051696332857,"physical_damage_per_capita multiplied by JUSTICE welfare_function.calculate_discount_rate; regional time-discounting visibility, not full welfare aggregation",-4144.312094162514,"scalar from welfare_function.calculate_welfare(physical_damage, welfare_loss=True)"
2163,rjan57 / Japan & Pacific,Sufficientarian,0.015,1.45,0.0,0.4565625,0.0,7.0848909676846565,0.11041440770552614,0.7822740398551333,"physical_damage_per_capita multiplied by JUSTICE welfare_function.calculate_discount_rate; regional time-discounting visibility, not full welfare aggregation",-4144.312094162514,"scalar from welfare_function.calculate_welfare(physical_damage, welfare_loss=True)"
2164,rjan57 / Japan & Pacific,Sufficientarian,0.015,1.45,0.0,0.4565625,0.0,7.157334793929209,0.10878266769017356,0.778593972435318,"physical_damage_per_capita multiplied by JUSTICE welfare_function.calculate_discount_rate; regional time-discounting visibility, not full welfare aggregation",-4144.312094162514,"scalar from welfare_function.calculate_welfare(physical_damage, welfare_loss=True)"
2165,rjan57 / Japan & Pacific,Sufficientarian,0.015,1.45,0.0,0.4565625,0.0,7.240227781854122,0.10717504205928431,0.7759717170390142,"physical_damage_per_capita multiplied by JUSTICE welfare_function.calculate_discount_rate; regional time-discounting visibility, not full welfare aggregation",-4144.312094162514,"scalar from welfare_function.calculate_welfare(physical_damage, welfare_loss=True)"
2166,rjan57 / Japan & Pacific,Sufficientarian,0.015,1.45,0.0,0.4565625,0.0,7.327600120996998,0.10559117444264465,0.773729902622138,"physical_damage_per_capita multiplied by JUSTICE welfare_function.calculate_discount_rate; regional time-discounting visibility, not full welfare aggregation",-4144.312094162514,"scalar from welfare_function.calculate_welfare(physical_damage, welfare_loss=True)"
2167,rjan57 / Japan & Pacific,Sufficientarian,0.015,1.45,0.0,0.4565625,0.0,7.409778111408216,0.10403071373659573,0.770844505559601,"physical_damage_per_capita multiplied by JUSTICE welfare_function.calculate_discount_rate; regional time-discounting visibility, not full welfare aggregation",-4144.312094162514,"scalar from welfare_function.calculate_welfare(physical_damage, welfare_loss=True)"
2168,rjan57 / Japan & Pacific,Sufficientarian,0.015,1.45,0.0,0.4565625,0.0,7.483177279645798,0.10249331402620268,0.7669756388364819,"physical_damage_per_capita multiplied by JUSTICE welfare_function.calculate_discount_rate; regional time-discounting visibility, not full welfare aggregation",-4144.312094162514,"scalar from welfare_function.calculate_welfare(physical_damage, welfare_loss=True)"
2169,rjan57 / Japan & Pacific,Sufficientarian,0.015,1.45,0.0,0.4565625,0.0,7.547977375234557,0.10097863450857408,0.7621844486527967,"physical_damage_per_capita multiplied by JUSTICE welfare_function.calculate_discount_rate; regional time-discounting visibility, not full welfare aggregation",-4144.312094162514,"scalar from welfare_function.calculate_welfare(physical_damage, welfare_loss=True)"
2170,rjan57 / Japan & Pacific,Sufficientarian,0.015,1.45,0.0,0.4565625,0.0,7.602555677370243,0.09948633941731437,0.7563504345578864,"physical_damage_per_capita multiplied by JUSTICE welfare_function.calculate_discount_rate; regional time-discounting visibility, not full welfare aggregation",-4144.312094162514,"scalar from welfare_function.calculate_welfare(physical_damage, welfare_loss=True)"
2171,rjan57 / Japan & Pacific,Sufficientarian,0.015,1.45,0.0,0.4565625,0.0,7.650572900154326,0.09801609794809299,0.7498793027405523,"physical_damage_per_capita multiplied by JUSTICE welfare_function.calculate_discount_rate; regional time-discounting visibility, not full welfare aggregation",-4144.312094162514,"scalar from welfare_function.calculate_welfare(physical_damage, welfare_loss=True)"
2172,rjan57 / Japan & Pacific,Sufficientarian,0.015,1.45,0.0,0.4565625,0.0,7.700283686124968,0.09656758418531329,0.7435977931106674,"physical_damage_per_capita multiplied by JUSTICE welfare_function.calculate_discount_rate; regional time-discounting visibility, not full welfare aggregation",-4144.312094162514,"scalar from welfare_function.calculate_welfare(physical_damage, welfare_loss=True)"
2173,rjan57 / Japan & Pacific,Sufficientarian,0.015,1.45,0.0,0.4565625,0.0,7.753222915837354,0.09514047702986533,0.7376453267316493,"physical_damage_per_capita multiplied by JUSTICE welfare_function.calculate_discount_rate; regional time-discounting visibility, not full welfare aggregation",-4144.312094162514,"scalar from welfare_function.calculate_welfare(physical_damage, welfare_loss=True)"
2174,rjan57 / Japan & Pacific,Sufficientarian,0.015,1.45,0.0,0.4565625,0.0,7.8113696253904665,0.09373446012794615,0.7321945146958123,"physical_damage_per_capita multiplied by JUSTICE welfare_function.calculate_discount_rate; regional time-discounting visibility, not full welfare aggregation",-4144.312094162514,"scalar from welfare_function.calculate_welfare(physical_damage, welfare_loss=True)"
2175,rjan57 / Japan & Pacific,Sufficientarian,0.015,1.45,0.0,0.4565625,0.0,7.8788221040180595,0.09234922180093218,0.7276030900140509,"physical_damage_per_capita multiplied by JUSTICE welfare_function.calculate_discount_rate; regional time-discounting visibility, not full welfare aggregation",-4144.312094162514,"scalar from welfare_function.calculate_welfare(physical_damage, welfare_loss=True)"
2176,rjan57 / Japan & Pacific,Sufficientarian,0.015,1.45,0.0,0.4565625,0.0,7.94767403849425,0.09098445497628786,0.723114790721592,"physical_damage_per_capita multiplied by JUSTICE welfare_function.calculate_discount_rate; regional time-discounting visibility, not full welfare aggregation",-4144.312094162514,"scalar from welfare_function.calculate_welfare(physical_damage, welfare_loss=True)"
2177,rjan57 / Japan & Pacific,Sufficientarian,0.015,1.45,0.0,0.4565625,0.0,8.016139592756574,0.08963985711949544,0.7185656077446296,"physical_damage_per_capita multiplied by JUSTICE welfare_function.calculate_discount_rate; regional time-discounting visibility, not full welfare aggregation",-4144.312094162514,"scalar from welfare_function.calculate_welfare(physical_damage, welfare_loss=True)"
2178,rjan57 / Japan & Pacific,Sufficientarian,0.015,1.45,0.0,0.4565625,0.0,8.080649774814058,0.0883151301669906,0.7136436366965667,"physical_damage_per_capita multiplied by JUSTICE welfare_function.calculate_discount_rate; regional time-discounting visibility, not full welfare aggregation",-4144.312094162514,"scalar from welfare_function.calculate_welfare(physical_damage, welfare_loss=True)"
2179,rjan57 / Japan & Pacific,Sufficientarian,0.015,1.45,0.0,0.4565625,0.0,8.136458617589783,0.08700998046008926,0.7079531053308119,"physical_damage_per_capita multiplied by JUSTICE welfare_function.calculate_discount_rate; regional time-discounting visibility, not full welfare aggregation",-4144.312094162514,"scalar from welfare_function.calculate_welfare(physical_damage, welfare_loss=True)"
2180,rjan57 / Japan & Pacific,Sufficientarian,0.015,1.45,0.0,0.4565625,0.0,8.182747481559659,0.08572411867989091,0.7014588162367986,"physical_damage_per_capita multiplied by JUSTICE welfare_function.calculate_discount_rate; regional time-discounting visibility, not full welfare aggregation",-4144.312094162514,"scalar from welfare_function.calculate_welfare(physical_damage, welfare_loss=True)"
2181,rjan57 / Japan & Pacific,Sufficientarian,0.015,1.45,0.0,0.4565625,0.0,8.219573000958514,0.08445725978314376,0.6942026122484678,"physical_damage_per_capita multiplied by JUSTICE welfare_function.calculate_discount_rate; regional time-discounting visibility, not full welfare aggregation",-4144.312094162514,"scalar from welfare_function.calculate_welfare(physical_damage, welfare_loss=True)"
2182,rjan57 / Japan & Pacific,Sufficientarian,0.015,1.45,0.0,0.4565625,0.0,8.255542065084404,0.0832091229390579,0.686936414622172,"physical_damage_per_capita multiplied by JUSTICE welfare_function.calculate_discount_rate; regional time-discounting visibility, not full welfare aggregation",-4144.312094162514,"scalar from welfare_function.calculate_welfare(physical_damage, welfare_loss=True)"
2183,rjan57 / Japan & Pacific,Sufficientarian,0.015,1.45,0.0,0.4565625,0.0,8.291515850450942,0.08197943146705212,0.6797337554200195,"physical_damage_per_capita multiplied by JUSTICE welfare_function.calculate_discount_rate; regional time-discounting visibility, not full welfare aggregation",-4144.312094162514,"scalar from welfare_function.calculate_welfare(physical_damage, welfare_loss=True)"
2184,rjan57 / Japan & Pacific,Sufficientarian,0.015,1.45,0.0,0.4565625,0.0,8.328395449801526,0.08076791277542082,0.6726671172487814,"physical_damage_per_capita multiplied by JUSTICE welfare_function.calculate_discount_rate; regional time-discounting visibility, not full welfare aggregation",-4144.312094162514,"scalar from welfare_function.calculate_welfare(physical_damage, welfare_loss=True)"
2185,rjan57 / Japan & Pacific,Sufficientarian,0.015,1.45,0.0,0.4565625,0.0,8.366456809813537,0.07957429830090723,0.665754929905759,"physical_damage_per_capita multiplied by JUSTICE welfare_function.calculate_discount_rate; regional time-discounting visibility, not full welfare aggregation",-4144.312094162514,"scalar from welfare_function.calculate_welfare(physical_damage, welfare_loss=True)"
2186,rjan57 / Japan & Pacific,Sufficientarian,0.015,1.45,0.0,0.4565625,0.0,8.401933318442644,0.07839832344916968,0.658697485897622,"physical_damage_per_capita multiplied by JUSTICE welfare_function.calculate_discount_rate; regional time-discounting visibility, not full welfare aggregation",-4144.312094162514,"scalar from welfare_function.calculate_welfare(physical_damage, welfare_loss=True)"
2187,rjan57 / Japan & Pacific,Sufficientarian,0.015,1.45,0.0,0.4565625,0.0,8.441997290140694,0.07723972753612778,0.6520575705511963,"physical_damage_per_capita multiplied by JUSTICE welfare_function.calculate_discount_rate; regional time-discounting visibility, not full welfare aggregation",-4144.312094162514,"scalar from welfare_function.calculate_welfare(physical_damage, welfare_loss=True)"
2188,rjan57 / Japan & Pacific,Sufficientarian,0.015,1.45,0.0,0.4565625,0.0,8.490401145552891,0.07609825373017516,0.6461047006452537,"physical_damage_per_capita multiplied by JUSTICE welfare_function.calculate_discount_rate; regional time-discounting visibility, not full welfare aggregation",-4144.312094162514,"scalar from welfare_function.calculate_welfare(physical_damage, welfare_loss=True)"
2189,rjan57 / Japan & Pacific,Sufficientarian,0.015,1.45,0.0,0.4565625,0.0,8.540955093375654,0.07497364899524647,0.6403465692549088,"physical_damage_per_capita multiplied by JUSTICE welfare_function.calculate_discount_rate; regional time-discounting visibility, not full welfare aggregation",-4144.312094162514,"scalar from welfare_function.calculate_welfare(physical_damage, welfare_loss=True)"
2190,rjan57 / Japan & Pacific,Sufficientarian,0.015,1.45,0.0,0.4565625,0.0,8.587132660718627,0.07386566403472558,0.6342942561382613,"physical_damage_per_capita multiplied by JUSTICE welfare_function.calculate_discount_rate; regional time-discounting visibility, not full welfare aggregation",-4144.312094162514,"scalar from welfare_function.calculate_welfare(physical_damage, welfare_loss=True)"
2191,rjan57 / Japan & Pacific,Sufficientarian,0.015,1.45,0.0,0.4565625,0.0,8.626009088484249,0.07277405323618286,0.6277496446211499,"physical_damage_per_capita multiplied by JUSTICE welfare_function.calculate_discount_rate; regional time-discounting visibility, not full welfare aggregation",-4144.312094162514,"scalar from welfare_function.calculate_welfare(physical_damage, welfare_loss=True)"
2192,rjan57 / Japan & Pacific,Sufficientarian,0.015,1.45,0.0,0.4565625,0.0,8.656970731871047,0.07169857461692893,0.6206924619756261,"physical_damage_per_capita multiplied by JUSTICE welfare_function.calculate_discount_rate; regional time-discounting visibility, not full welfare aggregation",-4144.312094162514,"scalar from welfare_function.calculate_welfare(physical_damage, welfare_loss=True)"
2193,rjan57 / Japan & Pacific,Sufficientarian,0.015,1.45,0.0,0.4565625,0.0,8.677727845209253,0.07063898977037333,0.6129859284878202,"physical_damage_per_capita multiplied by JUSTICE welfare_function.calculate_discount_rate; regional time-discounting visibility, not full welfare aggregation",-4144.312094162514,"scalar from welfare_function.calculate_welfare(physical_damage, welfare_loss=True)"
2194,rjan57 / Japan & Pacific,Sufficientarian,0.015,1.45,0.0,0.4565625,0.0,8.695286564409214,0.0695950638131757,0.6051490233239086,"physical_damage_per_capita multiplied by JUSTICE welfare_function.calculate_discount_rate; regional time-discounting visibility, not full welfare aggregation",-4144.312094162514,"scalar from welfare_function.calculate_welfare(physical_damage, welfare_loss=True)"
2195,rjan57 / Japan & Pacific,Sufficientarian,0.015,1.45,0.0,0.4565625,0.0,8.71444585039771,0.06856656533317804,0.5975196207437368,"physical_damage_per_capita multiplied by JUSTICE welfare_function.calculate_discount_rate; regional time-discounting visibility, not full welfare aggregation",-4144.312094162514,"scalar from welfare_function.calculate_welfare(physical_damage, welfare_loss=True)"
2196,rjan57 / Japan & Pacific,Sufficientarian,0.015,1.45,0.0,0.4565625,0.0,8.730754274028172,0.06755326633810645,0.5897909688059862,"physical_damage_per_capita multiplied by JUSTICE welfare_function.calculate_discount_rate; regional time-discounting visibility, not full welfare aggregation",-4144.312094162514,"scalar from welfare_function.calculate_welfare(physical_damage, welfare_loss=True)"
2197,rjan57 / Japan & Pacific,Sufficientarian,0.015,1.45,0.0,0.4565625,0.0,8.750371754780394,0.066554942205031,0.5823804864119448,"physical_damage_per_capita multiplied by JUSTICE welfare_function.calculate_discount_rate; regional time-discounting visibility, not full welfare aggregation",-4144.312094162514,"scalar from welfare_function.calculate_welfare(physical_damage, welfare_loss=True)"
2198,rjan57 / Japan & Pacific,Sufficientarian,0.015,1.45,0.0,0.4565625,0.0,8.77802314886534,0.0655713716305724,0.5755870180760166,"physical_damage_per_capita multiplied by JUSTICE welfare_function.calculate_discount_rate; regional time-discounting visibility, not full welfare aggregation",-4144.312094162514,"scalar from welfare_function.calculate_welfare(physical_damage, welfare_loss=True)"
2199,rjan57 / Japan & Pacific,Sufficientarian,0.015,1.45,0.0,0.4565625,0.0,8.814397368584661,0.06460233658184475,0.569430665571433,"physical_damage_per_capita multiplied by JUSTICE welfare_function.calculate_discount_rate; regional time-discounting visibility, not full welfare aggregation",-4144.312094162514,"scalar from welfare_function.calculate_welfare(physical_damage, welfare_loss=True)"
2200,rjan57 / Japan & Pacific,Sufficientarian,0.015,1.45,0.0,0.4565625,0.0,8.852182119486496,0.06364762224812291,0.5634203436126646,"physical_damage_per_capita multiplied by JUSTICE welfare_function.calculate_discount_rate; regional time-discounting visibility, not full welfare aggregation",-4144.312094162514,"scalar from welfare_function.calculate_welfare(physical_damage, welfare_loss=True)"
2201,rjan57 / Japan & Pacific,Sufficientarian,0.015,1.45,0.0,0.4565625,0.0,8.883754211462335,0.06270701699322455,0.5570737263017989,"physical_damage_per_capita multiplied by JUSTICE welfare_function.calculate_discount_rate; regional time-discounting visibility, not full welfare aggregation",-4144.312094162514,"scalar from welfare_function.calculate_welfare(physical_damage, welfare_loss=True)"
2202,rjan57 / Japan & Pacific,Sufficientarian,0.015,1.45,0.0,0.4565625,0.0,8.904225927058205,0.06178031230859562,0.5501058586399502,"physical_damage_per_capita multiplied by JUSTICE welfare_function.calculate_discount_rate; regional time-discounting visibility, not full welfare aggregation",-4144.312094162514,"scalar from welfare_function.calculate_welfare(physical_damage, welfare_loss=True)"
2203,rjan57 / Japan & Pacific,Sufficientarian,0.015,1.45,0.0,0.4565625,0.0,8.915354579642234,0.06086730276708929,0.5426535864750399,"physical_damage_per_capita multiplied by JUSTICE welfare_function.calculate_discount_rate; regional time-discounting visibility, not full welfare aggregation",-4144.312094162514,"scalar from welfare_function.calculate_welfare(physical_damage, welfare_loss=True)"
2204,rjan57 / Japan & Pacific,Sufficientarian,0.015,1.45,0.0,0.4565625,0.0,8.922707210390373,0.05996778597742788,0.5350749963319424,"physical_damage_per_capita multiplied by JUSTICE welfare_function.calculate_discount_rate; regional time-discounting visibility, not full welfare aggregation",-4144.312094162514,"scalar from welfare_function.calculate_welfare(physical_damage, welfare_loss=True)"
2205,rjan57 / Japan & Pacific,Sufficientarian,0.015,1.45,0.0,0.4565625,0.0,8.93167369775733,0.059081562539337815,0.5276972381550082,"physical_damage_per_capita multiplied by JUSTICE welfare_function.calculate_discount_rate; regional time-discounting visibility, not full welfare aggregation",-4144.312094162514,"scalar from welfare_function.calculate_welfare(physical_damage, welfare_loss=True)"
2206,rjan57 / Japan & Pacific,Sufficientarian,0.015,1.45,0.0,0.4565625,0.0,8.9412650429628,0.0582084359993476,0.5204570540065041,"physical_damage_per_capita multiplied by JUSTICE welfare_function.calculate_discount_rate; regional time-discounting visibility, not full welfare aggregation",-4144.312094162514,"scalar from welfare_function.calculate_welfare(physical_damage, welfare_loss=True)"
2207,rjan57 / Japan & Pacific,Sufficientarian,0.015,1.45,0.0,0.4565625,0.0,8.950601231596659,0.05734821280723902,0.5133009841823408,"physical_damage_per_capita multiplied by JUSTICE welfare_function.calculate_discount_rate; regional time-discounting visibility, not full welfare aggregation",-4144.312094162514,"scalar from welfare_function.calculate_welfare(physical_damage, welfare_loss=True)"
2208,rjan57 / Japan & Pacific,Sufficientarian,0.015,1.45,0.0,0.4565625,0.0,8.961043013102175,0.056500702273141905,0.5063052233401044,"physical_damage_per_capita multiplied by JUSTICE welfare_function.calculate_discount_rate; regional time-discounting visibility, not full welfare aggregation",-4144.312094162514,"scalar from welfare_function.calculate_welfare(physical_damage, welfare_loss=True)"
2209,rjan57 / Japan & Pacific,Sufficientarian,0.015,1.45,0.0,0.4565625,0.0,8.97409108598662,0.055665716525262955,0.49954921046442036,"physical_damage_per_capita multiplied by JUSTICE welfare_function.calculate_discount_rate; regional time-discounting visibility, not full welfare aggregation",-4144.312094162514,"scalar from welfare_function.calculate_welfare(physical_damage, welfare_loss=True)"
2210,rjan57 / Japan & Pacific,Sufficientarian,0.015,1.45,0.0,0.4565625,0.0,8.993459893528474,0.05484307046823938,0.4932289546940667,"physical_damage_per_capita multiplied by JUSTICE welfare_function.calculate_discount_rate; regional time-discounting visibility, not full welfare aggregation",-4144.312094162514,"scalar from welfare_function.calculate_welfare(physical_damage, welfare_loss=True)"
2211,rjan57 / Japan & Pacific,Sufficientarian,0.015,1.45,0.0,0.4565625,0.0,9.01960646267237,0.05403258174210777,0.4873526234759883,"physical_damage_per_capita multiplied by JUSTICE welfare_function.calculate_discount_rate; regional time-discounting visibility, not full welfare aggregation",-4144.312094162514,"scalar from welfare_function.calculate_welfare(physical_damage, welfare_loss=True)"
2212,rjan57 / Japan & Pacific,Sufficientarian,0.015,1.45,0.0,0.4565625,0.0,9.047963818362168,0.05323407068187958,0.48165994543378077,"physical_damage_per_capita multiplied by JUSTICE welfare_function.calculate_discount_rate; regional time-discounting visibility, not full welfare aggregation",-4144.312094162514,"scalar from welfare_function.calculate_welfare(physical_damage, welfare_loss=True)"
2213,rjan57 / Japan & Pacific,Sufficientarian,0.015,1.45,0.0,0.4565625,0.0,9.072865369403385,0.05244736027771388,0.4758478387802929,"physical_damage_per_capita multiplied by JUSTICE welfare_function.calculate_discount_rate; regional time-discounting visibility, not full welfare aggregation",-4144.312094162514,"scalar from welfare_function.calculate_welfare(physical_damage, welfare_loss=True)"
2214,rjan57 / Japan & Pacific,Sufficientarian,0.015,1.45,0.0,0.4565625,0.0,9.092248307983073,0.0516722761356787,0.4698171652642588,"physical_damage_per_capita multiplied by JUSTICE welfare_function.calculate_discount_rate; regional time-discounting visibility, not full welfare aggregation",-4144.312094162514,"scalar from welfare_function.calculate_welfare(physical_damage, welfare_loss=True)"
2215,rjan57 / Japan & Pacific,Sufficientarian,0.015,1.45,0.0,0.4565625,0.0,9.105602722248088,0.05090864643909232,0.46355390960176446,"physical_damage_per_capita multiplied by JUSTICE welfare_function.calculate_discount_rate; regional time-discounting visibility, not full welfare aggregation",-4144.312094162514,"scalar from welfare_function.calculate_welfare(physical_damage, welfare_loss=True)"
2216,rjan57 / Japan & Pacific,Sufficientarian,0.015,1.45,0.0,0.4565625,0.0,9.114901955664287,0.05015630191043579,0.4571697743723196,"physical_damage_per_capita multiplied by JUSTICE welfare_function.calculate_discount_rate; regional time-discounting visibility, not full welfare aggregation",-4144.312094162514,"scalar from welfare_function.calculate_welfare(physical_damage, welfare_loss=True)"
2217,rjan57 / Japan & Pacific,Sufficientarian,0.015,1.45,0.0,0.4565625,0.0,9.120212788126977,0.049415075773828365,0.45067600599873303,"physical_damage_per_capita multiplied by JUSTICE welfare_function.calculate_discount_rate; regional time-discounting visibility, not full welfare aggregation",-4144.312094162514,"scalar from welfare_function.calculate_welfare(physical_damage, welfare_loss=True)"
2218,rjan57 / Japan & Pacific,Sufficientarian,0.015,1.45,0.0,0.4565625,0.0,9.12220927480226,0.048684803718057515,0.44411296801879185,"physical_damage_per_capita multiplied by JUSTICE welfare_function.calculate_discount_rate; regional time-discounting visibility, not full welfare aggregation",-4144.312094162514,"scalar from welfare_function.calculate_welfare(physical_damage, welfare_loss=True)"
2219,rjan57 / Japan & Pacific,Sufficientarian,0.015,1.45,0.0,0.4565625,0.0,9.126982267108858,0.04796532386015518,0.4377786603077697,"physical_damage_per_capita multiplied by JUSTICE welfare_function.calculate_discount_rate; regional time-discounting visibility, not full welfare aggregation",-4144.312094162514,"scalar from welfare_function.calculate_welfare(physical_damage, welfare_loss=True)"
2220,rjan57 / Japan & Pacific,Sufficientarian,0.015,1.45,0.0,0.4565625,0.0,9.136292882877026,0.0472564767095125,0.43174901183096304,"physical_damage_per_capita multiplied by JUSTICE welfare_function.calculate_discount_rate; regional time-discounting visibility, not full welfare aggregation",-4144.312094162514,"scalar from welfare_function.calculate_welfare(physical_damage, welfare_loss=True)"
2221,rjan57 / Japan & Pacific,Sufficientarian,0.015,1.45,0.0,0.4565625,0.0,9.15181864336374,0.04655810513252464,0.42609133455152803,"physical_damage_per_capita multiplied by JUSTICE welfare_function.calculate_discount_rate; regional time-discounting visibility, not full welfare aggregation",-4144.312094162514,"scalar from welfare_function.calculate_welfare(physical_damage, welfare_loss=True)"
2222,rjan57 / Japan & Pacific,Sufficientarian,0.015,1.45,0.0,0.4565625,0.0,9.175606748214854,0.04587005431775827,0.42088557993900466,"physical_damage_per_capita multiplied by JUSTICE welfare_function.calculate_discount_rate; regional time-discounting visibility, not full welfare aggregation",-4144.312094162514,"scalar from welfare_function.calculate_welfare(physical_damage, welfare_loss=True)"
2223,rjan57 / Japan & Pacific,Sufficientarian,0.015,1.45,0.0,0.4565625,0.0,9.204079883290758,0.045192171741633765,0.4159523588093924,"physical_damage_per_capita multiplied by JUSTICE welfare_function.calculate_discount_rate; regional time-discounting visibility, not full welfare aggregation",-4144.312094162514,"scalar from welfare_function.calculate_welfare(physical_damage, welfare_loss=True)"
2224,rjan57 / Japan & Pacific,Sufficientarian,0.015,1.45,0.0,0.4565625,0.0,9.235324797656146,0.044524307134614555,0.41119643777876425,"physical_damage_per_capita multiplied by JUSTICE welfare_function.calculate_discount_rate; regional time-discounting visibility, not full welfare aggregation",-4144.312094162514,"scalar from welfare_function.calculate_welfare(physical_damage, welfare_loss=True)"
2225,rjan57 / Japan & Pacific,Sufficientarian,0.015,1.45,0.0,0.4565625,0.0,9.260817824703974,0.04386631244789612,0.4062379282215102,"physical_damage_per_capita multiplied by JUSTICE welfare_function.calculate_discount_rate; regional time-discounting visibility, not full welfare aggregation",-4144.312094162514,"scalar from welfare_function.calculate_welfare(physical_damage, welfare_loss=True)"
2226,rjan57 / Japan & Pacific,Sufficientarian,0.015,1.45,0.0,0.4565625,0.0,9.272115723649845,0.04321804182058731,0.4007226851100242,"physical_damage_per_capita multiplied by JUSTICE welfare_function.calculate_discount_rate; regional time-discounting visibility, not full welfare aggregation",-4144.312094162514,"scalar from welfare_function.calculate_welfare(physical_damage, welfare_loss=True)"
2227,rjan57 / Japan & Pacific,Sufficientarian,0.015,1.45,0.0,0.4565625,0.0,9.274923198711301,0.04257935154737666,0.3949202154528477,"physical_damage_per_capita multiplied by JUSTICE welfare_function.calculate_discount_rate; regional time-discounting visibility, not full welfare aggregation",-4144.312094162514,"scalar from welfare_function.calculate_welfare(physical_damage, welfare_loss=True)"
2228,rjan57 / Japan & Pacific,Sufficientarian,0.015,1.45,0.0,0.4565625,0.0,9.273557058145574,0.04195010004667652,0.38902664637777,"physical_damage_per_capita multiplied by JUSTICE welfare_function.calculate_discount_rate; regional time-discounting visibility, not full welfare aggregation",-4144.312094162514,"scalar from welfare_function.calculate_welfare(physical_damage, welfare_loss=True)"
2229,rjan57 / Japan & Pacific,Sufficientarian,0.015,1.45,0.0,0.4565625,0.0,9.272738959057827,0.041330147829237954,0.3832436719597941,"physical_damage_per_capita multiplied by JUSTICE welfare_function.calculate_discount_rate; regional time-discounting visibility, not full welfare aggregation",-4144.312094162514,"scalar from welfare_function.calculate_welfare(physical_damage, welfare_loss=True)"
2230,rjan57 / Japan & Pacific,Sufficientarian,0.015,1.45,0.0,0.4565625,0.0,9.274820506061843,0.04071935746722952,0.3776647316307228,"physical_damage_per_capita multiplied by JUSTICE welfare_function.calculate_discount_rate; regional time-discounting visibility, not full welfare aggregation",-4144.312094162514,"scalar from welfare_function.calculate_welfare(physical_damage, welfare_loss=True)"
2231,rjan57 / Japan & Pacific,Sufficientarian,0.015,1.45,0.0,0.4565625,0.0,9.281560043390591,0.040117593563772924,0.3723538534584983,"physical_damage_per_capita multiplied by JUSTICE welfare_function.calculate_discount_rate; regional time-discounting visibility, not full welfare aggregation",-4144.312094162514,"scalar from welfare_function.calculate_welfare(physical_damage, welfare_loss=True)"
2232,rjan57 / Japan & Pacific,Sufficientarian,0.015,1.45,0.0,0.4565625,0.0,9.297837705315793,0.03952472272292899,0.3674944572254011,"physical_damage_per_capita multiplied by JUSTICE welfare_function.calculate_discount_rate; regional time-discounting visibility, not full welfare aggregation",-4144.312094162514,"scalar from welfare_function.calculate_welfare(physical_damage, welfare_loss=True)"
2233,rjan57 / Japan & Pacific,Sufficientarian,0.015,1.45,0.0,0.4565625,0.0,9.320100387781896,0.03894061352012709,0.36293042716940144,"physical_damage_per_capita multiplied by JUSTICE welfare_function.calculate_discount_rate; regional time-discounting visibility, not full welfare aggregation",-4144.312094162514,"scalar from welfare_function.calculate_welfare(physical_damage, welfare_loss=True)"
2234,rjan57 / Japan & Pacific,Sufficientarian,0.015,1.45,0.0,0.4565625,0.0,9.340409303532574,0.03836513647303162,0.35834607764400145,"physical_damage_per_capita multiplied by JUSTICE welfare_function.calculate_discount_rate; regional time-discounting visibility, not full welfare aggregation",-4144.312094162514,"scalar from welfare_function.calculate_welfare(physical_damage, welfare_loss=True)"
2235,rjan57 / Japan & Pacific,Sufficientarian,0.015,1.45,0.0,0.4565625,0.0,9.358109423698378,0.03779816401283904,0.3537193548470459,"physical_damage_per_capita multiplied by JUSTICE welfare_function.calculate_discount_rate; regional time-discounting visibility, not full welfare aggregation",-4144.312094162514,"scalar from welfare_function.calculate_welfare(physical_damage, welfare_loss=True)"
2236,rjan57 / Japan & Pacific,Sufficientarian,0.015,1.45,0.0,0.4565625,0.0,9.371407233976162,0.03723957045599906,0.34898717996151457,"physical_damage_per_capita multiplied by JUSTICE welfare_function.calculate_discount_rate; regional time-discounting visibility, not full welfare aggregation",-4144.312094162514,"scalar from welfare_function.calculate_welfare(physical_damage, welfare_loss=True)"
2237,rjan57 / Japan & Pacific,Sufficientarian,0.015,1.45,0.0,0.4565625,0.0,9.378105555177992,0.03668923197635376,0.3440754902126572,"physical_damage_per_capita multiplied by JUSTICE welfare_function.calculate_discount_rate; regional time-discounting visibility, not full welfare aggregation",-4144.312094162514,"scalar from welfare_function.calculate_welfare(physical_damage, welfare_loss=True)"
2238,rjan57 / Japan & Pacific,Sufficientarian,0.015,1.45,0.0,0.4565625,0.0,9.378943488892778,0.03614702657768843,0.3390209195636451,"physical_damage_per_capita multiplied by JUSTICE welfare_function.calculate_discount_rate; regional time-discounting visibility, not full welfare aggregation",-4144.312094162514,"scalar from welfare_function.calculate_welfare(physical_damage, welfare_loss=True)"
2239,rjan57 / Japan & Pacific,Sufficientarian,0.015,1.45,0.0,0.4565625,0.0,9.377046881705446,0.03561283406668811,0.3339432146337312,"physical_damage_per_capita multiplied by JUSTICE welfare_function.calculate_discount_rate; regional time-discounting visibility, not full welfare aggregation",-4144.312094162514,"scalar from welfare_function.calculate_welfare(physical_damage, welfare_loss=True)"
2240,rjan57 / Japan & Pacific,Sufficientarian,0.015,1.45,0.0,0.4565625,0.0,9.377436455118255,0.03508653602629371,0.3290217620167867,"physical_damage_per_capita multiplied by JUSTICE welfare_function.calculate_discount_rate; regional time-discounting visibility, not full welfare aggregation",-4144.312094162514,"scalar from welfare_function.calculate_welfare(physical_damage, welfare_loss=True)"
2241,rjan57 / Japan & Pacific,Sufficientarian,0.015,1.45,0.0,0.4565625,0.0,9.381115583777792,0.034568015789451935,0.3242865516227043,"physical_damage_per_capita multiplied by JUSTICE welfare_function.calculate_discount_rate; regional time-discounting visibility, not full welfare aggregation",-4144.312094162514,"scalar from welfare_function.calculate_welfare(physical_damage, welfare_loss=True)"
2242,rjan57 / Japan & Pacific,Sufficientarian,0.015,1.45,0.0,0.4565625,0.0,9.390062797836935,0.03405715841325314,0.3197988562163275,"physical_damage_per_capita multiplied by JUSTICE welfare_function.calculate_discount_rate; regional time-discounting visibility, not full welfare aggregation",-4144.312094162514,"scalar from welfare_function.calculate_welfare(physical_damage, welfare_loss=True)"
2243,rjan57 / Japan & Pacific,Sufficientarian,0.015,1.45,0.0,0.4565625,0.0,9.407897415653833,0.03355385065345137,0.31567118484783985,"physical_damage_per_capita multiplied by JUSTICE welfare_function.calculate_discount_rate; regional time-discounting visibility, not full welfare aggregation",-4144.312094162514,"scalar from welfare_function.calculate_welfare(physical_damage, welfare_loss=True)"
2244,rjan57 / Japan & Pacific,Sufficientarian,0.015,1.45,0.0,0.4565625,0.0,9.43341846205613,0.033057980939360965,0.3118497677116674,"physical_damage_per_capita multiplied by JUSTICE welfare_function.calculate_discount_rate; regional time-discounting visibility, not full welfare aggregation",-4144.312094162514,"scalar from welfare_function.calculate_welfare(physical_damage, welfare_loss=True)"
2245,rjan57 / Japan & Pacific,Sufficientarian,0.015,1.45,0.0,0.4565625,0.0,9.456754134553863,0.0325694393491241,0.30800118022493067,"physical_damage_per_capita multiplied by JUSTICE welfare_function.calculate_discount_rate; regional time-discounting visibility, not full welfare aggregation",-4144.312094162514,"scalar from welfare_function.calculate_welfare(physical_damage, welfare_loss=True)"
2246,rjan57 / Japan & Pacific,Sufficientarian,0.015,1.45,0.0,0.4565625,0.0,9.472109812825828,0.032088117585343946,0.3039421734552454,"physical_damage_per_capita multiplied by JUSTICE welfare_function.calculate_discount_rate; regional time-discounting visibility, not full welfare aggregation",-4144.312094162514,"scalar from welfare_function.calculate_welfare(physical_damage, welfare_loss=True)"
2247,rjan57 / Japan & Pacific,Sufficientarian,0.015,1.45,0.0,0.4565625,0.0,9.478429766985558,0.03161390895107778,0.2996502156526668,"physical_damage_per_capita multiplied by JUSTICE welfare_function.calculate_discount_rate; regional time-discounting visibility, not full welfare aggregation",-4144.312094162514,"scalar from welfare_function.calculate_welfare(physical_damage, welfare_loss=True)"
2248,rjan57 / Japan & Pacific,Sufficientarian,0.015,1.45,0.0,0.4565625,0.0,9.476652911290259,0.031146708326185015,0.29516654413644977,"physical_damage_per_capita multiplied by JUSTICE welfare_function.calculate_discount_rate; regional time-discounting visibility, not full welfare aggregation",-4144.312094162514,"scalar from welfare_function.calculate_welfare(physical_damage, welfare_loss=True)"
2249,rjan57 / Japan & Pacific,Sufficientarian,0.015,1.45,0.0,0.4565625,0.0,9.473382807199837,0.030686412144024643,0.29070412921985134,"physical_damage_per_capita multiplied by JUSTICE welfare_function.calculate_discount_rate; regional time-discounting visibility, not full welfare aggregation",-4144.312094162514,"scalar from welfare_function.calculate_welfare(physical_damage, welfare_loss=True)"
2250,rjan57 / Japan & Pacific,Sufficientarian,0.015,1.45,0.0,0.4565625,0.0,9.470803982535323,0.030232918368497192,0.2863300436880285,"physical_damage_per_capita multiplied by JUSTICE welfare_function.calculate_discount_rate; regional time-discounting visibility, not full welfare aggregation",-4144.312094162514,"scalar from welfare_function.calculate_welfare(physical_damage, welfare_loss=True)"
2251,rjan57 / Japan & Pacific,Sufficientarian,0.015,1.45,0.0,0.4565625,0.0,9.46818916181725,0.029786126471425808,0.2820206798292717,"physical_damage_per_capita multiplied by JUSTICE welfare_function.calculate_discount_rate; regional time-discounting visibility, not full welfare aggregation",-4144.312094162514,"scalar from welfare_function.calculate_welfare(physical_damage, welfare_loss=True)"
2252,rjan57 / Japan & Pacific,Sufficientarian,0.015,1.45,0.0,0.4565625,0.0,9.466722580156018,0.029345937410271732,0.27780984831766464,"physical_damage_per_capita multiplied by JUSTICE welfare_function.calculate_discount_rate; regional time-discounting visibility, not full welfare aggregation",-4144.312094162514,"scalar from welfare_function.calculate_welfare(physical_damage, welfare_loss=True)"
2253,rjan57 / Japan & Pacific,Sufficientarian,0.015,1.45,0.0,0.4565625,0.0,9.467250474048408,0.02891225360617905,0.2737195466589064,"physical_damage_per_capita multiplied by JUSTICE welfare_function.calculate_discount_rate; regional time-discounting visibility, not full welfare aggregation",-4144.312094162514,"scalar from welfare_function.calculate_welfare(physical_damage, welfare_loss=True)"
2254,rjan57 / Japan & Pacific,Sufficientarian,0.015,1.45,0.0,0.4565625,0.0,9.471309785034023,0.028484978922343897,0.2697900595936837,"physical_damage_per_capita multiplied by JUSTICE welfare_function.calculate_discount_rate; regional time-discounting visibility, not full welfare aggregation",-4144.312094162514,"scalar from welfare_function.calculate_welfare(physical_damage, welfare_loss=True)"
2255,rjan57 / Japan & Pacific,Sufficientarian,0.015,1.45,0.0,0.4565625,0.0,9.481813522017864,0.02806401864270335,0.26609779144854606,"physical_damage_per_capita multiplied by JUSTICE welfare_function.calculate_discount_rate; regional time-discounting visibility, not full welfare aggregation",-4144.312094162514,"scalar from welfare_function.calculate_welfare(physical_damage, welfare_loss=True)"
2256,rjan57 / Japan & Pacific,Sufficientarian,0.015,1.45,0.0,0.4565625,0.0,9.498682561640141,0.027649279450939264,0.2626317285625519,"physical_damage_per_capita multiplied by JUSTICE welfare_function.calculate_discount_rate; regional time-discounting visibility, not full welfare aggregation",-4144.312094162514,"scalar from welfare_function.calculate_welfare(physical_damage, welfare_loss=True)"
2257,rjan57 / Japan & Pacific,Sufficientarian,0.015,1.45,0.0,0.4565625,0.0,9.515044496426809,0.02724066940979238,0.2591961815466271,"physical_damage_per_capita multiplied by JUSTICE welfare_function.calculate_discount_rate; regional time-discounting visibility, not full welfare aggregation",-4144.312094162514,"scalar from welfare_function.calculate_welfare(physical_damage, welfare_loss=True)"
2258,rjan57 / Japan & Pacific,Sufficientarian,0.015,1.45,0.0,0.4565625,0.0,9.52727703954847,0.02683809794068215,0.25569399429541406,"physical_damage_per_capita multiplied by JUSTICE welfare_function.calculate_discount_rate; regional time-discounting visibility, not full welfare aggregation",-4144.312094162514,"scalar from welfare_function.calculate_welfare(physical_damage, welfare_loss=True)"
2259,rjan57 / Japan & Pacific,Sufficientarian,0.015,1.45,0.0,0.4565625,0.0,9.535980624143408,0.026441475803627736,0.2521454009371508,"physical_damage_per_capita multiplied by JUSTICE welfare_function.calculate_discount_rate; regional time-discounting visibility, not full welfare aggregation",-4144.312094162514,"scalar from welfare_function.calculate_welfare(physical_damage, welfare_loss=True)"
2260,rjan57 / Japan & Pacific,Sufficientarian,0.015,1.45,0.0,0.4565625,0.0,9.538510668650519,0.02605071507746575,0.24848502369238198,"physical_damage_per_capita multiplied by JUSTICE welfare_function.calculate_discount_rate; regional time-discounting visibility, not full welfare aggregation",-4144.312094162514,"scalar from welfare_function.calculate_welfare(physical_damage, welfare_loss=True)"
2261,rjan57 / Japan & Pacific,Sufficientarian,0.015,1.45,0.0,0.4565625,0.0,9.536539324672294,0.025665729140360347,0.24476223524343407,"physical_damage_per_capita multiplied by JUSTICE welfare_function.calculate_discount_rate; regional time-discounting visibility, not full welfare aggregation",-4144.312094162514,"scalar from welfare_function.calculate_welfare(physical_damage, welfare_loss=True)"
2262,rjan57 / Japan & Pacific,Sufficientarian,0.015,1.45,0.0,0.4565625,0.0,9.531104918035176,0.02528643265060133,0.24100764259571159,"physical_damage_per_capita multiplied by JUSTICE welfare_function.calculate_discount_rate; regional time-discounting visibility, not full welfare aggregation",-4144.312094162514,"scalar from welfare_function.calculate_welfare(physical_damage, welfare_loss=True)"
2263,rjan57 / Japan & Pacific,Sufficientarian,0.015,1.45,0.0,0.4565625,0.0,9.523892254122865,0.024912741527686043,0.23726626606449414,"physical_damage_per_capita multiplied by JUSTICE welfare_function.calculate_discount_rate; regional time-discounting visibility, not full welfare aggregation",-4144.312094162514,"scalar from welfare_function.calculate_welfare(physical_damage, welfare_loss=True)"
2264,rjan57 / Japan & Pacific,Sufficientarian,0.015,1.45,0.0,0.4565625,0.0,9.52037473454507,0.024544572933680835,0.2336735320280138,"physical_damage_per_capita multiplied by JUSTICE welfare_function.calculate_discount_rate; regional time-discounting visibility, not full welfare aggregation",-4144.312094162514,"scalar from welfare_function.calculate_welfare(physical_damage, welfare_loss=True)"
2265,rjan57 / Japan & Pacific,Sufficientarian,0.015,1.45,0.0,0.4565625,0.0,9.521705043763454,0.024181845254857965,0.23025239793068844,"physical_damage_per_capita multiplied by JUSTICE welfare_function.calculate_discount_rate; regional time-discounting visibility, not full welfare aggregation",-4144.312094162514,"scalar from welfare_function.calculate_welfare(physical_damage, welfare_loss=True)"
2266,rjan57 / Japan & Pacific,Sufficientarian,0.015,1.45,0.0,0.4565625,0.0,9.529669761457356,0.023824478083603908,0.22703940837582365,"physical_damage_per_capita multiplied by JUSTICE welfare_function.calculate_discount_rate; regional time-discounting visibility, not full welfare aggregation",-4144.312094162514,"scalar from welfare_function.calculate_welfare(physical_damage, welfare_loss=True)"
2267,rjan57 / Japan & Pacific,Sufficientarian,0.015,1.45,0.0,0.4565625,0.0,9.546503139100718,0.023472392200594987,0.22407926582518325,"physical_damage_per_capita multiplied by JUSTICE welfare_function.calculate_discount_rate; regional time-discounting visibility, not full welfare aggregation",-4144.312094162514,"scalar from welfare_function.calculate_welfare(physical_damage, welfare_loss=True)"
2268,rjan57 / Japan & Pacific,Sufficientarian,0.015,1.45,0.0,0.4565625,0.0,9.56817464356978,0.02312550955723644,0.2212689141651803,"physical_damage_per_capita multiplied by JUSTICE welfare_function.calculate_discount_rate; regional time-discounting visibility, not full welfare aggregation",-4144.312094162514,"scalar from welfare_function.calculate_welfare(physical_damage, welfare_loss=True)"
2269,rjan57 / Japan & Pacific,Sufficientarian,0.015,1.45,0.0,0.4565625,0.0,9.590432854445314,0.022783753258361027,0.21850605579656107,"physical_damage_per_capita multiplied by JUSTICE welfare_function.calculate_discount_rate; regional time-discounting visibility, not full welfare aggregation",-4144.312094162514,"scalar from welfare_function.calculate_welfare(physical_damage, welfare_loss=True)"
2270,rjan57 / Japan & Pacific,Sufficientarian,0.015,1.45,0.0,0.4565625,0.0,9.603193253576556,0.02244704754518328,0.21556333554861629,"physical_damage_per_capita multiplied by JUSTICE welfare_function.calculate_discount_rate; regional time-discounting visibility, not full welfare aggregation",-4144.312094162514,"scalar from welfare_function.calculate_welfare(physical_damage, welfare_loss=True)"
2271,rjan57 / Japan & Pacific,Sufficientarian,0.015,1.45,0.0,0.4565625,0.0,9.602767939456744,0.0221153177785057,0.21236826453433227,"physical_damage_per_capita multiplied by JUSTICE welfare_function.calculate_discount_rate; regional time-discounting visibility, not full welfare aggregation",-4144.312094162514,"scalar from welfare_function.calculate_welfare(physical_damage, welfare_loss=True)"
2272,rjan57 / Japan & Pacific,Sufficientarian,0.015,1.45,0.0,0.4565625,0.0,9.595936913918692,0.021788490422173103,0.20908097954069474,"physical_damage_per_capita multiplied by JUSTICE welfare_function.calculate_discount_rate; regional time-discounting visibility, not full welfare aggregation",-4144.312094162514,"scalar from welfare_function.calculate_welfare(physical_damage, welfare_loss=True)"
2273,rjan57 / Japan & Pacific,Sufficientarian,0.015,1.45,0.0,0.4565625,0.0,9.58694248003514,0.021466493026771533,0.2057980338957341,"physical_damage_per_capita multiplied by JUSTICE welfare_function.calculate_discount_rate; regional time-discounting visibility, not full welfare aggregation",-4144.312094162514,"scalar from welfare_function.calculate_welfare(physical_damage, welfare_loss=True)"
2274,rjan57 / Japan & Pacific,Sufficientarian,0.015,1.45,0.0,0.4565625,0.0,9.578797803883747,0.021149254213568017,0.2025844298147044,"physical_damage_per_capita multiplied by JUSTICE welfare_function.calculate_discount_rate; regional time-discounting visibility, not full welfare aggregation",-4144.312094162514,"scalar from welfare_function.calculate_welfare(physical_damage, welfare_loss=True)"
2275,rjan57 / Japan & Pacific,Sufficientarian,0.015,1.45,0.0,0.4565625,0.0,9.57376878877991,0.020836703658687703,0.1994857831486005,"physical_damage_per_capita multiplied by JUSTICE welfare_function.calculate_discount_rate; regional time-discounting visibility, not full welfare aggregation",-4144.312094162514,"scalar from welfare_function.calculate_welfare(physical_damage, welfare_loss=True)"
2276,rjan57 / Japan & Pacific,Sufficientarian,0.015,1.45,0.0,0.4565625,0.0,9.576509244433428,0.02052877207752483,0.19659397557728336,"physical_damage_per_capita multiplied by JUSTICE welfare_function.calculate_discount_rate; regional time-discounting visibility, not full welfare aggregation",-4144.312094162514,"scalar from welfare_function.calculate_welfare(physical_damage, welfare_loss=True)"
2277,rjan57 / Japan & Pacific,Sufficientarian,0.015,1.45,0.0,0.4565625,0.0,9.588138786025677,0.02022539120938407,0.1939238579172382,"physical_damage_per_capita multiplied by JUSTICE welfare_function.calculate_discount_rate; regional time-discounting visibility, not full welfare aggregation",-4144.312094162514,"scalar from welfare_function.calculate_welfare(physical_damage, welfare_loss=True)"
2278,rjan57 / Japan & Pacific,Sufficientarian,0.015,1.45,0.0,0.4565625,0.0,9.604195580284166,0.01992649380234884,0.19137794370707856,"physical_damage_per_capita multiplied by JUSTICE welfare_function.calculate_discount_rate; regional time-discounting visibility, not full welfare aggregation",-4144.312094162514,"scalar from welfare_function.calculate_welfare(physical_damage, welfare_loss=True)"
2279,rjan57 / Japan & Pacific,Sufficientarian,0.015,1.45,0.0,0.4565625,0.0,9.617081226002323,0.019632013598373244,0.18880266940553764,"physical_damage_per_capita multiplied by JUSTICE welfare_function.calculate_discount_rate; regional time-discounting visibility, not full welfare aggregation",-4144.312094162514,"scalar from welfare_function.calculate_welfare(physical_damage, welfare_loss=True)"
2280,rjan57 / Japan & Pacific,Sufficientarian,0.015,1.45,0.0,0.4565625,0.0,9.62388562991308,0.01934188531859433,0.18614409217304675,"physical_damage_per_capita multiplied by JUSTICE welfare_function.calculate_discount_rate; regional time-discounting visibility, not full welfare aggregation",-4144.312094162514,"scalar from welfare_function.calculate_welfare(physical_damage, welfare_loss=True)"
2281,rjan57 / Japan & Pacific,Sufficientarian,0.015,1.45,0.0,0.4565625,0.0,9.625266791381048,0.019056044648861414,0.18341951373376028,"physical_damage_per_capita multiplied by JUSTICE welfare_function.calculate_discount_rate; regional time-discounting visibility, not full welfare aggregation",-4144.312094162514,"scalar from welfare_function.calculate_welfare(physical_damage, welfare_loss=True)"
2282,rjan57 / Japan & Pacific,Sufficientarian,0.015,1.45,0.0,0.4565625,0.0,9.619861918119343,0.018774428225479225,0.1806074071207525,"physical_damage_per_capita multiplied by JUSTICE welfare_function.calculate_discount_rate; regional time-discounting visibility, not full welfare aggregation",-4144.312094162514,"scalar from welfare_function.calculate_welfare(physical_damage, welfare_loss=True)"
2283,rjan57 / Japan & Pacific,Sufficientarian,0.015,1.45,0.0,0.4565625,0.0,9.61114415212617,0.018496973621161802,0.1777770798510613,"physical_damage_per_capita multiplied by JUSTICE welfare_function.calculate_discount_rate; regional time-discounting visibility, not full welfare aggregation",-4144.312094162514,"scalar from welfare_function.calculate_welfare(physical_damage, welfare_loss=True)"
2284,rjan57 / Japan & Pacific,Sufficientarian,0.015,1.45,0.0,0.4565625,0.0,9.60476816236957,0.018223619331193895,0.17503363875539377,"physical_damage_per_capita multiplied by JUSTICE welfare_function.calculate_discount_rate; regional time-discounting visibility, not full welfare aggregation",-4144.312094162514,"scalar from welfare_function.calculate_welfare(physical_damage, welfare_loss=True)"
2285,rjan57 / Japan & Pacific,Sufficientarian,0.015,1.45,0.0,0.4565625,0.0,9.601493693410092,0.01795430475979694,0.17238814392075313,"physical_damage_per_capita multiplied by JUSTICE welfare_function.calculate_discount_rate; regional time-discounting visibility, not full welfare aggregation",-4144.312094162514,"scalar from welfare_function.calculate_welfare(physical_damage, welfare_loss=True)"
2286,rjan57 / Japan & Pacific,Sufficientarian,0.015,1.45,0.0,0.4565625,0.0,9.60295744120788,0.017688970206696495,0.16986642807370061,"physical_damage_per_capita multiplied by JUSTICE welfare_function.calculate_discount_rate; regional time-discounting visibility, not full welfare aggregation",-4144.312094162514,"scalar from welfare_function.calculate_welfare(physical_damage, welfare_loss=True)"
2287,rjan57 / Japan & Pacific,Sufficientarian,0.015,1.45,0.0,0.4565625,0.0,9.61336061079618,0.017427556853888176,0.16753738860157957,"physical_damage_per_capita multiplied by JUSTICE welfare_function.calculate_discount_rate; regional time-discounting visibility, not full welfare aggregation",-4144.312094162514,"scalar from welfare_function.calculate_welfare(physical_damage, welfare_loss=True)"
2288,rjan57 / Japan & Pacific,Sufficientarian,0.015,1.45,0.0,0.4565625,0.0,9.632310369713458,0.01717000675259919,0.16538683409111127,"physical_damage_per_capita multiplied by JUSTICE welfare_function.calculate_discount_rate; regional time-discounting visibility, not full welfare aggregation",-4144.312094162514,"scalar from welfare_function.calculate_welfare(physical_damage, welfare_loss=True)"
2289,rjan57 / Japan & Pacific,Sufficientarian,0.015,1.45,0.0,0.4565625,0.0,9.651452380466212,0.01691626281044255,0.16326650497043782,"physical_damage_per_capita multiplied by JUSTICE welfare_function.calculate_discount_rate; regional time-discounting visibility, not full welfare aggregation",-4144.312094162514,"scalar from welfare_function.calculate_welfare(physical_damage, welfare_loss=True)"
2290,rjan57 / Japan & Pacific,Sufficientarian,0.015,1.45,0.0,0.4565625,0.0,9.663908712830535,0.016666268778761137,0.16106130006144528,"physical_damage_per_capita multiplied by JUSTICE welfare_function.calculate_discount_rate; regional time-discounting visibility, not full welfare aggregation",-4144.312094162514,"scalar from welfare_function.calculate_welfare(physical_damage, welfare_loss=True)"
2291,rjan57 / Japan & Pacific,Sufficientarian,0.015,1.45,0.0,0.4565625,0.0,9.663699802341727,0.016419969240158757,0.1586776535005794,"physical_damage_per_capita multiplied by JUSTICE welfare_function.calculate_discount_rate; regional time-discounting visibility, not full welfare aggregation",-4144.312094162514,"scalar from welfare_function.calculate_welfare(physical_damage, welfare_loss=True)"
2292,rjan57 / Japan & Pacific,Sufficientarian,0.015,1.45,0.0,0.4565625,0.0,9.655822174988213,0.016177309596215526,0.1562052247307875,"physical_damage_per_capita multiplied by JUSTICE welfare_function.calculate_discount_rate; regional time-discounting visibility, not full welfare aggregation",-4144.312094162514,"scalar from welfare_function.calculate_welfare(physical_damage, welfare_loss=True)"
2293,rjan57 / Japan & Pacific,Sufficientarian,0.015,1.45,0.0,0.4565625,0.0,9.647908275148792,0.015938236055384757,0.15377063953002143,"physical_damage_per_capita multiplied by JUSTICE welfare_function.calculate_discount_rate; regional time-discounting visibility, not full welfare aggregation",-4144.312094162514,"scalar from welfare_function.calculate_welfare(physical_damage, welfare_loss=True)"
2294,rjan57 / Japan & Pacific,Sufficientarian,0.015,1.45,0.0,0.4565625,0.0,9.638230026448534,0.015702695621068727,0.1513461924311665,"physical_damage_per_capita multiplied by JUSTICE welfare_function.calculate_discount_rate; regional time-discounting visibility, not full welfare aggregation",-4144.312094162514,"scalar from welfare_function.calculate_welfare(physical_damage, welfare_loss=True)"
2295,rjan57 / Japan & Pacific,Sufficientarian,0.015,1.45,0.0,0.4565625,0.0,9.62919087520027,0.01547063607987067,0.14896970777383475,"physical_damage_per_capita multiplied by JUSTICE welfare_function.calculate_discount_rate; regional time-discounting visibility, not full welfare aggregation",-4144.312094162514,"scalar from welfare_function.calculate_welfare(physical_damage, welfare_loss=True)"
2296,rjan57 / Japan & Pacific,Sufficientarian,0.015,1.45,0.0,0.4565625,0.0,9.625085907412826,0.015242005990020364,0.14670561705524687,"physical_damage_per_capita multiplied by JUSTICE welfare_function.calculate_discount_rate; regional time-discounting visibility, not full welfare aggregation",-4144.312094162514,"scalar from welfare_function.calculate_welfare(physical_damage, welfare_loss=True)"
2297,rjan57 / Japan & Pacific,Sufficientarian,0.015,1.45,0.0,0.4565625,0.0,9.630863101580356,0.015016754669970803,0.1446243084565063,"physical_damage_per_capita multiplied by JUSTICE welfare_function.calculate_discount_rate; regional time-discounting visibility, not full welfare aggregation",-4144.312094162514,"scalar from welfare_function.calculate_welfare(physical_damage, welfare_loss=True)"
2298,rjan57 / Japan & Pacific,Sufficientarian,0.015,1.45,0.0,0.4565625,0.0,9.645119049650289,0.014794832187163355,0.14269791776478852,"physical_damage_per_capita multiplied by JUSTICE welfare_function.calculate_discount_rate; regional time-discounting visibility, not full welfare aggregation",-4144.312094162514,"scalar from welfare_function.calculate_welfare(physical_damage, welfare_loss=True)"
2299,rjan57 / Japan & Pacific,Sufficientarian,0.015,1.45,0.0,0.4565625,0.0,9.663194542847105,0.01457618934695897,0.14085255335304003,"physical_damage_per_capita multiplied by JUSTICE welfare_function.calculate_discount_rate; regional time-discounting visibility, not full welfare aggregation",-4144.312094162514,"scalar from welfare_function.calculate_welfare(physical_damage, welfare_loss=True)"
2300,rjan57 / Japan & Pacific,Sufficientarian,0.015,1.45,0.0,0.4565625,0.0,9.678257151921152,0.014360777681732979,0.13898729930538187,"physical_damage_per_capita multiplied by JUSTICE welfare_function.calculate_discount_rate; regional time-discounting visibility, not full welfare aggregation",-4144.312094162514,"scalar from welfare_function.calculate_welfare(physical_damage, welfare_loss=True)"
2015,rsas / South Asia,Sufficientarian,0.015,1.45,0.0,0.4565625,0.0,0.0,1.0,0.0,"physical_damage_per_capita multiplied by JUSTICE welfare_function.calculate_discount_rate; regional time-discounting visibility, not full welfare aggregation",-4144.312094162514,"scalar from welfare_function.calculate_welfare(physical_damage, welfare_loss=True)"
2016,rsas / South Asia,Sufficientarian,0.015,1.45,0.0,0.4565625,0.0,0.0,0.9852216748768474,0.0,"physical_damage_per_capita multiplied by JUSTICE welfare_function.calculate_discount_rate; regional time-discounting visibility, not full welfare aggregation",-4144.312094162514,"scalar from welfare_function.calculate_welfare(physical_damage, welfare_loss=True)"
2017,rsas / South Asia,Sufficientarian,0.015,1.45,0.0,0.4565625,0.0,0.0,0.9706617486471405,0.0,"physical_damage_per_capita multiplied by JUSTICE welfare_function.calculate_discount_rate; regional time-discounting visibility, not full welfare aggregation",-4144.312094162514,"scalar from welfare_function.calculate_welfare(physical_damage, welfare_loss=True)"
2018,rsas / South Asia,Sufficientarian,0.015,1.45,0.0,0.4565625,0.0,1.0086836715802105e-06,0.9563169937410252,9.646213364412465e-07,"physical_damage_per_capita multiplied by JUSTICE welfare_function.calculate_discount_rate; regional time-discounting visibility, not full welfare aggregation",-4144.312094162514,"scalar from welfare_function.calculate_welfare(physical_damage, welfare_loss=True)"
2019,rsas / South Asia,Sufficientarian,0.015,1.45,0.0,0.4565625,0.0,0.006268612545165623,0.9421842302867243,0.005906187885832577,"physical_damage_per_capita multiplied by JUSTICE welfare_function.calculate_discount_rate; regional time-discounting visibility, not full welfare aggregation",-4144.312094162514,"scalar from welfare_function.calculate_welfare(physical_damage, welfare_loss=True)"
2020,rsas / South Asia,Sufficientarian,0.015,1.45,0.0,0.4565625,0.0,0.012405244089514666,0.9282603254056397,0.011515295915269274,"physical_damage_per_capita multiplied by JUSTICE welfare_function.calculate_discount_rate; regional time-discounting visibility, not full welfare aggregation",-4144.312094162514,"scalar from welfare_function.calculate_welfare(physical_damage, welfare_loss=True)"
2021,rsas / South Asia,Sufficientarian,0.015,1.45,0.0,0.4565625,0.0,0.018868412157474295,0.9145421925178719,0.017255959023827414,"physical_damage_per_capita multiplied by JUSTICE welfare_function.calculate_discount_rate; regional time-discounting visibility, not full welfare aggregation",-4144.312094162514,"scalar from welfare_function.calculate_welfare(physical_damage, welfare_loss=True)"
2022,rsas / South Asia,Sufficientarian,0.015,1.45,0.0,0.4565625,0.0,0.02565564309658419,0.9010267906580018,0.023116421761582375,"physical_damage_per_capita multiplied by JUSTICE welfare_function.calculate_discount_rate; regional time-discounting visibility, not full welfare aggregation",-4144.312094162514,"scalar from welfare_function.calculate_welfare(physical_damage, welfare_loss=True)"
2023,rsas / South Asia,Sufficientarian,0.015,1.45,0.0,0.4565625,0.0,0.03330666139277572,0.887711123800987,0.029566693815039884,"physical_damage_per_capita multiplied by JUSTICE welfare_function.calculate_discount_rate; regional time-discounting visibility, not full welfare aggregation",-4144.312094162514,"scalar from welfare_function.calculate_welfare(physical_damage, welfare_loss=True)"
2024,rsas / South Asia,Sufficientarian,0.015,1.45,0.0,0.4565625,0.0,0.041404034540144796,0.874592240198017,0.03621164732170131,"physical_damage_per_capita multiplied by JUSTICE welfare_function.calculate_discount_rate; regional time-discounting visibility, not full welfare aggregation",-4144.312094162514,"scalar from welfare_function.calculate_welfare(physical_damage, welfare_loss=True)"
2025,rsas / South Asia,Sufficientarian,0.015,1.45,0.0,0.4565625,0.0,0.04958607945384667,0.8616672317221843,0.042726699814952335,"physical_damage_per_capita multiplied by JUSTICE welfare_function.calculate_discount_rate; regional time-discounting visibility, not full welfare aggregation",-4144.312094162514,"scalar from welfare_function.calculate_welfare(physical_damage, welfare_loss=True)"
2026,rsas / South Asia,Sufficientarian,0.015,1.45,0.0,0.4565625,0.0,0.05752370916938063,0.848933233223827,0.0488337884121894,"physical_damage_per_capita multiplied by JUSTICE welfare_function.calculate_discount_rate; regional time-discounting visibility, not full welfare aggregation",-4144.312094162514,"scalar from welfare_function.calculate_welfare(physical_damage, welfare_loss=True)"
2027,rsas / South Asia,Sufficientarian,0.015,1.45,0.0,0.4565625,0.0,0.06476157813094173,0.836387421895396,0.05416576937081562,"physical_damage_per_capita multiplied by JUSTICE welfare_function.calculate_discount_rate; regional time-discounting visibility, not full welfare aggregation",-4144.312094162514,"scalar from welfare_function.calculate_welfare(physical_damage, welfare_loss=True)"
2028,rsas / South Asia,Sufficientarian,0.015,1.45,0.0,0.4565625,0.0,0.07129162766482976,0.8240270166457105,0.05874622725646647,"physical_damage_per_capita multiplied by JUSTICE welfare_function.calculate_discount_rate; regional time-discounting visibility, not full welfare aggregation",-4144.312094162514,"scalar from welfare_function.calculate_welfare(physical_damage, welfare_loss=True)"
2029,rsas / South Asia,Sufficientarian,0.015,1.45,0.0,0.4565625,0.0,0.07743831863565147,0.8118492774834588,0.06286824303388751,"physical_damage_per_capita multiplied by JUSTICE welfare_function.calculate_discount_rate; regional time-discounting visibility, not full welfare aggregation",-4144.312094162514,"scalar from welfare_function.calculate_welfare(physical_damage, welfare_loss=True)"
2030,rsas / South Asia,Sufficientarian,0.015,1.45,0.0,0.4565625,0.0,0.08368632585238356,0.7998515049098116,0.06693663367340186,"physical_damage_per_capita multiplied by JUSTICE welfare_function.calculate_discount_rate; regional time-discounting visibility, not full welfare aggregation",-4144.312094162514,"scalar from welfare_function.calculate_welfare(physical_damage, welfare_loss=True)"
2031,rsas / South Asia,Sufficientarian,0.015,1.45,0.0,0.4565625,0.0,0.09066875449005968,0.7880310393200115,0.07144979283465269,"physical_damage_per_capita multiplied by JUSTICE welfare_function.calculate_discount_rate; regional time-discounting visibility, not full welfare aggregation",-4144.312094162514,"scalar from welfare_function.calculate_welfare(physical_damage, welfare_loss=True)"
2032,rsas / South Asia,Sufficientarian,0.015,1.45,0.0,0.4565625,0.0,0.09784622387312601,0.7763852604138046,0.07596636600224436,"physical_damage_per_capita multiplied by JUSTICE welfare_function.calculate_discount_rate; regional time-discounting visibility, not full welfare aggregation",-4144.312094162514,"scalar from welfare_function.calculate_welfare(physical_damage, welfare_loss=True)"
2033,rsas / South Asia,Sufficientarian,0.015,1.45,0.0,0.4565625,0.0,0.1053119429787746,0.7649115866145859,0.08055432539335927,"physical_damage_per_capita multiplied by JUSTICE welfare_function.calculate_discount_rate; regional time-discounting visibility, not full welfare aggregation",-4144.312094162514,"scalar from welfare_function.calculate_welfare(physical_damage, welfare_loss=True)"
2034,rsas / South Asia,Sufficientarian,0.015,1.45,0.0,0.4565625,0.0,0.11347407501333567,0.7536074744971291,0.08551491109169768,"physical_damage_per_capita multiplied by JUSTICE welfare_function.calculate_discount_rate; regional time-discounting visibility, not full welfare aggregation",-4144.312094162514,"scalar from welfare_function.calculate_welfare(physical_damage, welfare_loss=True)"
2035,rsas / South Asia,Sufficientarian,0.015,1.45,0.0,0.4565625,0.0,0.12270409353320826,0.7424704182237725,0.09110415964337003,"physical_damage_per_capita multiplied by JUSTICE welfare_function.calculate_discount_rate; regional time-discounting visibility, not full welfare aggregation",-4144.312094162514,"scalar from welfare_function.calculate_welfare(physical_damage, welfare_loss=True)"
2036,rsas / South Asia,Sufficientarian,0.015,1.45,0.0,0.4565625,0.0,0.13324591658343604,0.7314979489889384,0.09746911469193463,"physical_damage_per_capita multiplied by JUSTICE welfare_function.calculate_discount_rate; regional time-discounting visibility, not full welfare aggregation",-4144.312094162514,"scalar from welfare_function.calculate_welfare(physical_damage, welfare_loss=True)"
2037,rsas / South Asia,Sufficientarian,0.015,1.45,0.0,0.4565625,0.0,0.1442690737793394,0.7206876344718607,0.10397293750947845,"physical_damage_per_capita multiplied by JUSTICE welfare_function.calculate_discount_rate; regional time-discounting visibility, not full welfare aggregation",-4144.312094162514,"scalar from welfare_function.calculate_welfare(physical_damage, welfare_loss=True)"
2038,rsas / South Asia,Sufficientarian,0.015,1.45,0.0,0.4565625,0.0,0.15519795623070812,0.7100370782973997,0.11019630339977972,"physical_damage_per_capita multiplied by JUSTICE welfare_function.calculate_discount_rate; regional time-discounting visibility, not full welfare aggregation",-4144.312094162514,"scalar from welfare_function.calculate_welfare(physical_damage, welfare_loss=True)"
2039,rsas / South Asia,Sufficientarian,0.015,1.45,0.0,0.4565625,0.0,0.16577521818098395,0.6995439195048273,0.11596704588309342,"physical_damage_per_capita multiplied by JUSTICE welfare_function.calculate_discount_rate; regional time-discounting visibility, not full welfare aggregation",-4144.312094162514,"scalar from welfare_function.calculate_welfare(physical_damage, welfare_loss=True)"
2040,rsas / South Asia,Sufficientarian,0.015,1.45,0.0,0.4565625,0.0,0.17593798307362468,0.6892058320244606,0.12125748400896297,"physical_damage_per_capita multiplied by JUSTICE welfare_function.calculate_discount_rate; regional time-discounting visibility, not full welfare aggregation",-4144.312094162514,"scalar from welfare_function.calculate_welfare(physical_damage, welfare_loss=True)"
2041,rsas / South Asia,Sufficientarian,0.015,1.45,0.0,0.4565625,0.0,0.1866577108571066,0.6790205241620302,0.12674441666507721,"physical_damage_per_capita multiplied by JUSTICE welfare_function.calculate_discount_rate; regional time-discounting visibility, not full welfare aggregation",-4144.312094162514,"scalar from welfare_function.calculate_welfare(physical_damage, welfare_loss=True)"
2042,rsas / South Asia,Sufficientarian,0.015,1.45,0.0,0.4565625,0.0,0.1969360396704985,0.6689857380906702,0.13174740185562195,"physical_damage_per_capita multiplied by JUSTICE welfare_function.calculate_discount_rate; regional time-discounting visibility, not full welfare aggregation",-4144.312094162514,"scalar from welfare_function.calculate_welfare(physical_damage, welfare_loss=True)"
2043,rsas / South Asia,Sufficientarian,0.015,1.45,0.0,0.4565625,0.0,0.20717918450134742,0.6590992493504141,0.13655164498586903,"physical_damage_per_capita multiplied by JUSTICE welfare_function.calculate_discount_rate; regional time-discounting visibility, not full welfare aggregation",-4144.312094162514,"scalar from welfare_function.calculate_welfare(physical_damage, welfare_loss=True)"
2044,rsas / South Asia,Sufficientarian,0.015,1.45,0.0,0.4565625,0.0,0.2179729208047638,0.6493588663550878,0.14154264874988876,"physical_damage_per_capita multiplied by JUSTICE welfare_function.calculate_discount_rate; regional time-discounting visibility, not full welfare aggregation",-4144.312094162514,"scalar from welfare_function.calculate_welfare(physical_damage, welfare_loss=True)"
2045,rsas / South Asia,Sufficientarian,0.015,1.45,0.0,0.4565625,0.0,0.22970180448124222,0.6397624299064905,0.1469545845888251,"physical_damage_per_capita multiplied by JUSTICE welfare_function.calculate_discount_rate; regional time-discounting visibility, not full welfare aggregation",-4144.312094162514,"scalar from welfare_function.calculate_welfare(physical_damage, welfare_loss=True)"
2046,rsas / South Asia,Sufficientarian,0.015,1.45,0.0,0.4565625,0.0,0.24294059057309964,0.6303078127157542,0.153127352264004,"physical_damage_per_capita multiplied by JUSTICE welfare_function.calculate_discount_rate; regional time-discounting visibility, not full welfare aggregation",-4144.312094162514,"scalar from welfare_function.calculate_welfare(physical_damage, welfare_loss=True)"
2047,rsas / South Asia,Sufficientarian,0.015,1.45,0.0,0.4565625,0.0,0.25773592270287293,0.6209929189317777,0.16005218295283208,"physical_damage_per_capita multiplied by JUSTICE welfare_function.calculate_discount_rate; regional time-discounting visibility, not full welfare aggregation",-4144.312094162514,"scalar from welfare_function.calculate_welfare(physical_damage, welfare_loss=True)"
2048,rsas / South Asia,Sufficientarian,0.015,1.45,0.0,0.4565625,0.0,0.2738784970226791,0.6118156836766282,0.16756315990025777,"physical_damage_per_capita multiplied by JUSTICE welfare_function.calculate_discount_rate; regional time-discounting visibility, not full welfare aggregation",-4144.312094162514,"scalar from welfare_function.calculate_welfare(physical_damage, welfare_loss=True)"
2049,rsas / South Asia,Sufficientarian,0.015,1.45,0.0,0.4565625,0.0,0.29073510708768885,0.6027740725878111,0.1752475845434996,"physical_damage_per_capita multiplied by JUSTICE welfare_function.calculate_discount_rate; regional time-discounting visibility, not full welfare aggregation",-4144.312094162514,"scalar from welfare_function.calculate_welfare(physical_damage, welfare_loss=True)"
2050,rsas / South Asia,Sufficientarian,0.015,1.45,0.0,0.4565625,0.0,0.3076420941212735,0.5938660813673017,0.1826982048994313,"physical_damage_per_capita multiplied by JUSTICE welfare_function.calculate_discount_rate; regional time-discounting visibility, not full welfare aggregation",-4144.312094162514,"scalar from welfare_function.calculate_welfare(physical_damage, welfare_loss=True)"
2051,rsas / South Asia,Sufficientarian,0.015,1.45,0.0,0.4565625,0.0,0.32390998614556565,0.5850897353372431,0.18951640806699907,"physical_damage_per_capita multiplied by JUSTICE welfare_function.calculate_discount_rate; regional time-discounting visibility, not full welfare aggregation",-4144.312094162514,"scalar from welfare_function.calculate_welfare(physical_damage, welfare_loss=True)"
2052,rsas / South Asia,Sufficientarian,0.015,1.45,0.0,0.4565625,0.0,0.33883006621705275,0.57644308900221,0.19531625001698125,"physical_damage_per_capita multiplied by JUSTICE welfare_function.calculate_discount_rate; regional time-discounting visibility, not full welfare aggregation",-4144.312094162514,"scalar from welfare_function.calculate_welfare(physical_damage, welfare_loss=True)"
2053,rsas / South Asia,Sufficientarian,0.015,1.45,0.0,0.4565625,0.0,0.35338830214505107,0.5679242256179409,0.20069777783816703,"physical_damage_per_capita multiplied by JUSTICE welfare_function.calculate_discount_rate; regional time-discounting visibility, not full welfare aggregation",-4144.312094162514,"scalar from welfare_function.calculate_welfare(physical_damage, welfare_loss=True)"
2054,rsas / South Asia,Sufficientarian,0.015,1.45,0.0,0.4565625,0.0,0.3682678639784396,0.5595312567664443,0.20605738075855026,"physical_damage_per_capita multiplied by JUSTICE welfare_function.calculate_discount_rate; regional time-discounting visibility, not full welfare aggregation",-4144.312094162514,"scalar from welfare_function.calculate_welfare(physical_damage, welfare_loss=True)"
2055,rsas / South Asia,Sufficientarian,0.015,1.45,0.0,0.4565625,0.0,0.383585184252034,0.5512623219373836,0.21145605933155534,"physical_damage_per_capita multiplied by JUSTICE welfare_function.calculate_discount_rate; regional time-discounting visibility, not full welfare aggregation",-4144.312094162514,"scalar from welfare_function.calculate_welfare(physical_damage, welfare_loss=True)"
2056,rsas / South Asia,Sufficientarian,0.015,1.45,0.0,0.4565625,0.0,0.40044368507280576,0.543115588115649,0.21748720752551462,"physical_damage_per_capita multiplied by JUSTICE welfare_function.calculate_discount_rate; regional time-discounting visibility, not full welfare aggregation",-4144.312094162514,"scalar from welfare_function.calculate_welfare(physical_damage, welfare_loss=True)"
2057,rsas / South Asia,Sufficientarian,0.015,1.45,0.0,0.4565625,0.0,0.4189438787069762,0.5350892493750237,0.22417236558757686,"physical_damage_per_capita multiplied by JUSTICE welfare_function.calculate_discount_rate; regional time-discounting visibility, not full welfare aggregation",-4144.312094162514,"scalar from welfare_function.calculate_welfare(physical_damage, welfare_loss=True)"
2058,rsas / South Asia,Sufficientarian,0.015,1.45,0.0,0.4565625,0.0,0.4391814823570611,0.5271815264778559,0.231528364269803,"physical_damage_per_capita multiplied by JUSTICE welfare_function.calculate_discount_rate; regional time-discounting visibility, not full welfare aggregation",-4144.312094162514,"scalar from welfare_function.calculate_welfare(physical_damage, welfare_loss=True)"
2059,rsas / South Asia,Sufficientarian,0.015,1.45,0.0,0.4565625,0.0,0.45990588483038986,0.5193906664806461,0.23887082404042748,"physical_damage_per_capita multiplied by JUSTICE welfare_function.calculate_discount_rate; regional time-discounting visibility, not full welfare aggregation",-4144.312094162514,"scalar from welfare_function.calculate_welfare(physical_damage, welfare_loss=True)"
2060,rsas / South Asia,Sufficientarian,0.015,1.45,0.0,0.4565625,0.0,0.480386927560229,0.5117149423454643,0.24582116893999734,"physical_damage_per_capita multiplied by JUSTICE welfare_function.calculate_discount_rate; regional time-discounting visibility, not full welfare aggregation",-4144.312094162514,"scalar from welfare_function.calculate_welfare(physical_damage, welfare_loss=True)"
2061,rsas / South Asia,Sufficientarian,0.015,1.45,0.0,0.4565625,0.0,0.5018965438945194,0.5041526525571077,0.25303247391366684,"physical_damage_per_capita multiplied by JUSTICE welfare_function.calculate_discount_rate; regional time-discounting visibility, not full welfare aggregation",-4144.312094162514,"scalar from welfare_function.calculate_welfare(physical_damage, welfare_loss=True)"
2062,rsas / South Asia,Sufficientarian,0.015,1.45,0.0,0.4565625,0.0,0.5229742794631149,0.49670212074591896,0.2597624337048981,"physical_damage_per_capita multiplied by JUSTICE welfare_function.calculate_discount_rate; regional time-discounting visibility, not full welfare aggregation",-4144.312094162514,"scalar from welfare_function.calculate_welfare(physical_damage, welfare_loss=True)"
2063,rsas / South Asia,Sufficientarian,0.015,1.45,0.0,0.4565625,0.0,0.5432650749925223,0.4893616953161764,0.2658531181044104,"physical_damage_per_capita multiplied by JUSTICE welfare_function.calculate_discount_rate; regional time-discounting visibility, not full welfare aggregation",-4144.312094162514,"scalar from welfare_function.calculate_welfare(physical_damage, welfare_loss=True)"
2064,rsas / South Asia,Sufficientarian,0.015,1.45,0.0,0.4565625,0.0,0.5635454768291452,0.4821297490799768,0.27170203933879167,"physical_damage_per_capita multiplied by JUSTICE welfare_function.calculate_discount_rate; regional time-discounting visibility, not full welfare aggregation",-4144.312094162514,"scalar from welfare_function.calculate_welfare(physical_damage, welfare_loss=True)"
2065,rsas / South Asia,Sufficientarian,0.015,1.45,0.0,0.4565625,0.0,0.5845160311012194,0.47500467889652886,0.2776478496631082,"physical_damage_per_capita multiplied by JUSTICE welfare_function.calculate_discount_rate; regional time-discounting visibility, not full welfare aggregation",-4144.312094162514,"scalar from welfare_function.calculate_welfare(physical_damage, welfare_loss=True)"
2066,rsas / South Asia,Sufficientarian,0.015,1.45,0.0,0.4565625,0.0,0.6072951212877237,0.4679849053167772,0.2842049498351761,"physical_damage_per_capita multiplied by JUSTICE welfare_function.calculate_discount_rate; regional time-discounting visibility, not full welfare aggregation",-4144.312094162514,"scalar from welfare_function.calculate_welfare(physical_damage, welfare_loss=True)"
2067,rsas / South Asia,Sufficientarian,0.015,1.45,0.0,0.4565625,0.0,0.631298675497423,0.46106887223327814,0.29107216835395905,"physical_damage_per_capita multiplied by JUSTICE welfare_function.calculate_discount_rate; regional time-discounting visibility, not full welfare aggregation",-4144.312094162514,"scalar from welfare_function.calculate_welfare(physical_damage, welfare_loss=True)"
2068,rsas / South Asia,Sufficientarian,0.015,1.45,0.0,0.4565625,0.0,0.6573876505118903,0.4542550465352495,0.29862165777497707,"physical_damage_per_capita multiplied by JUSTICE welfare_function.calculate_discount_rate; regional time-discounting visibility, not full welfare aggregation",-4144.312094162514,"scalar from welfare_function.calculate_welfare(physical_damage, welfare_loss=True)"
2069,rsas / South Asia,Sufficientarian,0.015,1.45,0.0,0.4565625,0.0,0.6856768030150053,0.44754191776871877,0.3068691113908595,"physical_damage_per_capita multiplied by JUSTICE welfare_function.calculate_discount_rate; regional time-discounting visibility, not full welfare aggregation",-4144.312094162514,"scalar from welfare_function.calculate_welfare(physical_damage, welfare_loss=True)"
2070,rsas / South Asia,Sufficientarian,0.015,1.45,0.0,0.4565625,0.0,0.714881930085908,0.4409279978016934,0.31521145809738954,"physical_damage_per_capita multiplied by JUSTICE welfare_function.calculate_discount_rate; regional time-discounting visibility, not full welfare aggregation",-4144.312094162514,"scalar from welfare_function.calculate_welfare(physical_damage, welfare_loss=True)"
2071,rsas / South Asia,Sufficientarian,0.015,1.45,0.0,0.4565625,0.0,0.7441334219052566,0.43441182049427923,0.32326035450050006,"physical_damage_per_capita multiplied by JUSTICE welfare_function.calculate_discount_rate; regional time-discounting visibility, not full welfare aggregation",-4144.312094162514,"scalar from welfare_function.calculate_welfare(physical_damage, welfare_loss=True)"
2072,rsas / South Asia,Sufficientarian,0.015,1.45,0.0,0.4565625,0.0,0.7722322373566968,0.42799194137367413,0.33050917445762856,"physical_damage_per_capita multiplied by JUSTICE welfare_function.calculate_discount_rate; regional time-discounting visibility, not full welfare aggregation",-4144.312094162514,"scalar from welfare_function.calculate_welfare(physical_damage, welfare_loss=True)"
2073,rsas / South Asia,Sufficientarian,0.015,1.45,0.0,0.4565625,0.0,0.7993348347098711,0.42166693731396476,0.3370530716404756,"physical_damage_per_capita multiplied by JUSTICE welfare_function.calculate_discount_rate; regional time-discounting visibility, not full welfare aggregation",-4144.312094162514,"scalar from welfare_function.calculate_welfare(physical_damage, welfare_loss=True)"
2074,rsas / South Asia,Sufficientarian,0.015,1.45,0.0,0.4565625,0.0,0.8264142102269523,0.41543540622065495,0.34332172313215564,"physical_damage_per_capita multiplied by JUSTICE welfare_function.calculate_discount_rate; regional time-discounting visibility, not full welfare aggregation",-4144.312094162514,"scalar from welfare_function.calculate_welfare(physical_damage, welfare_loss=True)"
2075,rsas / South Asia,Sufficientarian,0.015,1.45,0.0,0.4565625,0.0,0.8543784528092039,0.4092959667198571,0.3496936547871589,"physical_damage_per_capita multiplied by JUSTICE welfare_function.calculate_discount_rate; regional time-discounting visibility, not full welfare aggregation",-4144.312094162514,"scalar from welfare_function.calculate_welfare(physical_damage, welfare_loss=True)"
2076,rsas / South Asia,Sufficientarian,0.015,1.45,0.0,0.4565625,0.0,0.8836943534282149,0.403247257852076,0.35634732479929093,"physical_damage_per_capita multiplied by JUSTICE welfare_function.calculate_discount_rate; regional time-discounting visibility, not full welfare aggregation",-4144.312094162514,"scalar from welfare_function.calculate_welfare(physical_damage, welfare_loss=True)"
2077,rsas / South Asia,Sufficientarian,0.015,1.45,0.0,0.4565625,0.0,0.9136689489079836,0.3972879387705183,0.3629896534302788,"physical_damage_per_capita multiplied by JUSTICE welfare_function.calculate_discount_rate; regional time-discounting visibility, not full welfare aggregation",-4144.312094162514,"scalar from welfare_function.calculate_welfare(physical_damage, welfare_loss=True)"
2078,rsas / South Asia,Sufficientarian,0.015,1.45,0.0,0.4565625,0.0,0.9445443183468702,0.39141668844386046,0.36971040917579545,"physical_damage_per_capita multiplied by JUSTICE welfare_function.calculate_discount_rate; regional time-discounting visibility, not full welfare aggregation",-4144.312094162514,"scalar from welfare_function.calculate_welfare(physical_damage, welfare_loss=True)"
2079,rsas / South Asia,Sufficientarian,0.015,1.45,0.0,0.4565625,0.0,0.9766925545419223,0.3856322053634093,0.37664410377002344,"physical_damage_per_capita multiplied by JUSTICE welfare_function.calculate_discount_rate; regional time-discounting visibility, not full welfare aggregation",-4144.312094162514,"scalar from welfare_function.calculate_welfare(physical_damage, welfare_loss=True)"
2080,rsas / South Asia,Sufficientarian,0.015,1.45,0.0,0.4565625,0.0,1.01094386905359,0.37993320725459045,0.38409114652389514,"physical_damage_per_capita multiplied by JUSTICE welfare_function.calculate_discount_rate; regional time-discounting visibility, not full welfare aggregation",-4144.312094162514,"scalar from welfare_function.calculate_welfare(physical_damage, welfare_loss=True)"
2081,rsas / South Asia,Sufficientarian,0.015,1.45,0.0,0.4565625,0.0,1.0480016654401976,0.3743184307927,0.3922863388757109,"physical_damage_per_capita multiplied by JUSTICE welfare_function.calculate_discount_rate; regional time-discounting visibility, not full welfare aggregation",-4144.312094162514,"scalar from welfare_function.calculate_welfare(physical_damage, welfare_loss=True)"
2082,rsas / South Asia,Sufficientarian,0.015,1.45,0.0,0.4565625,0.0,1.0863314573151812,0.3687866313228572,0.40062451864331594,"physical_damage_per_capita multiplied by JUSTICE welfare_function.calculate_discount_rate; regional time-discounting visibility, not full welfare aggregation",-4144.312094162514,"scalar from welfare_function.calculate_welfare(physical_damage, welfare_loss=True)"
2083,rsas / South Asia,Sufficientarian,0.015,1.45,0.0,0.4565625,0.0,1.124769593216124,0.3633365825840958,0.40866994019365005,"physical_damage_per_capita multiplied by JUSTICE welfare_function.calculate_discount_rate; regional time-discounting visibility, not full welfare aggregation",-4144.312094162514,"scalar from welfare_function.calculate_welfare(physical_damage, welfare_loss=True)"
2084,rsas / South Asia,Sufficientarian,0.015,1.45,0.0,0.4565625,0.0,1.1628610625766733,0.35796707643753284,0.41626597487361466,"physical_damage_per_capita multiplied by JUSTICE welfare_function.calculate_discount_rate; regional time-discounting visibility, not full welfare aggregation",-4144.312094162514,"scalar from welfare_function.calculate_welfare(physical_damage, welfare_loss=True)"
2085,rsas / South Asia,Sufficientarian,0.015,1.45,0.0,0.4565625,0.0,1.2002960404810268,0.35267692259855454,0.4233167137640786,"physical_damage_per_capita multiplied by JUSTICE welfare_function.calculate_discount_rate; regional time-discounting visibility, not full welfare aggregation",-4144.312094162514,"scalar from welfare_function.calculate_welfare(physical_damage, welfare_loss=True)"
2086,rsas / South Asia,Sufficientarian,0.015,1.45,0.0,0.4565625,0.0,1.238219014112467,0.3474649483729602,0.430237705813006,"physical_damage_per_capita multiplied by JUSTICE welfare_function.calculate_discount_rate; regional time-discounting visibility, not full welfare aggregation",-4144.312094162514,"scalar from welfare_function.calculate_welfare(physical_damage, welfare_loss=True)"
2087,rsas / South Asia,Sufficientarian,0.015,1.45,0.0,0.4565625,0.0,1.2759328389208202,0.3423299983970051,0.43679008670245056,"physical_damage_per_capita multiplied by JUSTICE welfare_function.calculate_discount_rate; regional time-discounting visibility, not full welfare aggregation",-4144.312094162514,"scalar from welfare_function.calculate_welfare(physical_damage, welfare_loss=True)"
2088,rsas / South Asia,Sufficientarian,0.015,1.45,0.0,0.4565625,0.0,1.3134958222998945,0.3372709343812859,0.4430039632930009,"physical_damage_per_capita multiplied by JUSTICE welfare_function.calculate_discount_rate; regional time-discounting visibility, not full welfare aggregation",-4144.312094162514,"scalar from welfare_function.calculate_welfare(physical_damage, welfare_loss=True)"
2089,rsas / South Asia,Sufficientarian,0.015,1.45,0.0,0.4565625,0.0,1.352500559153559,0.3322866348584098,0.44941785944525375,"physical_damage_per_capita multiplied by JUSTICE welfare_function.calculate_discount_rate; regional time-discounting visibility, not full welfare aggregation",-4144.312094162514,"scalar from welfare_function.calculate_welfare(physical_damage, welfare_loss=True)"
2090,rsas / South Asia,Sufficientarian,0.015,1.45,0.0,0.4565625,0.0,1.393429598878162,0.3273759949343939,0.45617540130377165,"physical_damage_per_capita multiplied by JUSTICE welfare_function.calculate_discount_rate; regional time-discounting visibility, not full welfare aggregation",-4144.312094162514,"scalar from welfare_function.calculate_welfare(physical_damage, welfare_loss=True)"
2091,rsas / South Asia,Sufficientarian,0.015,1.45,0.0,0.4565625,0.0,1.4377897217786437,0.3225379260437378,0.46374171494948657,"physical_damage_per_capita multiplied by JUSTICE welfare_function.calculate_discount_rate; regional time-discounting visibility, not full welfare aggregation",-4144.312094162514,"scalar from welfare_function.calculate_welfare(physical_damage, welfare_loss=True)"
2092,rsas / South Asia,Sufficientarian,0.015,1.45,0.0,0.4565625,0.0,1.4855307888386187,0.31777135570811615,0.47205913271539507,"physical_damage_per_capita multiplied by JUSTICE welfare_function.calculate_discount_rate; regional time-discounting visibility, not full welfare aggregation",-4144.312094162514,"scalar from welfare_function.calculate_welfare(physical_damage, welfare_loss=True)"
2093,rsas / South Asia,Sufficientarian,0.015,1.45,0.0,0.4565625,0.0,1.53580275088205,0.3130752272986366,0.4808217953182692,"physical_damage_per_capita multiplied by JUSTICE welfare_function.calculate_discount_rate; regional time-discounting visibility, not full welfare aggregation",-4144.312094162514,"scalar from welfare_function.calculate_welfare(physical_damage, welfare_loss=True)"
2094,rsas / South Asia,Sufficientarian,0.015,1.45,0.0,0.4565625,0.0,1.5872850972369432,0.3084484998016125,0.4895957070001917,"physical_damage_per_capita multiplied by JUSTICE welfare_function.calculate_discount_rate; regional time-discounting visibility, not full welfare aggregation",-4144.312094162514,"scalar from welfare_function.calculate_welfare(physical_damage, welfare_loss=True)"
2095,rsas / South Asia,Sufficientarian,0.015,1.45,0.0,0.4565625,0.0,1.6378196208469546,0.30389014758779553,0.4977172463013684,"physical_damage_per_capita multiplied by JUSTICE welfare_function.calculate_discount_rate; regional time-discounting visibility, not full welfare aggregation",-4144.312094162514,"scalar from welfare_function.calculate_welfare(physical_damage, welfare_loss=True)"
2096,rsas / South Asia,Sufficientarian,0.015,1.45,0.0,0.4565625,0.0,1.688402084659633,0.29939916018502033,0.5055061662017317,"physical_damage_per_capita multiplied by JUSTICE welfare_function.calculate_discount_rate; regional time-discounting visibility, not full welfare aggregation",-4144.312094162514,"scalar from welfare_function.calculate_welfare(physical_damage, welfare_loss=True)"
2097,rsas / South Asia,Sufficientarian,0.015,1.45,0.0,0.4565625,0.0,1.7373586878334648,0.2949745420542072,0.5124765833275746,"physical_damage_per_capita multiplied by JUSTICE welfare_function.calculate_discount_rate; regional time-discounting visibility, not full welfare aggregation",-4144.312094162514,"scalar from welfare_function.calculate_welfare(physical_damage, welfare_loss=True)"
2098,rsas / South Asia,Sufficientarian,0.015,1.45,0.0,0.4565625,0.0,1.786126370258723,0.2906153123686771,0.5190756730226702,"physical_damage_per_capita multiplied by JUSTICE welfare_function.calculate_discount_rate; regional time-discounting visibility, not full welfare aggregation",-4144.312094162514,"scalar from welfare_function.calculate_welfare(physical_damage, welfare_loss=True)"
2099,rsas / South Asia,Sufficientarian,0.015,1.45,0.0,0.4565625,0.0,1.8359432021113606,0.2863205047967262,0.5256681844066428,"physical_damage_per_capita multiplied by JUSTICE welfare_function.calculate_discount_rate; regional time-discounting visibility, not full welfare aggregation",-4144.312094162514,"scalar from welfare_function.calculate_welfare(physical_damage, welfare_loss=True)"
2100,rsas / South Asia,Sufficientarian,0.015,1.45,0.0,0.4565625,0.0,1.8876922020266935,0.282089167287415,0.5324975213646568,"physical_damage_per_capita multiplied by JUSTICE welfare_function.calculate_discount_rate; regional time-discounting visibility, not full welfare aggregation",-4144.312094162514,"scalar from welfare_function.calculate_welfare(physical_damage, welfare_loss=True)"
2101,rsas / South Asia,Sufficientarian,0.015,1.45,0.0,0.4565625,0.0,1.9427228408067831,0.27792036185952224,0.5399222349097802,"physical_damage_per_capita multiplied by JUSTICE welfare_function.calculate_discount_rate; regional time-discounting visibility, not full welfare aggregation",-4144.312094162514,"scalar from welfare_function.calculate_welfare(physical_damage, welfare_loss=True)"
2102,rsas / South Asia,Sufficientarian,0.015,1.45,0.0,0.4565625,0.0,2.001835069849156,0.27381316439361797,0.5481287950695167,"physical_damage_per_capita multiplied by JUSTICE welfare_function.calculate_discount_rate; regional time-discounting visibility, not full welfare aggregation",-4144.312094162514,"scalar from welfare_function.calculate_welfare(physical_damage, welfare_loss=True)"
2103,rsas / South Asia,Sufficientarian,0.015,1.45,0.0,0.4565625,0.0,2.0649798635180168,0.26976666442720987,0.5570627298906105,"physical_damage_per_capita multiplied by JUSTICE welfare_function.calculate_discount_rate; regional time-discounting visibility, not full welfare aggregation",-4144.312094162514,"scalar from welfare_function.calculate_welfare(physical_damage, welfare_loss=True)"
2104,rsas / South Asia,Sufficientarian,0.015,1.45,0.0,0.4565625,0.0,2.1281761239412975,0.2657799649529161,0.5656265756347509,"physical_damage_per_capita multiplied by JUSTICE welfare_function.calculate_discount_rate; regional time-discounting visibility, not full welfare aggregation",-4144.312094162514,"scalar from welfare_function.calculate_welfare(physical_damage, welfare_loss=True)"
2105,rsas / South Asia,Sufficientarian,0.015,1.45,0.0,0.4565625,0.0,2.1896818531252222,0.26185218221962187,0.573372971607545,"physical_damage_per_capita multiplied by JUSTICE welfare_function.calculate_discount_rate; regional time-discounting visibility, not full welfare aggregation",-4144.312094162514,"scalar from welfare_function.calculate_welfare(physical_damage, welfare_loss=True)"
2106,rsas / South Asia,Sufficientarian,0.015,1.45,0.0,0.4565625,0.0,2.2505081700178113,0.25798244553657323,0.5805916014012331,"physical_damage_per_capita multiplied by JUSTICE welfare_function.calculate_discount_rate; regional time-discounting visibility, not full welfare aggregation",-4144.312094162514,"scalar from welfare_function.calculate_welfare(physical_damage, welfare_loss=True)"
2107,rsas / South Asia,Sufficientarian,0.015,1.45,0.0,0.4565625,0.0,2.309667929831652,0.25416989708036775,0.587048060015137,"physical_damage_per_capita multiplied by JUSTICE welfare_function.calculate_discount_rate; regional time-discounting visibility, not full welfare aggregation",-4144.312094162514,"scalar from welfare_function.calculate_welfare(physical_damage, welfare_loss=True)"
2108,rsas / South Asia,Sufficientarian,0.015,1.45,0.0,0.4565625,0.0,2.3682809141715038,0.2504136917047958,0.593049966711695,"physical_damage_per_capita multiplied by JUSTICE welfare_function.calculate_discount_rate; regional time-discounting visibility, not full welfare aggregation",-4144.312094162514,"scalar from welfare_function.calculate_welfare(physical_damage, welfare_loss=True)"
2109,rsas / South Asia,Sufficientarian,0.015,1.45,0.0,0.4565625,0.0,2.4280455463749666,0.24671299675349345,0.5990303930001414,"physical_damage_per_capita multiplied by JUSTICE welfare_function.calculate_discount_rate; regional time-discounting visibility, not full welfare aggregation",-4144.312094162514,"scalar from welfare_function.calculate_welfare(physical_damage, welfare_loss=True)"
2110,rsas / South Asia,Sufficientarian,0.015,1.45,0.0,0.4565625,0.0,2.489785597269893,0.24306699187536304,0.605184695542997,"physical_damage_per_capita multiplied by JUSTICE welfare_function.calculate_discount_rate; regional time-discounting visibility, not full welfare aggregation",-4144.312094162514,"scalar from welfare_function.calculate_welfare(physical_damage, welfare_loss=True)"
2111,rsas / South Asia,Sufficientarian,0.015,1.45,0.0,0.4565625,0.0,2.5547085073941114,0.23947486884272226,0.6117884847395916,"physical_damage_per_capita multiplied by JUSTICE welfare_function.calculate_discount_rate; regional time-discounting visibility, not full welfare aggregation",-4144.312094162514,"scalar from welfare_function.calculate_welfare(physical_damage, welfare_loss=True)"
2112,rsas / South Asia,Sufficientarian,0.015,1.45,0.0,0.4565625,0.0,2.6236758708753496,0.23593583137214016,0.6190191478459994,"physical_damage_per_capita multiplied by JUSTICE welfare_function.calculate_discount_rate; regional time-discounting visibility, not full welfare aggregation",-4144.312094162514,"scalar from welfare_function.calculate_welfare(physical_damage, welfare_loss=True)"
2113,rsas / South Asia,Sufficientarian,0.015,1.45,0.0,0.4565625,0.0,2.698911359294287,0.23244909494792138,0.6273595028126213,"physical_damage_per_capita multiplied by JUSTICE welfare_function.calculate_discount_rate; regional time-discounting visibility, not full welfare aggregation",-4144.312094162514,"scalar from welfare_function.calculate_welfare(physical_damage, welfare_loss=True)"
2114,rsas / South Asia,Sufficientarian,0.015,1.45,0.0,0.4565625,0.0,2.776303076763155,0.2290138866481984,0.6358119581228816,"physical_damage_per_capita multiplied by JUSTICE welfare_function.calculate_discount_rate; regional time-discounting visibility, not full welfare aggregation",-4144.312094162514,"scalar from welfare_function.calculate_welfare(physical_damage, welfare_loss=True)"
2115,rsas / South Asia,Sufficientarian,0.015,1.45,0.0,0.4565625,0.0,2.851275509437793,0.22562944497359452,0.6433317106612523,"physical_damage_per_capita multiplied by JUSTICE welfare_function.calculate_discount_rate; regional time-discounting visibility, not full welfare aggregation",-4144.312094162514,"scalar from welfare_function.calculate_welfare(physical_damage, welfare_loss=True)"
2116,rsas / South Asia,Sufficientarian,0.015,1.45,0.0,0.4565625,0.0,2.923067872205993,0.2222950196784183,0.6497834301733835,"physical_damage_per_capita multiplied by JUSTICE welfare_function.calculate_discount_rate; regional time-discounting visibility, not full welfare aggregation",-4144.312094162514,"scalar from welfare_function.calculate_welfare(physical_damage, welfare_loss=True)"
2117,rsas / South Asia,Sufficientarian,0.015,1.45,0.0,0.4565625,0.0,2.9928328151665027,0.219009871604353,0.6554599305829101,"physical_damage_per_capita multiplied by JUSTICE welfare_function.calculate_discount_rate; regional time-discounting visibility, not full welfare aggregation",-4144.312094162514,"scalar from welfare_function.calculate_welfare(physical_damage, welfare_loss=True)"
2118,rsas / South Asia,Sufficientarian,0.015,1.45,0.0,0.4565625,0.0,3.0625104644341423,0.21577327251660394,0.6608079050272995,"physical_damage_per_capita multiplied by JUSTICE welfare_function.calculate_discount_rate; regional time-discounting visibility, not full welfare aggregation",-4144.312094162514,"scalar from welfare_function.calculate_welfare(physical_damage, welfare_loss=True)"
2119,rsas / South Asia,Sufficientarian,0.015,1.45,0.0,0.4565625,0.0,3.1321537933896426,0.21258450494246697,0.6658473635714072,"physical_damage_per_capita multiplied by JUSTICE welfare_function.calculate_discount_rate; regional time-discounting visibility, not full welfare aggregation",-4144.312094162514,"scalar from welfare_function.calculate_welfare(physical_damage, welfare_loss=True)"
2120,rsas / South Asia,Sufficientarian,0.015,1.45,0.0,0.4565625,0.0,3.2035892235357535,0.20944286201228274,0.6709688956890348,"physical_damage_per_capita multiplied by JUSTICE welfare_function.calculate_discount_rate; regional time-discounting visibility, not full welfare aggregation",-4144.312094162514,"scalar from welfare_function.calculate_welfare(physical_damage, welfare_loss=True)"
2121,rsas / South Asia,Sufficientarian,0.015,1.45,0.0,0.4565625,0.0,3.2775511541339113,0.20634764730274166,0.6763149695699182,"physical_damage_per_capita multiplied by JUSTICE welfare_function.calculate_discount_rate; regional time-discounting visibility, not full welfare aggregation",-4144.312094162514,"scalar from welfare_function.calculate_welfare(physical_damage, welfare_loss=True)"
2122,rsas / South Asia,Sufficientarian,0.015,1.45,0.0,0.4565625,0.0,3.3562709401209254,0.2032981746825041,0.6823237558665162,"physical_damage_per_capita multiplied by JUSTICE welfare_function.calculate_discount_rate; regional time-discounting visibility, not full welfare aggregation",-4144.312094162514,"scalar from welfare_function.calculate_welfare(physical_damage, welfare_loss=True)"
2123,rsas / South Asia,Sufficientarian,0.015,1.45,0.0,0.4565625,0.0,3.441549635534362,0.20029376816010258,0.6893209448112051,"physical_damage_per_capita multiplied by JUSTICE welfare_function.calculate_discount_rate; regional time-discounting visibility, not full welfare aggregation",-4144.312094162514,"scalar from welfare_function.calculate_welfare(physical_damage, welfare_loss=True)"
2124,rsas / South Asia,Sufficientarian,0.015,1.45,0.0,0.4565625,0.0,3.532437818064331,0.19733376173409123,0.6970692427303998,"physical_damage_per_capita multiplied by JUSTICE welfare_function.calculate_discount_rate; regional time-discounting visibility, not full welfare aggregation",-4144.312094162514,"scalar from welfare_function.calculate_welfare(physical_damage, welfare_loss=True)"
2125,rsas / South Asia,Sufficientarian,0.015,1.45,0.0,0.4565625,0.0,3.621025986377945,0.1944174992454101,0.7039908169742445,"physical_damage_per_capita multiplied by JUSTICE welfare_function.calculate_discount_rate; regional time-discounting visibility, not full welfare aggregation",-4144.312094162514,"scalar from welfare_function.calculate_welfare(physical_damage, welfare_loss=True)"
2126,rsas / South Asia,Sufficientarian,0.015,1.45,0.0,0.4565625,0.0,3.7052337982462844,0.19154433423193118,0.7097165410587342,"physical_damage_per_capita multiplied by JUSTICE welfare_function.calculate_discount_rate; regional time-discounting visibility, not full welfare aggregation",-4144.312094162514,"scalar from welfare_function.calculate_welfare(physical_damage, welfare_loss=True)"
2127,rsas / South Asia,Sufficientarian,0.015,1.45,0.0,0.4565625,0.0,3.7872009681617897,0.18871362978515388,0.7146964414276603,"physical_damage_per_capita multiplied by JUSTICE welfare_function.calculate_discount_rate; regional time-discounting visibility, not full welfare aggregation",-4144.312094162514,"scalar from welfare_function.calculate_welfare(physical_damage, welfare_loss=True)"
2128,rsas / South Asia,Sufficientarian,0.015,1.45,0.0,0.4565625,0.0,3.8651813596924187,0.18592475840901862,0.718632910507855,"physical_damage_per_capita multiplied by JUSTICE welfare_function.calculate_discount_rate; regional time-discounting visibility, not full welfare aggregation",-4144.312094162514,"scalar from welfare_function.calculate_welfare(physical_damage, welfare_loss=True)"
2129,rsas / South Asia,Sufficientarian,0.015,1.45,0.0,0.4565625,0.0,3.9432759957875785,0.18317710188080652,0.7223178688245201,"physical_damage_per_capita multiplied by JUSTICE welfare_function.calculate_discount_rate; regional time-discounting visibility, not full welfare aggregation",-4144.312094162514,"scalar from welfare_function.calculate_welfare(physical_damage, welfare_loss=True)"
2130,rsas / South Asia,Sufficientarian,0.015,1.45,0.0,0.4565625,0.0,4.0236513888587755,0.18047005111409511,0.726148571812643,"physical_damage_per_capita multiplied by JUSTICE welfare_function.calculate_discount_rate; regional time-discounting visibility, not full welfare aggregation",-4144.312094162514,"scalar from welfare_function.calculate_welfare(physical_damage, welfare_loss=True)"
2131,rsas / South Asia,Sufficientarian,0.015,1.45,0.0,0.4565625,0.0,4.10666566953927,0.17780300602373905,0.7301775007785731,"physical_damage_per_capita multiplied by JUSTICE welfare_function.calculate_discount_rate; regional time-discounting visibility, not full welfare aggregation",-4144.312094162514,"scalar from welfare_function.calculate_welfare(physical_damage, welfare_loss=True)"
2132,rsas / South Asia,Sufficientarian,0.015,1.45,0.0,0.4565625,0.0,4.195586120596543,0.1751753753928464,0.7349633736685155,"physical_damage_per_capita multiplied by JUSTICE welfare_function.calculate_discount_rate; regional time-discounting visibility, not full welfare aggregation",-4144.312094162514,"scalar from welfare_function.calculate_welfare(physical_damage, welfare_loss=True)"
2133,rsas / South Asia,Sufficientarian,0.015,1.45,0.0,0.4565625,0.0,4.294719714495533,0.1725865767417206,0.7412109735899636,"physical_damage_per_capita multiplied by JUSTICE welfare_function.calculate_discount_rate; regional time-discounting visibility, not full welfare aggregation",-4144.312094162514,"scalar from welfare_function.calculate_welfare(physical_damage, welfare_loss=True)"
2134,rsas / South Asia,Sufficientarian,0.015,1.45,0.0,0.4565625,0.0,4.39828457832123,0.1700360361987395,0.7478668757717865,"physical_damage_per_capita multiplied by JUSTICE welfare_function.calculate_discount_rate; regional time-discounting visibility, not full welfare aggregation",-4144.312094162514,"scalar from welfare_function.calculate_welfare(physical_damage, welfare_loss=True)"
2135,rsas / South Asia,Sufficientarian,0.015,1.45,0.0,0.4565625,0.0,4.49884925863693,0.16752318837314237,0.7536615718170064,"physical_damage_per_capita multiplied by JUSTICE welfare_function.calculate_discount_rate; regional time-discounting visibility, not full welfare aggregation",-4144.312094162514,"scalar from welfare_function.calculate_welfare(physical_damage, welfare_loss=True)"
2136,rsas / South Asia,Sufficientarian,0.015,1.45,0.0,0.4565625,0.0,4.594000154749415,0.16504747622969693,0.7582281313402282,"physical_damage_per_capita multiplied by JUSTICE welfare_function.calculate_discount_rate; regional time-discounting visibility, not full welfare aggregation",-4144.312094162514,"scalar from welfare_function.calculate_welfare(physical_damage, welfare_loss=True)"
2137,rsas / South Asia,Sufficientarian,0.015,1.45,0.0,0.4565625,0.0,4.6827094396931805,0.1626083509652187,0.7614476600377713,"physical_damage_per_capita multiplied by JUSTICE welfare_function.calculate_discount_rate; regional time-discounting visibility, not full welfare aggregation",-4144.312094162514,"scalar from welfare_function.calculate_welfare(physical_damage, welfare_loss=True)"
2138,rsas / South Asia,Sufficientarian,0.015,1.45,0.0,0.4565625,0.0,4.766594207651366,0.16020527188691497,0.763633521011381,"physical_damage_per_capita multiplied by JUSTICE welfare_function.calculate_discount_rate; regional time-discounting visibility, not full welfare aggregation",-4144.312094162514,"scalar from welfare_function.calculate_welfare(physical_damage, welfare_loss=True)"
2139,rsas / South Asia,Sufficientarian,0.015,1.45,0.0,0.4565625,0.0,4.850755423390667,0.15783770629252708,0.765632109814019,"physical_damage_per_capita multiplied by JUSTICE welfare_function.calculate_discount_rate; regional time-discounting visibility, not full welfare aggregation",-4144.312094162514,"scalar from welfare_function.calculate_welfare(physical_damage, welfare_loss=True)"
2140,rsas / South Asia,Sufficientarian,0.015,1.45,0.0,0.4565625,0.0,4.938506481367594,0.15550512935224345,0.7679630891919603,"physical_damage_per_capita multiplied by JUSTICE welfare_function.calculate_discount_rate; regional time-discounting visibility, not full welfare aggregation",-4144.312094162514,"scalar from welfare_function.calculate_welfare(physical_damage, welfare_loss=True)"
2141,rsas / South Asia,Sufficientarian,0.015,1.45,0.0,0.4565625,0.0,5.027330275026358,0.15320702399235808,0.7702223100634714,"physical_damage_per_capita multiplied by JUSTICE welfare_function.calculate_discount_rate; regional time-discounting visibility, not full welfare aggregation",-4144.312094162514,"scalar from welfare_function.calculate_welfare(physical_damage, welfare_loss=True)"
2142,rsas / South Asia,Sufficientarian,0.015,1.45,0.0,0.4565625,0.0,5.119403399052945,0.15094288078064838,0.7727374969312947,"physical_damage_per_capita multiplied by JUSTICE welfare_function.calculate_discount_rate; regional time-discounting visibility, not full welfare aggregation",-4144.312094162514,"scalar from welfare_function.calculate_welfare(physical_damage, welfare_loss=True)"
2143,rsas / South Asia,Sufficientarian,0.015,1.45,0.0,0.4565625,0.0,5.21731529413699,0.1487121978134467,0.7758784240768208,"physical_damage_per_capita multiplied by JUSTICE welfare_function.calculate_discount_rate; regional time-discounting visibility, not full welfare aggregation",-4144.312094162514,"scalar from welfare_function.calculate_welfare(physical_damage, welfare_loss=True)"
2144,rsas / South Asia,Sufficientarian,0.015,1.45,0.0,0.4565625,0.0,5.321560397841868,0.146514480604381,0.7796856576946444,"physical_damage_per_capita multiplied by JUSTICE welfare_function.calculate_discount_rate; regional time-discounting visibility, not full welfare aggregation",-4144.312094162514,"scalar from welfare_function.calculate_welfare(physical_damage, welfare_loss=True)"
2145,rsas / South Asia,Sufficientarian,0.015,1.45,0.0,0.4565625,0.0,5.426763532271373,0.14434924197475962,0.7833492022596417,"physical_damage_per_capita multiplied by JUSTICE welfare_function.calculate_discount_rate; regional time-discounting visibility, not full welfare aggregation",-4144.312094162514,"scalar from welfare_function.calculate_welfare(physical_damage, welfare_loss=True)"
2146,rsas / South Asia,Sufficientarian,0.015,1.45,0.0,0.4565625,0.0,5.527997363416199,0.142216001945576,0.7861696837907372,"physical_damage_per_capita multiplied by JUSTICE welfare_function.calculate_discount_rate; regional time-discounting visibility, not full welfare aggregation",-4144.312094162514,"scalar from welfare_function.calculate_welfare(physical_damage, welfare_loss=True)"
2147,rsas / South Asia,Sufficientarian,0.015,1.45,0.0,0.4565625,0.0,5.627869567293551,0.14011428763110936,0.7885449353021357,"physical_damage_per_capita multiplied by JUSTICE welfare_function.calculate_discount_rate; regional time-discounting visibility, not full welfare aggregation",-4144.312094162514,"scalar from welfare_function.calculate_welfare(physical_damage, welfare_loss=True)"
2148,rsas / South Asia,Sufficientarian,0.015,1.45,0.0,0.4565625,0.0,5.723827882605116,0.1380436331340979,0.790137996349061,"physical_damage_per_capita multiplied by JUSTICE welfare_function.calculate_discount_rate; regional time-discounting visibility, not full welfare aggregation",-4144.312094162514,"scalar from welfare_function.calculate_welfare(physical_damage, welfare_loss=True)"
2149,rsas / South Asia,Sufficientarian,0.015,1.45,0.0,0.4565625,0.0,5.8183419008588535,0.136003579442461,0.7913153249368566,"physical_damage_per_capita multiplied by JUSTICE welfare_function.calculate_discount_rate; regional time-discounting visibility, not full welfare aggregation",-4144.312094162514,"scalar from welfare_function.calculate_welfare(physical_damage, welfare_loss=True)"
2150,rsas / South Asia,Sufficientarian,0.015,1.45,0.0,0.4565625,0.0,5.913564280853068,0.1339936743275478,0.7923802063636454,"physical_damage_per_capita multiplied by JUSTICE welfare_function.calculate_discount_rate; regional time-discounting visibility, not full welfare aggregation",-4144.312094162514,"scalar from welfare_function.calculate_welfare(physical_damage, welfare_loss=True)"
2151,rsas / South Asia,Sufficientarian,0.015,1.45,0.0,0.4565625,0.0,6.005631231004563,0.13201347224388946,0.7928242318212566,"physical_damage_per_capita multiplied by JUSTICE welfare_function.calculate_discount_rate; regional time-discounting visibility, not full welfare aggregation",-4144.312094162514,"scalar from welfare_function.calculate_welfare(physical_damage, welfare_loss=True)"
2152,rsas / South Asia,Sufficientarian,0.015,1.45,0.0,0.4565625,0.0,6.099139692659386,0.13006253423043299,0.7932695650527039,"physical_damage_per_capita multiplied by JUSTICE welfare_function.calculate_discount_rate; regional time-discounting visibility, not full welfare aggregation",-4144.312094162514,"scalar from welfare_function.calculate_welfare(physical_damage, welfare_loss=True)"
2153,rsas / South Asia,Sufficientarian,0.015,1.45,0.0,0.4565625,0.0,6.194827603082189,0.12814042781323448,0.7938078592881855,"physical_damage_per_capita multiplied by JUSTICE welfare_function.calculate_discount_rate; regional time-discounting visibility, not full welfare aggregation",-4144.312094162514,"scalar from welfare_function.calculate_welfare(physical_damage, welfare_loss=True)"
2154,rsas / South Asia,Sufficientarian,0.015,1.45,0.0,0.4565625,0.0,6.295533804530596,0.12624672690959063,0.7947905369706703,"physical_damage_per_capita multiplied by JUSTICE welfare_function.calculate_discount_rate; regional time-discounting visibility, not full welfare aggregation",-4144.312094162514,"scalar from welfare_function.calculate_welfare(physical_damage, welfare_loss=True)"
2155,rsas / South Asia,Sufficientarian,0.015,1.45,0.0,0.4565625,0.0,6.405341634994291,0.12438101173358686,0.7967028730598573,"physical_damage_per_capita multiplied by JUSTICE welfare_function.calculate_discount_rate; regional time-discounting visibility, not full welfare aggregation",-4144.312094162514,"scalar from welfare_function.calculate_welfare(physical_damage, welfare_loss=True)"
2156,rsas / South Asia,Sufficientarian,0.015,1.45,0.0,0.4565625,0.0,6.5181183697389065,0.12254286870304124,0.798748923573796,"physical_damage_per_capita multiplied by JUSTICE welfare_function.calculate_discount_rate; regional time-discounting visibility, not full welfare aggregation",-4144.312094162514,"scalar from welfare_function.calculate_welfare(physical_damage, welfare_loss=True)"
2157,rsas / South Asia,Sufficientarian,0.015,1.45,0.0,0.4565625,0.0,6.6279841489937175,0.12073189034782389,0.8002090555034244,"physical_damage_per_capita multiplied by JUSTICE welfare_function.calculate_discount_rate; regional time-discounting visibility, not full welfare aggregation",-4144.312094162514,"scalar from welfare_function.calculate_welfare(physical_damage, welfare_loss=True)"
2158,rsas / South Asia,Sufficientarian,0.015,1.45,0.0,0.4565625,0.0,6.730838909007189,0.11894767521953095,0.8006176405035692,"physical_damage_per_capita multiplied by JUSTICE welfare_function.calculate_discount_rate; regional time-discounting visibility, not full welfare aggregation",-4144.312094162514,"scalar from welfare_function.calculate_welfare(physical_damage, welfare_loss=True)"
2159,rsas / South Asia,Sufficientarian,0.015,1.45,0.0,0.4565625,0.0,6.82782808974708,0.11718982780249355,0.8001519981024888,"physical_damage_per_capita multiplied by JUSTICE welfare_function.calculate_discount_rate; regional time-discounting visibility, not full welfare aggregation",-4144.312094162514,"scalar from welfare_function.calculate_welfare(physical_damage, welfare_loss=True)"
2160,rsas / South Asia,Sufficientarian,0.015,1.45,0.0,0.4565625,0.0,6.918718309851282,0.11545795842610204,0.7988210909807203,"physical_damage_per_capita multiplied by JUSTICE welfare_function.calculate_discount_rate; regional time-discounting visibility, not full welfare aggregation",-4144.312094162514,"scalar from welfare_function.calculate_welfare(physical_damage, welfare_loss=True)"
2161,rsas / South Asia,Sufficientarian,0.015,1.45,0.0,0.4565625,0.0,7.0013268691311294,0.11375168317842566,0.796412715846003,"physical_damage_per_capita multiplied by JUSTICE welfare_function.calculate_discount_rate; regional time-discounting visibility, not full welfare aggregation",-4144.312094162514,"scalar from welfare_function.calculate_welfare(physical_damage, welfare_loss=True)"
2162,rsas / South Asia,Sufficientarian,0.015,1.45,0.0,0.4565625,0.0,7.084357221522711,0.11207062382110904,0.7939483331876289,"physical_damage_per_capita multiplied by JUSTICE welfare_function.calculate_discount_rate; regional time-discounting visibility, not full welfare aggregation",-4144.312094162514,"scalar from welfare_function.calculate_welfare(physical_damage, welfare_loss=True)"
2163,rsas / South Asia,Sufficientarian,0.015,1.45,0.0,0.4565625,0.0,7.17139045850979,0.11041440770552614,0.79182482990142,"physical_damage_per_capita multiplied by JUSTICE welfare_function.calculate_discount_rate; regional time-discounting visibility, not full welfare aggregation",-4144.312094162514,"scalar from welfare_function.calculate_welfare(physical_damage, welfare_loss=True)"
2164,rsas / South Asia,Sufficientarian,0.015,1.45,0.0,0.4565625,0.0,7.265787086610339,0.10878266769017356,0.7903917021502868,"physical_damage_per_capita multiplied by JUSTICE welfare_function.calculate_discount_rate; regional time-discounting visibility, not full welfare aggregation",-4144.312094162514,"scalar from welfare_function.calculate_welfare(physical_damage, welfare_loss=True)"
2165,rsas / South Asia,Sufficientarian,0.015,1.45,0.0,0.4565625,0.0,7.3707358623902515,0.10717504205928431,0.7899589260595504,"physical_damage_per_capita multiplied by JUSTICE welfare_function.calculate_discount_rate; regional time-discounting visibility, not full welfare aggregation",-4144.312094162514,"scalar from welfare_function.calculate_welfare(physical_damage, welfare_loss=True)"
2166,rsas / South Asia,Sufficientarian,0.015,1.45,0.0,0.4565625,0.0,7.479111966024295,0.10559117444264465,0.7897282162805423,"physical_damage_per_capita multiplied by JUSTICE welfare_function.calculate_discount_rate; regional time-discounting visibility, not full welfare aggregation",-4144.312094162514,"scalar from welfare_function.calculate_welfare(physical_damage, welfare_loss=True)"
2167,rsas / South Asia,Sufficientarian,0.015,1.45,0.0,0.4565625,0.0,7.582595851405901,0.10403071373659573,0.7888228583979057,"physical_damage_per_capita multiplied by JUSTICE welfare_function.calculate_discount_rate; regional time-discounting visibility, not full welfare aggregation",-4144.312094162514,"scalar from welfare_function.calculate_welfare(physical_damage, welfare_loss=True)"
2168,rsas / South Asia,Sufficientarian,0.015,1.45,0.0,0.4565625,0.0,7.67758928306222,0.10249331402620268,0.7869015693531044,"physical_damage_per_capita multiplied by JUSTICE welfare_function.calculate_discount_rate; regional time-discounting visibility, not full welfare aggregation",-4144.312094162514,"scalar from welfare_function.calculate_welfare(physical_damage, welfare_loss=True)"
2169,rsas / South Asia,Sufficientarian,0.015,1.45,0.0,0.4565625,0.0,7.76420946765824,0.10097863450857408,0.784019270082672,"physical_damage_per_capita multiplied by JUSTICE welfare_function.calculate_discount_rate; regional time-discounting visibility, not full welfare aggregation",-4144.312094162514,"scalar from welfare_function.calculate_welfare(physical_damage, welfare_loss=True)"
2170,rsas / South Asia,Sufficientarian,0.015,1.45,0.0,0.4565625,0.0,7.840774377147579,0.09948633941731437,0.7800499409794857,"physical_damage_per_capita multiplied by JUSTICE welfare_function.calculate_discount_rate; regional time-discounting visibility, not full welfare aggregation",-4144.312094162514,"scalar from welfare_function.calculate_welfare(physical_damage, welfare_loss=True)"
2171,rsas / South Asia,Sufficientarian,0.015,1.45,0.0,0.4565625,0.0,7.909024796779807,0.09801609794809299,0.7752117491550659,"physical_damage_per_capita multiplied by JUSTICE welfare_function.calculate_discount_rate; regional time-discounting visibility, not full welfare aggregation",-4144.312094162514,"scalar from welfare_function.calculate_welfare(physical_damage, welfare_loss=True)"
2172,rsas / South Asia,Sufficientarian,0.015,1.45,0.0,0.4565625,0.0,7.97896668620711,0.09656758418531329,0.7705095371821152,"physical_damage_per_capita multiplied by JUSTICE welfare_function.calculate_discount_rate; regional time-discounting visibility, not full welfare aggregation",-4144.312094162514,"scalar from welfare_function.calculate_welfare(physical_damage, welfare_loss=True)"
2173,rsas / South Asia,Sufficientarian,0.015,1.45,0.0,0.4565625,0.0,8.052164797526745,0.09514047702986533,0.7660867999597835,"physical_damage_per_capita multiplied by JUSTICE welfare_function.calculate_discount_rate; regional time-discounting visibility, not full welfare aggregation",-4144.312094162514,"scalar from welfare_function.calculate_welfare(physical_damage, welfare_loss=True)"
2174,rsas / South Asia,Sufficientarian,0.015,1.45,0.0,0.4565625,0.0,8.130643691809587,0.09373446012794615,0.7621214969444625,"physical_damage_per_capita multiplied by JUSTICE welfare_function.calculate_discount_rate; regional time-discounting visibility, not full welfare aggregation",-4144.312094162514,"scalar from welfare_function.calculate_welfare(physical_damage, welfare_loss=True)"
2175,rsas / South Asia,Sufficientarian,0.015,1.45,0.0,0.4565625,0.0,8.21858479294331,0.09234922180093218,0.7589799099332899,"physical_damage_per_capita multiplied by JUSTICE welfare_function.calculate_discount_rate; regional time-discounting visibility, not full welfare aggregation",-4144.312094162514,"scalar from welfare_function.calculate_welfare(physical_damage, welfare_loss=True)"
2176,rsas / South Asia,Sufficientarian,0.015,1.45,0.0,0.4565625,0.0,8.305676889203845,0.09098445497628786,0.7556874849733618,"physical_damage_per_capita multiplied by JUSTICE welfare_function.calculate_discount_rate; regional time-discounting visibility, not full welfare aggregation",-4144.312094162514,"scalar from welfare_function.calculate_welfare(physical_damage, welfare_loss=True)"
2177,rsas / South Asia,Sufficientarian,0.015,1.45,0.0,0.4565625,0.0,8.392383787098575,0.08963985711949544,0.7522920835674863,"physical_damage_per_capita multiplied by JUSTICE welfare_function.calculate_discount_rate; regional time-discounting visibility, not full welfare aggregation",-4144.312094162514,"scalar from welfare_function.calculate_welfare(physical_damage, welfare_loss=True)"
2178,rsas / South Asia,Sufficientarian,0.015,1.45,0.0,0.4565625,0.0,8.475092021511989,0.0883151301669906,0.7484788550570547,"physical_damage_per_capita multiplied by JUSTICE welfare_function.calculate_discount_rate; regional time-discounting visibility, not full welfare aggregation",-4144.312094162514,"scalar from welfare_function.calculate_welfare(physical_damage, welfare_loss=True)"
2179,rsas / South Asia,Sufficientarian,0.015,1.45,0.0,0.4565625,0.0,8.548965565654964,0.08700998046008926,0.7438453268216143,"physical_damage_per_capita multiplied by JUSTICE welfare_function.calculate_discount_rate; regional time-discounting visibility, not full welfare aggregation",-4144.312094162514,"scalar from welfare_function.calculate_welfare(physical_damage, welfare_loss=True)"
2180,rsas / South Asia,Sufficientarian,0.015,1.45,0.0,0.4565625,0.0,8.613134845202584,0.08572411867989091,0.7383533936760501,"physical_damage_per_capita multiplied by JUSTICE welfare_function.calculate_discount_rate; regional time-discounting visibility, not full welfare aggregation",-4144.312094162514,"scalar from welfare_function.calculate_welfare(physical_damage, welfare_loss=True)"
2181,rsas / South Asia,Sufficientarian,0.015,1.45,0.0,0.4565625,0.0,8.664744468388083,0.08445725978314376,0.7318005745212103,"physical_damage_per_capita multiplied by JUSTICE welfare_function.calculate_discount_rate; regional time-discounting visibility, not full welfare aggregation",-4144.312094162514,"scalar from welfare_function.calculate_welfare(physical_damage, welfare_loss=True)"
2182,rsas / South Asia,Sufficientarian,0.015,1.45,0.0,0.4565625,0.0,8.715297510675002,0.0832091229390579,0.7251922620162216,"physical_damage_per_capita multiplied by JUSTICE welfare_function.calculate_discount_rate; regional time-discounting visibility, not full welfare aggregation",-4144.312094162514,"scalar from welfare_function.calculate_welfare(physical_damage, welfare_loss=True)"
2183,rsas / South Asia,Sufficientarian,0.015,1.45,0.0,0.4565625,0.0,8.76568887339442,0.08197943146705212,0.7186061902579393,"physical_damage_per_capita multiplied by JUSTICE welfare_function.calculate_discount_rate; regional time-discounting visibility, not full welfare aggregation",-4144.312094162514,"scalar from welfare_function.calculate_welfare(physical_damage, welfare_loss=True)"
2184,rsas / South Asia,Sufficientarian,0.015,1.45,0.0,0.4565625,0.0,8.81685801625303,0.08076791277542082,0.7121192192099947,"physical_damage_per_capita multiplied by JUSTICE welfare_function.calculate_discount_rate; regional time-discounting visibility, not full welfare aggregation",-4144.312094162514,"scalar from welfare_function.calculate_welfare(physical_damage, welfare_loss=True)"
2185,rsas / South Asia,Sufficientarian,0.015,1.45,0.0,0.4565625,0.0,8.869107093141714,0.07957429830090723,0.705752973492351,"physical_damage_per_capita multiplied by JUSTICE welfare_function.calculate_discount_rate; regional time-discounting visibility, not full welfare aggregation",-4144.312094162514,"scalar from welfare_function.calculate_welfare(physical_damage, welfare_loss=True)"
2186,rsas / South Asia,Sufficientarian,0.015,1.45,0.0,0.4565625,0.0,8.915321515687081,0.07839832344916968,0.6989462598401774,"physical_damage_per_capita multiplied by JUSTICE welfare_function.calculate_discount_rate; regional time-discounting visibility, not full welfare aggregation",-4144.312094162514,"scalar from welfare_function.calculate_welfare(physical_damage, welfare_loss=True)"
2187,rsas / South Asia,Sufficientarian,0.015,1.45,0.0,0.4565625,0.0,8.965996949055851,0.07723972753612778,0.6925311614348268,"physical_damage_per_capita multiplied by JUSTICE welfare_function.calculate_discount_rate; regional time-discounting visibility, not full welfare aggregation",-4144.312094162514,"scalar from welfare_function.calculate_welfare(physical_damage, welfare_loss=True)"
2188,rsas / South Asia,Sufficientarian,0.015,1.45,0.0,0.4565625,0.0,9.025025612307074,0.07609825373017516,0.6867886889666731,"physical_damage_per_capita multiplied by JUSTICE welfare_function.calculate_discount_rate; regional time-discounting visibility, not full welfare aggregation",-4144.312094162514,"scalar from welfare_function.calculate_welfare(physical_damage, welfare_loss=True)"
2189,rsas / South Asia,Sufficientarian,0.015,1.45,0.0,0.4565625,0.0,9.086079788026792,0.07497364899524647,0.6812165567703242,"physical_damage_per_capita multiplied by JUSTICE welfare_function.calculate_discount_rate; regional time-discounting visibility, not full welfare aggregation",-4144.312094162514,"scalar from welfare_function.calculate_welfare(physical_damage, welfare_loss=True)"
2190,rsas / South Asia,Sufficientarian,0.015,1.45,0.0,0.4565625,0.0,9.142461059063026,0.07386566403472558,0.6753139570393109,"physical_damage_per_capita multiplied by JUSTICE welfare_function.calculate_discount_rate; regional time-discounting visibility, not full welfare aggregation",-4144.312094162514,"scalar from welfare_function.calculate_welfare(physical_damage, welfare_loss=True)"
2191,rsas / South Asia,Sufficientarian,0.015,1.45,0.0,0.4565625,0.0,9.187580640760679,0.07277405323618286,0.6686174826624406,"physical_damage_per_capita multiplied by JUSTICE welfare_function.calculate_discount_rate; regional time-discounting visibility, not full welfare aggregation",-4144.312094162514,"scalar from welfare_function.calculate_welfare(physical_damage, welfare_loss=True)"
2192,rsas / South Asia,Sufficientarian,0.015,1.45,0.0,0.4565625,0.0,9.22422744154569,0.07169857461692893,0.661363959501187,"physical_damage_per_capita multiplied by JUSTICE welfare_function.calculate_discount_rate; regional time-discounting visibility, not full welfare aggregation",-4144.312094162514,"scalar from welfare_function.calculate_welfare(physical_damage, welfare_loss=True)"
2193,rsas / South Asia,Sufficientarian,0.015,1.45,0.0,0.4565625,0.0,9.250056219122833,0.07063898977037333,0.653414626637996,"physical_damage_per_capita multiplied by JUSTICE welfare_function.calculate_discount_rate; regional time-discounting visibility, not full welfare aggregation",-4144.312094162514,"scalar from welfare_function.calculate_welfare(physical_damage, welfare_loss=True)"
2194,rsas / South Asia,Sufficientarian,0.015,1.45,0.0,0.4565625,0.0,9.272298767331952,0.0695950638131757,0.6453062244072977,"physical_damage_per_capita multiplied by JUSTICE welfare_function.calculate_discount_rate; regional time-discounting visibility, not full welfare aggregation",-4144.312094162514,"scalar from welfare_function.calculate_welfare(physical_damage, welfare_loss=True)"
2195,rsas / South Asia,Sufficientarian,0.015,1.45,0.0,0.4565625,0.0,9.295920983224951,0.06856656533317804,0.6373893734283542,"physical_damage_per_capita multiplied by JUSTICE welfare_function.calculate_discount_rate; regional time-discounting visibility, not full welfare aggregation",-4144.312094162514,"scalar from welfare_function.calculate_welfare(physical_damage, welfare_loss=True)"
2196,rsas / South Asia,Sufficientarian,0.015,1.45,0.0,0.4565625,0.0,9.312626556157982,0.06755326633810645,0.6290983420554631,"physical_damage_per_capita multiplied by JUSTICE welfare_function.calculate_discount_rate; regional time-discounting visibility, not full welfare aggregation",-4144.312094162514,"scalar from welfare_function.calculate_welfare(physical_damage, welfare_loss=True)"
2197,rsas / South Asia,Sufficientarian,0.015,1.45,0.0,0.4565625,0.0,9.332355165032247,0.066554942205031,0.6211143586455438,"physical_damage_per_capita multiplied by JUSTICE welfare_function.calculate_discount_rate; regional time-discounting visibility, not full welfare aggregation",-4144.312094162514,"scalar from welfare_function.calculate_welfare(physical_damage, welfare_loss=True)"
2198,rsas / South Asia,Sufficientarian,0.015,1.45,0.0,0.4565625,0.0,9.360002029318517,0.0655713716305724,0.6137481715273564,"physical_damage_per_capita multiplied by JUSTICE welfare_function.calculate_discount_rate; regional time-discounting visibility, not full welfare aggregation",-4144.312094162514,"scalar from welfare_function.calculate_welfare(physical_damage, welfare_loss=True)"
2199,rsas / South Asia,Sufficientarian,0.015,1.45,0.0,0.4565625,0.0,9.396297757856352,0.06460233658184475,0.6070227903762693,"physical_damage_per_capita multiplied by JUSTICE welfare_function.calculate_discount_rate; regional time-discounting visibility, not full welfare aggregation",-4144.312094162514,"scalar from welfare_function.calculate_welfare(physical_damage, welfare_loss=True)"
2200,rsas / South Asia,Sufficientarian,0.015,1.45,0.0,0.4565625,0.0,9.433726016195772,0.06364762224812291,0.6004342298711179,"physical_damage_per_capita multiplied by JUSTICE welfare_function.calculate_discount_rate; regional time-discounting visibility, not full welfare aggregation",-4144.312094162514,"scalar from welfare_function.calculate_welfare(physical_damage, welfare_loss=True)"
2201,rsas / South Asia,Sufficientarian,0.015,1.45,0.0,0.4565625,0.0,9.46609863733745,0.06270701699322455,0.5935908081110591,"physical_damage_per_capita multiplied by JUSTICE welfare_function.calculate_discount_rate; regional time-discounting visibility, not full welfare aggregation",-4144.312094162514,"scalar from welfare_function.calculate_welfare(physical_damage, welfare_loss=True)"
2202,rsas / South Asia,Sufficientarian,0.015,1.45,0.0,0.4565625,0.0,9.486827090201036,0.06178031230859562,0.5860991404502655,"physical_damage_per_capita multiplied by JUSTICE welfare_function.calculate_discount_rate; regional time-discounting visibility, not full welfare aggregation",-4144.312094162514,"scalar from welfare_function.calculate_welfare(physical_damage, welfare_loss=True)"
2203,rsas / South Asia,Sufficientarian,0.015,1.45,0.0,0.4565625,0.0,9.49773823284589,0.06086730276708929,0.5781017086211904,"physical_damage_per_capita multiplied by JUSTICE welfare_function.calculate_discount_rate; regional time-discounting visibility, not full welfare aggregation",-4144.312094162514,"scalar from welfare_function.calculate_welfare(physical_damage, welfare_loss=True)"
2204,rsas / South Asia,Sufficientarian,0.015,1.45,0.0,0.4565625,0.0,9.50457682385628,0.05996778597742788,0.5699684287790345,"physical_damage_per_capita multiplied by JUSTICE welfare_function.calculate_discount_rate; regional time-discounting visibility, not full welfare aggregation",-4144.312094162514,"scalar from welfare_function.calculate_welfare(physical_damage, welfare_loss=True)"
2205,rsas / South Asia,Sufficientarian,0.015,1.45,0.0,0.4565625,0.0,9.512902539895899,0.059081562539337815,0.562037146341485,"physical_damage_per_capita multiplied by JUSTICE welfare_function.calculate_discount_rate; regional time-discounting visibility, not full welfare aggregation",-4144.312094162514,"scalar from welfare_function.calculate_welfare(physical_damage, welfare_loss=True)"
2206,rsas / South Asia,Sufficientarian,0.015,1.45,0.0,0.4565625,0.0,9.522642689654568,0.0582084359993476,0.5542981375454132,"physical_damage_per_capita multiplied by JUSTICE welfare_function.calculate_discount_rate; regional time-discounting visibility, not full welfare aggregation",-4144.312094162514,"scalar from welfare_function.calculate_welfare(physical_damage, welfare_loss=True)"
2207,rsas / South Asia,Sufficientarian,0.015,1.45,0.0,0.4565625,0.0,9.532001542797628,0.05734821280723902,0.546643252955289,"physical_damage_per_capita multiplied by JUSTICE welfare_function.calculate_discount_rate; regional time-discounting visibility, not full welfare aggregation",-4144.312094162514,"scalar from welfare_function.calculate_welfare(physical_damage, welfare_loss=True)"
2208,rsas / South Asia,Sufficientarian,0.015,1.45,0.0,0.4565625,0.0,9.542387460754474,0.056500702273141905,0.5391515928950511,"physical_damage_per_capita multiplied by JUSTICE welfare_function.calculate_discount_rate; regional time-discounting visibility, not full welfare aggregation",-4144.312094162514,"scalar from welfare_function.calculate_welfare(physical_damage, welfare_loss=True)"
2209,rsas / South Asia,Sufficientarian,0.015,1.45,0.0,0.4565625,0.0,9.555351836387706,0.055665716525262955,0.5319055066235089,"physical_damage_per_capita multiplied by JUSTICE welfare_function.calculate_discount_rate; regional time-discounting visibility, not full welfare aggregation",-4144.312094162514,"scalar from welfare_function.calculate_welfare(physical_damage, welfare_loss=True)"
2210,rsas / South Asia,Sufficientarian,0.015,1.45,0.0,0.4565625,0.0,9.574721516070074,0.05484307046823938,0.5251071268195988,"physical_damage_per_capita multiplied by JUSTICE welfare_function.calculate_discount_rate; regional time-discounting visibility, not full welfare aggregation",-4144.312094162514,"scalar from welfare_function.calculate_welfare(physical_damage, welfare_loss=True)"
2211,rsas / South Asia,Sufficientarian,0.015,1.45,0.0,0.4565625,0.0,9.60150419835367,0.05403258174210777,0.5187940604447355,"physical_damage_per_capita multiplied by JUSTICE welfare_function.calculate_discount_rate; regional time-discounting visibility, not full welfare aggregation",-4144.312094162514,"scalar from welfare_function.calculate_welfare(physical_damage, welfare_loss=True)"
2212,rsas / South Asia,Sufficientarian,0.015,1.45,0.0,0.4565625,0.0,9.630495655151618,0.05323407068187958,0.5126704864078755,"physical_damage_per_capita multiplied by JUSTICE welfare_function.calculate_discount_rate; regional time-discounting visibility, not full welfare aggregation",-4144.312094162514,"scalar from welfare_function.calculate_welfare(physical_damage, welfare_loss=True)"
2213,rsas / South Asia,Sufficientarian,0.015,1.45,0.0,0.4565625,0.0,9.655874769953337,0.05244736027771388,0.5064251428562303,"physical_damage_per_capita multiplied by JUSTICE welfare_function.calculate_discount_rate; regional time-discounting visibility, not full welfare aggregation",-4144.312094162514,"scalar from welfare_function.calculate_welfare(physical_damage, welfare_loss=True)"
2214,rsas / South Asia,Sufficientarian,0.015,1.45,0.0,0.4565625,0.0,9.675526564151095,0.0516722761356787,0.49995648038090995,"physical_damage_per_capita multiplied by JUSTICE welfare_function.calculate_discount_rate; regional time-discounting visibility, not full welfare aggregation",-4144.312094162514,"scalar from welfare_function.calculate_welfare(physical_damage, welfare_loss=True)"
2215,rsas / South Asia,Sufficientarian,0.015,1.45,0.0,0.4565625,0.0,9.688932145152846,0.05090864643909232,0.49325042094994254,"physical_damage_per_capita multiplied by JUSTICE welfare_function.calculate_discount_rate; regional time-discounting visibility, not full welfare aggregation",-4144.312094162514,"scalar from welfare_function.calculate_welfare(physical_damage, welfare_loss=True)"
2216,rsas / South Asia,Sufficientarian,0.015,1.45,0.0,0.4565625,0.0,9.69842548836514,0.05015630191043579,0.48643715685030764,"physical_damage_per_capita multiplied by JUSTICE welfare_function.calculate_discount_rate; regional time-discounting visibility, not full welfare aggregation",-4144.312094162514,"scalar from welfare_function.calculate_welfare(physical_damage, welfare_loss=True)"
2217,rsas / South Asia,Sufficientarian,0.015,1.45,0.0,0.4565625,0.0,9.703786305576532,0.049415075773828365,0.47951333558310233,"physical_damage_per_capita multiplied by JUSTICE welfare_function.calculate_discount_rate; regional time-discounting visibility, not full welfare aggregation",-4144.312094162514,"scalar from welfare_function.calculate_welfare(physical_damage, welfare_loss=True)"
2218,rsas / South Asia,Sufficientarian,0.015,1.45,0.0,0.4565625,0.0,9.705709502409867,0.048684803718057515,0.47252056206931004,"physical_damage_per_capita multiplied by JUSTICE welfare_function.calculate_discount_rate; regional time-discounting visibility, not full welfare aggregation",-4144.312094162514,"scalar from welfare_function.calculate_welfare(physical_damage, welfare_loss=True)"
2219,rsas / South Asia,Sufficientarian,0.015,1.45,0.0,0.4565625,0.0,9.710454250467782,0.04796532386015518,0.4657650829529076,"physical_damage_per_capita multiplied by JUSTICE welfare_function.calculate_discount_rate; regional time-discounting visibility, not full welfare aggregation",-4144.312094162514,"scalar from welfare_function.calculate_welfare(physical_damage, welfare_loss=True)"
2220,rsas / South Asia,Sufficientarian,0.015,1.45,0.0,0.4565625,0.0,9.719832690914727,0.0472564767095125,0.45932504717857003,"physical_damage_per_capita multiplied by JUSTICE welfare_function.calculate_discount_rate; regional time-discounting visibility, not full welfare aggregation",-4144.312094162514,"scalar from welfare_function.calculate_welfare(physical_damage, welfare_loss=True)"
2221,rsas / South Asia,Sufficientarian,0.015,1.45,0.0,0.4565625,0.0,9.735736518227517,0.04655810513252464,0.4532774443581961,"physical_damage_per_capita multiplied by JUSTICE welfare_function.calculate_discount_rate; regional time-discounting visibility, not full welfare aggregation",-4144.312094162514,"scalar from welfare_function.calculate_welfare(physical_damage, welfare_loss=True)"
2222,rsas / South Asia,Sufficientarian,0.015,1.45,0.0,0.4565625,0.0,9.760109880318291,0.04587005431775827,0.44769677035748917,"physical_damage_per_capita multiplied by JUSTICE welfare_function.calculate_discount_rate; regional time-discounting visibility, not full welfare aggregation",-4144.312094162514,"scalar from welfare_function.calculate_welfare(physical_damage, welfare_loss=True)"
2223,rsas / South Asia,Sufficientarian,0.015,1.45,0.0,0.4565625,0.0,9.789279791950982,0.045192171741633765,0.44239881358475364,"physical_damage_per_capita multiplied by JUSTICE welfare_function.calculate_discount_rate; regional time-discounting visibility, not full welfare aggregation",-4144.312094162514,"scalar from welfare_function.calculate_welfare(physical_damage, welfare_loss=True)"
2224,rsas / South Asia,Sufficientarian,0.015,1.45,0.0,0.4565625,0.0,9.821282529668668,0.044524307134614555,0.43728579980679194,"physical_damage_per_capita multiplied by JUSTICE welfare_function.calculate_discount_rate; regional time-discounting visibility, not full welfare aggregation",-4144.312094162514,"scalar from welfare_function.calculate_welfare(physical_damage, welfare_loss=True)"
2225,rsas / South Asia,Sufficientarian,0.015,1.45,0.0,0.4565625,0.0,9.847368213402936,0.04386631244789612,0.4319677308386138,"physical_damage_per_capita multiplied by JUSTICE welfare_function.calculate_discount_rate; regional time-discounting visibility, not full welfare aggregation",-4144.312094162514,"scalar from welfare_function.calculate_welfare(physical_damage, welfare_loss=True)"
2226,rsas / South Asia,Sufficientarian,0.015,1.45,0.0,0.4565625,0.0,9.858960683866187,0.04321804182058731,0.4260849751428549,"physical_damage_per_capita multiplied by JUSTICE welfare_function.calculate_discount_rate; regional time-discounting visibility, not full welfare aggregation",-4144.312094162514,"scalar from welfare_function.calculate_welfare(physical_damage, welfare_loss=True)"
2227,rsas / South Asia,Sufficientarian,0.015,1.45,0.0,0.4565625,0.0,9.861831563124857,0.04257935154737666,0.41991039302730837,"physical_damage_per_capita multiplied by JUSTICE welfare_function.calculate_discount_rate; regional time-discounting visibility, not full welfare aggregation",-4144.312094162514,"scalar from welfare_function.calculate_welfare(physical_damage, welfare_loss=True)"
2228,rsas / South Asia,Sufficientarian,0.015,1.45,0.0,0.4565625,0.0,9.860410515096962,0.04195010004667652,0.41364520760961876,"physical_damage_per_capita multiplied by JUSTICE welfare_function.calculate_discount_rate; regional time-discounting visibility, not full welfare aggregation",-4144.312094162514,"scalar from welfare_function.calculate_welfare(physical_damage, welfare_loss=True)"
2229,rsas / South Asia,Sufficientarian,0.015,1.45,0.0,0.4565625,0.0,9.859543138918276,0.041330147829237954,0.40749637546024114,"physical_damage_per_capita multiplied by JUSTICE welfare_function.calculate_discount_rate; regional time-discounting visibility, not full welfare aggregation",-4144.312094162514,"scalar from welfare_function.calculate_welfare(physical_damage, welfare_loss=True)"
2230,rsas / South Asia,Sufficientarian,0.015,1.45,0.0,0.4565625,0.0,9.861644105699785,0.04071935746722952,0.4015598115545865,"physical_damage_per_capita multiplied by JUSTICE welfare_function.calculate_discount_rate; regional time-discounting visibility, not full welfare aggregation",-4144.312094162514,"scalar from welfare_function.calculate_welfare(physical_damage, welfare_loss=True)"
2231,rsas / South Asia,Sufficientarian,0.015,1.45,0.0,0.4565625,0.0,9.868559563768002,0.040117593563772924,0.39590286163912897,"physical_damage_per_capita multiplied by JUSTICE welfare_function.calculate_discount_rate; regional time-discounting visibility, not full welfare aggregation",-4144.312094162514,"scalar from welfare_function.calculate_welfare(physical_damage, welfare_loss=True)"
2232,rsas / South Asia,Sufficientarian,0.015,1.45,0.0,0.4565625,0.0,9.885260481852765,0.03952472272292899,0.39071217958915794,"physical_damage_per_capita multiplied by JUSTICE welfare_function.calculate_discount_rate; regional time-discounting visibility, not full welfare aggregation",-4144.312094162514,"scalar from welfare_function.calculate_welfare(physical_damage, welfare_loss=True)"
2233,rsas / South Asia,Sufficientarian,0.015,1.45,0.0,0.4565625,0.0,9.908102446558052,0.03894061352012709,0.38582758808924283,"physical_damage_per_capita multiplied by JUSTICE welfare_function.calculate_discount_rate; regional time-discounting visibility, not full welfare aggregation",-4144.312094162514,"scalar from welfare_function.calculate_welfare(physical_damage, welfare_loss=True)"
2234,rsas / South Asia,Sufficientarian,0.015,1.45,0.0,0.4565625,0.0,9.928940489235423,0.03836513647303162,0.38092515690212636,"physical_damage_per_capita multiplied by JUSTICE welfare_function.calculate_discount_rate; regional time-discounting visibility, not full welfare aggregation",-4144.312094162514,"scalar from welfare_function.calculate_welfare(physical_damage, welfare_loss=True)"
2235,rsas / South Asia,Sufficientarian,0.015,1.45,0.0,0.4565625,0.0,9.947103179042436,0.03779816401283904,0.3759822374140786,"physical_damage_per_capita multiplied by JUSTICE welfare_function.calculate_discount_rate; regional time-discounting visibility, not full welfare aggregation",-4144.312094162514,"scalar from welfare_function.calculate_welfare(physical_damage, welfare_loss=True)"
2236,rsas / South Asia,Sufficientarian,0.015,1.45,0.0,0.4565625,0.0,9.960763698520566,0.03723957045599906,0.37093456154661436,"physical_damage_per_capita multiplied by JUSTICE welfare_function.calculate_discount_rate; regional time-discounting visibility, not full welfare aggregation",-4144.312094162514,"scalar from welfare_function.calculate_welfare(physical_damage, welfare_loss=True)"
2237,rsas / South Asia,Sufficientarian,0.015,1.45,0.0,0.4565625,0.0,9.967656739763287,0.03668923197635376,0.36570567038584123,"physical_damage_per_capita multiplied by JUSTICE welfare_function.calculate_discount_rate; regional time-discounting visibility, not full welfare aggregation",-4144.312094162514,"scalar from welfare_function.calculate_welfare(physical_damage, welfare_loss=True)"
2238,rsas / South Asia,Sufficientarian,0.015,1.45,0.0,0.4565625,0.0,9.96853983622173,0.03614702657768843,0.36033307440065276,"physical_damage_per_capita multiplied by JUSTICE welfare_function.calculate_discount_rate; regional time-discounting visibility, not full welfare aggregation",-4144.312094162514,"scalar from welfare_function.calculate_welfare(physical_damage, welfare_loss=True)"
2239,rsas / South Asia,Sufficientarian,0.015,1.45,0.0,0.4565625,0.0,9.966617871128694,0.03561283406668811,0.35493950845059447,"physical_damage_per_capita multiplied by JUSTICE welfare_function.calculate_discount_rate; regional time-discounting visibility, not full welfare aggregation",-4144.312094162514,"scalar from welfare_function.calculate_welfare(physical_damage, welfare_loss=True)"
2240,rsas / South Asia,Sufficientarian,0.015,1.45,0.0,0.4565625,0.0,9.96703982894501,0.03508653602629371,0.3497089020337834,"physical_damage_per_capita multiplied by JUSTICE welfare_function.calculate_discount_rate; regional time-discounting visibility, not full welfare aggregation",-4144.312094162514,"scalar from welfare_function.calculate_welfare(physical_damage, welfare_loss=True)"
2241,rsas / South Asia,Sufficientarian,0.015,1.45,0.0,0.4565625,0.0,9.970832203022871,0.034568015789451935,0.34467188502807045,"physical_damage_per_capita multiplied by JUSTICE welfare_function.calculate_discount_rate; regional time-discounting visibility, not full welfare aggregation",-4144.312094162514,"scalar from welfare_function.calculate_welfare(physical_damage, welfare_loss=True)"
2242,rsas / South Asia,Sufficientarian,0.015,1.45,0.0,0.4565625,0.0,9.980029095661402,0.03405715841325314,0.33989143187981585,"physical_damage_per_capita multiplied by JUSTICE welfare_function.calculate_discount_rate; regional time-discounting visibility, not full welfare aggregation",-4144.312094162514,"scalar from welfare_function.calculate_welfare(physical_damage, welfare_loss=True)"
2243,rsas / South Asia,Sufficientarian,0.015,1.45,0.0,0.4565625,0.0,9.998343450502883,0.03355385065345137,0.3354829229200874,"physical_damage_per_capita multiplied by JUSTICE welfare_function.calculate_discount_rate; regional time-discounting visibility, not full welfare aggregation",-4144.312094162514,"scalar from welfare_function.calculate_welfare(physical_damage, welfare_loss=True)"
2244,rsas / South Asia,Sufficientarian,0.015,1.45,0.0,0.4565625,0.0,10.024544759376942,0.033057980939360965,0.3313912095812538,"physical_damage_per_capita multiplied by JUSTICE welfare_function.calculate_discount_rate; regional time-discounting visibility, not full welfare aggregation",-4144.312094162514,"scalar from welfare_function.calculate_welfare(physical_damage, welfare_loss=True)"
2245,rsas / South Asia,Sufficientarian,0.015,1.45,0.0,0.4565625,0.0,10.048510852261035,0.0325694393491241,0.32727436475173116,"physical_damage_per_capita multiplied by JUSTICE welfare_function.calculate_discount_rate; regional time-discounting visibility, not full welfare aggregation",-4144.312094162514,"scalar from welfare_function.calculate_welfare(physical_damage, welfare_loss=True)"
2246,rsas / South Asia,Sufficientarian,0.015,1.45,0.0,0.4565625,0.0,10.064288185145331,0.032088117585343946,0.32294406269773124,"physical_damage_per_capita multiplied by JUSTICE welfare_function.calculate_discount_rate; regional time-discounting visibility, not full welfare aggregation",-4144.312094162514,"scalar from welfare_function.calculate_welfare(physical_damage, welfare_loss=True)"
2247,rsas / South Asia,Sufficientarian,0.015,1.45,0.0,0.4565625,0.0,10.07080768104789,0.03161390895107778,0.31837759709246277,"physical_damage_per_capita multiplied by JUSTICE welfare_function.calculate_discount_rate; regional time-discounting visibility, not full welfare aggregation",-4144.312094162514,"scalar from welfare_function.calculate_welfare(physical_damage, welfare_loss=True)"
2248,rsas / South Asia,Sufficientarian,0.015,1.45,0.0,0.4565625,0.0,10.069030655711835,0.031146708326185015,0.31361716096087194,"physical_damage_per_capita multiplied by JUSTICE welfare_function.calculate_discount_rate; regional time-discounting visibility, not full welfare aggregation",-4144.312094162514,"scalar from welfare_function.calculate_welfare(physical_damage, welfare_loss=True)"
2249,rsas / South Asia,Sufficientarian,0.015,1.45,0.0,0.4565625,0.0,10.065723807609277,0.030686412144024643,0.3088809492882193,"physical_damage_per_capita multiplied by JUSTICE welfare_function.calculate_discount_rate; regional time-discounting visibility, not full welfare aggregation",-4144.312094162514,"scalar from welfare_function.calculate_welfare(physical_damage, welfare_loss=True)"
2250,rsas / South Asia,Sufficientarian,0.015,1.45,0.0,0.4565625,0.0,10.063126302348634,0.030232918368497192,0.3042376760307832,"physical_damage_per_capita multiplied by JUSTICE welfare_function.calculate_discount_rate; regional time-discounting visibility, not full welfare aggregation",-4144.312094162514,"scalar from welfare_function.calculate_welfare(physical_damage, welfare_loss=True)"
2251,rsas / South Asia,Sufficientarian,0.015,1.45,0.0,0.4565625,0.0,10.060474604372398,0.029786126471425808,0.29966256892840376,"physical_damage_per_capita multiplied by JUSTICE welfare_function.calculate_discount_rate; regional time-discounting visibility, not full welfare aggregation",-4144.312094162514,"scalar from welfare_function.calculate_welfare(physical_damage, welfare_loss=True)"
2252,rsas / South Asia,Sufficientarian,0.015,1.45,0.0,0.4565625,0.0,10.059001196044651,0.029345937410271732,0.2951908195089748,"physical_damage_per_capita multiplied by JUSTICE welfare_function.calculate_discount_rate; regional time-discounting visibility, not full welfare aggregation",-4144.312094162514,"scalar from welfare_function.calculate_welfare(physical_damage, welfare_loss=True)"
2253,rsas / South Asia,Sufficientarian,0.015,1.45,0.0,0.4565625,0.0,10.059574374855952,0.02891225360617905,0.2908449654960554,"physical_damage_per_capita multiplied by JUSTICE welfare_function.calculate_discount_rate; regional time-discounting visibility, not full welfare aggregation",-4144.312094162514,"scalar from welfare_function.calculate_welfare(physical_damage, welfare_loss=True)"
2254,rsas / South Asia,Sufficientarian,0.015,1.45,0.0,0.4565625,0.0,10.063770635220378,0.028484978922343897,0.2866662944235559,"physical_damage_per_capita multiplied by JUSTICE welfare_function.calculate_discount_rate; regional time-discounting visibility, not full welfare aggregation",-4144.312094162514,"scalar from welfare_function.calculate_welfare(physical_damage, welfare_loss=True)"
2255,rsas / South Asia,Sufficientarian,0.015,1.45,0.0,0.4565625,0.0,10.074577197641483,0.02806401864270335,0.2827331222919646,"physical_damage_per_capita multiplied by JUSTICE welfare_function.calculate_discount_rate; regional time-discounting visibility, not full welfare aggregation",-4144.312094162514,"scalar from welfare_function.calculate_welfare(physical_damage, welfare_loss=True)"
2256,rsas / South Asia,Sufficientarian,0.015,1.45,0.0,0.4565625,0.0,10.091892475606404,0.027649279450939264,0.27903355524687273,"physical_damage_per_capita multiplied by JUSTICE welfare_function.calculate_discount_rate; regional time-discounting visibility, not full welfare aggregation",-4144.312094162514,"scalar from welfare_function.calculate_welfare(physical_damage, welfare_loss=True)"
2257,rsas / South Asia,Sufficientarian,0.015,1.45,0.0,0.4565625,0.0,10.108694306367457,0.02724066940979238,0.2753675997644064,"physical_damage_per_capita multiplied by JUSTICE welfare_function.calculate_discount_rate; regional time-discounting visibility, not full welfare aggregation",-4144.312094162514,"scalar from welfare_function.calculate_welfare(physical_damage, welfare_loss=True)"
2258,rsas / South Asia,Sufficientarian,0.015,1.45,0.0,0.4565625,0.0,10.12127050804578,0.02683809794068215,0.2716356491790704,"physical_damage_per_capita multiplied by JUSTICE welfare_function.calculate_discount_rate; regional time-discounting visibility, not full welfare aggregation",-4144.312094162514,"scalar from welfare_function.calculate_welfare(physical_damage, welfare_loss=True)"
2259,rsas / South Asia,Sufficientarian,0.015,1.45,0.0,0.4565625,0.0,10.130236109475677,0.026441475803627736,0.2678583929737371,"physical_damage_per_capita multiplied by JUSTICE welfare_function.calculate_discount_rate; regional time-discounting visibility, not full welfare aggregation",-4144.312094162514,"scalar from welfare_function.calculate_welfare(physical_damage, welfare_loss=True)"
2260,rsas / South Asia,Sufficientarian,0.015,1.45,0.0,0.4565625,0.0,10.132880846634535,0.02605071507746575,0.2639687918495862,"physical_damage_per_capita multiplied by JUSTICE welfare_function.calculate_discount_rate; regional time-discounting visibility, not full welfare aggregation",-4144.312094162514,"scalar from welfare_function.calculate_welfare(physical_damage, welfare_loss=True)"
2261,rsas / South Asia,Sufficientarian,0.015,1.45,0.0,0.4565625,0.0,10.130893332602872,0.025665729140360347,0.2600167642244679,"physical_damage_per_capita multiplied by JUSTICE welfare_function.calculate_discount_rate; regional time-discounting visibility, not full welfare aggregation",-4144.312094162514,"scalar from welfare_function.calculate_welfare(physical_damage, welfare_loss=True)"
2262,rsas / South Asia,Sufficientarian,0.015,1.45,0.0,0.4565625,0.0,10.125359068776968,0.02528643265060133,0.2560342101557842,"physical_damage_per_capita multiplied by JUSTICE welfare_function.calculate_discount_rate; regional time-discounting visibility, not full welfare aggregation",-4144.312094162514,"scalar from welfare_function.calculate_welfare(physical_damage, welfare_loss=True)"
2263,rsas / South Asia,Sufficientarian,0.015,1.45,0.0,0.4565625,0.0,10.118003551676974,0.024912741527686043,0.25206720725913784,"physical_damage_per_capita multiplied by JUSTICE welfare_function.calculate_discount_rate; regional time-discounting visibility, not full welfare aggregation",-4144.312094162514,"scalar from welfare_function.calculate_welfare(physical_damage, welfare_loss=True)"
2264,rsas / South Asia,Sufficientarian,0.015,1.45,0.0,0.4565625,0.0,10.114435420145346,0.024544572933680835,0.2482544978527622,"physical_damage_per_capita multiplied by JUSTICE welfare_function.calculate_discount_rate; regional time-discounting visibility, not full welfare aggregation",-4144.312094162514,"scalar from welfare_function.calculate_welfare(physical_damage, welfare_loss=True)"
2265,rsas / South Asia,Sufficientarian,0.015,1.45,0.0,0.4565625,0.0,10.115837855349307,0.024181845254857965,0.24461962564129122,"physical_damage_per_capita multiplied by JUSTICE welfare_function.calculate_discount_rate; regional time-discounting visibility, not full welfare aggregation",-4144.312094162514,"scalar from welfare_function.calculate_welfare(physical_damage, welfare_loss=True)"
2266,rsas / South Asia,Sufficientarian,0.015,1.45,0.0,0.4565625,0.0,10.124019328125431,0.023824478083603908,0.2411994766009067,"physical_damage_per_capita multiplied by JUSTICE welfare_function.calculate_discount_rate; regional time-discounting visibility, not full welfare aggregation",-4144.312094162514,"scalar from welfare_function.calculate_welfare(physical_damage, welfare_loss=True)"
2267,rsas / South Asia,Sufficientarian,0.015,1.45,0.0,0.4565625,0.0,10.141294374756189,0.023472392200594987,0.23804043898596497,"physical_damage_per_capita multiplied by JUSTICE welfare_function.calculate_discount_rate; regional time-discounting visibility, not full welfare aggregation",-4144.312094162514,"scalar from welfare_function.calculate_welfare(physical_damage, welfare_loss=True)"
2268,rsas / South Asia,Sufficientarian,0.015,1.45,0.0,0.4565625,0.0,10.163533900760008,0.02312550955723644,0.2350369003573221,"physical_damage_per_capita multiplied by JUSTICE welfare_function.calculate_discount_rate; regional time-discounting visibility, not full welfare aggregation",-4144.312094162514,"scalar from welfare_function.calculate_welfare(physical_damage, welfare_loss=True)"
2269,rsas / South Asia,Sufficientarian,0.015,1.45,0.0,0.4565625,0.0,10.186382053106984,0.022783753258361027,0.23208401529338654,"physical_damage_per_capita multiplied by JUSTICE welfare_function.calculate_discount_rate; regional time-discounting visibility, not full welfare aggregation",-4144.312094162514,"scalar from welfare_function.calculate_welfare(physical_damage, welfare_loss=True)"
2270,rsas / South Asia,Sufficientarian,0.015,1.45,0.0,0.4565625,0.0,10.199507938956112,0.02244704754518328,0.22894883964322219,"physical_damage_per_capita multiplied by JUSTICE welfare_function.calculate_discount_rate; regional time-discounting visibility, not full welfare aggregation",-4144.312094162514,"scalar from welfare_function.calculate_welfare(physical_damage, welfare_loss=True)"
2271,rsas / South Asia,Sufficientarian,0.015,1.45,0.0,0.4565625,0.0,10.199108912032429,0.0221153177785057,0.2255565346471867,"physical_damage_per_capita multiplied by JUSTICE welfare_function.calculate_discount_rate; regional time-discounting visibility, not full welfare aggregation",-4144.312094162514,"scalar from welfare_function.calculate_welfare(physical_damage, welfare_loss=True)"
2272,rsas / South Asia,Sufficientarian,0.015,1.45,0.0,0.4565625,0.0,10.192150524159844,0.021788490422173103,0.22207157407700334,"physical_damage_per_capita multiplied by JUSTICE welfare_function.calculate_discount_rate; regional time-discounting visibility, not full welfare aggregation",-4144.312094162514,"scalar from welfare_function.calculate_welfare(physical_damage, welfare_loss=True)"
2273,rsas / South Asia,Sufficientarian,0.015,1.45,0.0,0.4565625,0.0,10.182976216089589,0.021466493026771533,0.21859278793446751,"physical_damage_per_capita multiplied by JUSTICE welfare_function.calculate_discount_rate; regional time-discounting visibility, not full welfare aggregation",-4144.312094162514,"scalar from welfare_function.calculate_welfare(physical_damage, welfare_loss=True)"
2274,rsas / South Asia,Sufficientarian,0.015,1.45,0.0,0.4565625,0.0,10.174672189921047,0.021149254213568017,0.21518672868436103,"physical_damage_per_capita multiplied by JUSTICE welfare_function.calculate_discount_rate; regional time-discounting visibility, not full welfare aggregation",-4144.312094162514,"scalar from welfare_function.calculate_welfare(physical_damage, welfare_loss=True)"
2275,rsas / South Asia,Sufficientarian,0.015,1.45,0.0,0.4565625,0.0,10.169560676092747,0.020836703658687703,0.21190012214678833,"physical_damage_per_capita multiplied by JUSTICE welfare_function.calculate_discount_rate; regional time-discounting visibility, not full welfare aggregation",-4144.312094162514,"scalar from welfare_function.calculate_welfare(physical_damage, welfare_loss=True)"
2276,rsas / South Asia,Sufficientarian,0.015,1.45,0.0,0.4565625,0.0,10.172386675356254,0.02052877207752483,0.2088266075428391,"physical_damage_per_capita multiplied by JUSTICE welfare_function.calculate_discount_rate; regional time-discounting visibility, not full welfare aggregation",-4144.312094162514,"scalar from welfare_function.calculate_welfare(physical_damage, welfare_loss=True)"
2277,rsas / South Asia,Sufficientarian,0.015,1.45,0.0,0.4565625,0.0,10.184323757073466,0.02022539120938407,0.20598193218983504,"physical_damage_per_capita multiplied by JUSTICE welfare_function.calculate_discount_rate; regional time-discounting visibility, not full welfare aggregation",-4144.312094162514,"scalar from welfare_function.calculate_welfare(physical_damage, welfare_loss=True)"
2278,rsas / South Asia,Sufficientarian,0.015,1.45,0.0,0.4565625,0.0,10.200802782558258,0.01992649380234884,0.2032662334256299,"physical_damage_per_capita multiplied by JUSTICE welfare_function.calculate_discount_rate; regional time-discounting visibility, not full welfare aggregation",-4144.312094162514,"scalar from welfare_function.calculate_welfare(physical_damage, welfare_loss=True)"
2279,rsas / South Asia,Sufficientarian,0.015,1.45,0.0,0.4565625,0.0,10.214040674192887,0.019632013598373244,0.20052218541009217,"physical_damage_per_capita multiplied by JUSTICE welfare_function.calculate_discount_rate; regional time-discounting visibility, not full welfare aggregation",-4144.312094162514,"scalar from welfare_function.calculate_welfare(physical_damage, welfare_loss=True)"
2280,rsas / South Asia,Sufficientarian,0.015,1.45,0.0,0.4565625,0.0,10.221056449488586,0.01934188531859433,0.19769450168088717,"physical_damage_per_capita multiplied by JUSTICE welfare_function.calculate_discount_rate; regional time-discounting visibility, not full welfare aggregation",-4144.312094162514,"scalar from welfare_function.calculate_welfare(physical_damage, welfare_loss=True)"
2281,rsas / South Asia,Sufficientarian,0.015,1.45,0.0,0.4565625,0.0,10.222498508316622,0.019056044648861414,0.19480038799740076,"physical_damage_per_capita multiplied by JUSTICE welfare_function.calculate_discount_rate; regional time-discounting visibility, not full welfare aggregation",-4144.312094162514,"scalar from welfare_function.calculate_welfare(physical_damage, welfare_loss=True)"
2282,rsas / South Asia,Sufficientarian,0.015,1.45,0.0,0.4565625,0.0,10.216993495094354,0.018774428225479225,0.19181821105383706,"physical_damage_per_capita multiplied by JUSTICE welfare_function.calculate_discount_rate; regional time-discounting visibility, not full welfare aggregation",-4144.312094162514,"scalar from welfare_function.calculate_welfare(physical_damage, welfare_loss=True)"
2283,rsas / South Asia,Sufficientarian,0.015,1.45,0.0,0.4565625,0.0,10.208096494734917,0.018496973621161802,0.18881889158538603,"physical_damage_per_capita multiplied by JUSTICE welfare_function.calculate_discount_rate; regional time-discounting visibility, not full welfare aggregation",-4144.312094162514,"scalar from welfare_function.calculate_welfare(physical_damage, welfare_loss=True)"
2284,rsas / South Asia,Sufficientarian,0.015,1.45,0.0,0.4565625,0.0,10.201598467897124,0.018223619331193895,0.18591004704864805,"physical_damage_per_capita multiplied by JUSTICE welfare_function.calculate_discount_rate; regional time-discounting visibility, not full welfare aggregation",-4144.312094162514,"scalar from welfare_function.calculate_welfare(physical_damage, welfare_loss=True)"
2285,rsas / South Asia,Sufficientarian,0.015,1.45,0.0,0.4565625,0.0,10.198279125639377,0.01795430475979694,0.18310301144720487,"physical_damage_per_capita multiplied by JUSTICE welfare_function.calculate_discount_rate; regional time-discounting visibility, not full welfare aggregation",-4144.312094162514,"scalar from welfare_function.calculate_welfare(physical_damage, welfare_loss=True)"
2286,rsas / South Asia,Sufficientarian,0.015,1.45,0.0,0.4565625,0.0,10.199792392634754,0.017688970206696495,0.18042382374780572,"physical_damage_per_capita multiplied by JUSTICE welfare_function.calculate_discount_rate; regional time-discounting visibility, not full welfare aggregation",-4144.312094162514,"scalar from welfare_function.calculate_welfare(physical_damage, welfare_loss=True)"
2287,rsas / South Asia,Sufficientarian,0.015,1.45,0.0,0.4565625,0.0,10.210466926148401,0.017427556853888176,0.1779434928601961,"physical_damage_per_capita multiplied by JUSTICE welfare_function.calculate_discount_rate; regional time-discounting visibility, not full welfare aggregation",-4144.312094162514,"scalar from welfare_function.calculate_welfare(physical_damage, welfare_loss=True)"
2288,rsas / South Asia,Sufficientarian,0.015,1.45,0.0,0.4565625,0.0,10.22990227549236,0.01717000675259919,0.17564749114863365,"physical_damage_per_capita multiplied by JUSTICE welfare_function.calculate_discount_rate; regional time-discounting visibility, not full welfare aggregation",-4144.312094162514,"scalar from welfare_function.calculate_welfare(physical_damage, welfare_loss=True)"
2289,rsas / South Asia,Sufficientarian,0.015,1.45,0.0,0.4565625,0.0,10.249542287645552,0.01691626281044255,0.17338395102455673,"physical_damage_per_capita multiplied by JUSTICE welfare_function.calculate_discount_rate; regional time-discounting visibility, not full welfare aggregation",-4144.312094162514,"scalar from welfare_function.calculate_welfare(physical_damage, welfare_loss=True)"
2290,rsas / South Asia,Sufficientarian,0.015,1.45,0.0,0.4565625,0.0,10.262343170130311,0.016666268778761137,0.1710349695732754,"physical_damage_per_capita multiplied by JUSTICE welfare_function.calculate_discount_rate; regional time-discounting visibility, not full welfare aggregation",-4144.312094162514,"scalar from welfare_function.calculate_welfare(physical_damage, welfare_loss=True)"
2291,rsas / South Asia,Sufficientarian,0.015,1.45,0.0,0.4565625,0.0,10.262157270889293,0.016419969240158757,0.16850430672567374,"physical_damage_per_capita multiplied by JUSTICE welfare_function.calculate_discount_rate; regional time-discounting visibility, not full welfare aggregation",-4144.312094162514,"scalar from welfare_function.calculate_welfare(physical_damage, welfare_loss=True)"
2292,rsas / South Asia,Sufficientarian,0.015,1.45,0.0,0.4565625,0.0,10.254121177882238,0.016177309596215526,0.1658840929317112,"physical_damage_per_capita multiplied by JUSTICE welfare_function.calculate_discount_rate; regional time-discounting visibility, not full welfare aggregation",-4144.312094162514,"scalar from welfare_function.calculate_welfare(physical_damage, welfare_loss=True)"
2293,rsas / South Asia,Sufficientarian,0.015,1.45,0.0,0.4565625,0.0,10.246048052003465,0.015938236055384757,0.16330393248764638,"physical_damage_per_capita multiplied by JUSTICE welfare_function.calculate_discount_rate; regional time-discounting visibility, not full welfare aggregation",-4144.312094162514,"scalar from welfare_function.calculate_welfare(physical_damage, welfare_loss=True)"
2294,rsas / South Asia,Sufficientarian,0.015,1.45,0.0,0.4565625,0.0,10.23616858282322,0.015702695621068727,0.16073543958201944,"physical_damage_per_capita multiplied by JUSTICE welfare_function.calculate_discount_rate; regional time-discounting visibility, not full welfare aggregation",-4144.312094162514,"scalar from welfare_function.calculate_welfare(physical_damage, welfare_loss=True)"
2295,rsas / South Asia,Sufficientarian,0.015,1.45,0.0,0.4565625,0.0,10.226943850861634,0.01547063607987067,0.1582173265259515,"physical_damage_per_capita multiplied by JUSTICE welfare_function.calculate_discount_rate; regional time-discounting visibility, not full welfare aggregation",-4144.312094162514,"scalar from welfare_function.calculate_welfare(physical_damage, welfare_loss=True)"
2296,rsas / South Asia,Sufficientarian,0.015,1.45,0.0,0.4565625,0.0,10.222750111408176,0.015242005990020364,0.15581521843256477,"physical_damage_per_capita multiplied by JUSTICE welfare_function.calculate_discount_rate; regional time-discounting visibility, not full welfare aggregation",-4144.312094162514,"scalar from welfare_function.calculate_welfare(physical_damage, welfare_loss=True)"
2297,rsas / South Asia,Sufficientarian,0.015,1.45,0.0,0.4565625,0.0,10.228680576407507,0.015016754669970803,0.15360158681340708,"physical_damage_per_capita multiplied by JUSTICE welfare_function.calculate_discount_rate; regional time-discounting visibility, not full welfare aggregation",-4144.312094162514,"scalar from welfare_function.calculate_welfare(physical_damage, welfare_loss=True)"
2298,rsas / South Asia,Sufficientarian,0.015,1.45,0.0,0.4565625,0.0,10.243300800366733,0.014794832187163355,0.1515479163840619,"physical_damage_per_capita multiplied by JUSTICE welfare_function.calculate_discount_rate; regional time-discounting visibility, not full welfare aggregation",-4144.312094162514,"scalar from welfare_function.calculate_welfare(physical_damage, welfare_loss=True)"
2299,rsas / South Asia,Sufficientarian,0.015,1.45,0.0,0.4565625,0.0,10.261840221777026,0.01457618934695897,0.14957852612086137,"physical_damage_per_capita multiplied by JUSTICE welfare_function.calculate_discount_rate; regional time-discounting visibility, not full welfare aggregation",-4144.312094162514,"scalar from welfare_function.calculate_welfare(physical_damage, welfare_loss=True)"
2300,rsas / South Asia,Sufficientarian,0.015,1.45,0.0,0.4565625,0.0,10.277302140712735,0.014360777681732979,0.147590051210774,"physical_damage_per_capita multiplied by JUSTICE welfare_function.calculate_discount_rate; regional time-discounting visibility, not full welfare aggregation",-4144.312094162514,"scalar from welfare_function.calculate_welfare(physical_damage, welfare_loss=True)"
