year,region,welfare_function,rho,eta,inequality_aversion,sufficiency_threshold,egality_strictness,physical_damage_per_capita,discount_factor,plotted_value,plotted_value_description,welfare_loss_damage_scalar,model_native_welfare_loss_note
2015,rjan57 / Pacific Islands,Prioritarian,0.0,1.45,2.0,0.0,0.0,0.0,1.0,0.0,"physical_damage_per_capita multiplied by JUSTICE welfare_function.calculate_discount_rate; regional time-discounting visibility, not full welfare aggregation",-31116.502585877628,"scalar from welfare_function.calculate_welfare(physical_damage, welfare_loss=True)"
2016,rjan57 / Pacific Islands,Prioritarian,0.0,1.45,2.0,0.0,0.0,0.0,1.0,0.0,"physical_damage_per_capita multiplied by JUSTICE welfare_function.calculate_discount_rate; regional time-discounting visibility, not full welfare aggregation",-31116.502585877628,"scalar from welfare_function.calculate_welfare(physical_damage, welfare_loss=True)"
2017,rjan57 / Pacific Islands,Prioritarian,0.0,1.45,2.0,0.0,0.0,0.0,1.0,0.0,"physical_damage_per_capita multiplied by JUSTICE welfare_function.calculate_discount_rate; regional time-discounting visibility, not full welfare aggregation",-31116.502585877628,"scalar from welfare_function.calculate_welfare(physical_damage, welfare_loss=True)"
2018,rjan57 / Pacific Islands,Prioritarian,0.0,1.45,2.0,0.0,0.0,1.0086836715802105e-06,1.0,1.0086836715802105e-06,"physical_damage_per_capita multiplied by JUSTICE welfare_function.calculate_discount_rate; regional time-discounting visibility, not full welfare aggregation",-31116.502585877628,"scalar from welfare_function.calculate_welfare(physical_damage, welfare_loss=True)"
2019,rjan57 / Pacific Islands,Prioritarian,0.0,1.45,2.0,0.0,0.0,0.006268612545165623,1.0,0.006268612545165623,"physical_damage_per_capita multiplied by JUSTICE welfare_function.calculate_discount_rate; regional time-discounting visibility, not full welfare aggregation",-31116.502585877628,"scalar from welfare_function.calculate_welfare(physical_damage, welfare_loss=True)"
2020,rjan57 / Pacific Islands,Prioritarian,0.0,1.45,2.0,0.0,0.0,0.012405244089514666,1.0,0.012405244089514666,"physical_damage_per_capita multiplied by JUSTICE welfare_function.calculate_discount_rate; regional time-discounting visibility, not full welfare aggregation",-31116.502585877628,"scalar from welfare_function.calculate_welfare(physical_damage, welfare_loss=True)"
2021,rjan57 / Pacific Islands,Prioritarian,0.0,1.45,2.0,0.0,0.0,0.018868412157474295,1.0,0.018868412157474295,"physical_damage_per_capita multiplied by JUSTICE welfare_function.calculate_discount_rate; regional time-discounting visibility, not full welfare aggregation",-31116.502585877628,"scalar from welfare_function.calculate_welfare(physical_damage, welfare_loss=True)"
2022,rjan57 / Pacific Islands,Prioritarian,0.0,1.45,2.0,0.0,0.0,0.02565564309658419,1.0,0.02565564309658419,"physical_damage_per_capita multiplied by JUSTICE welfare_function.calculate_discount_rate; regional time-discounting visibility, not full welfare aggregation",-31116.502585877628,"scalar from welfare_function.calculate_welfare(physical_damage, welfare_loss=True)"
2023,rjan57 / Pacific Islands,Prioritarian,0.0,1.45,2.0,0.0,0.0,0.03330666139277572,1.0,0.03330666139277572,"physical_damage_per_capita multiplied by JUSTICE welfare_function.calculate_discount_rate; regional time-discounting visibility, not full welfare aggregation",-31116.502585877628,"scalar from welfare_function.calculate_welfare(physical_damage, welfare_loss=True)"
2024,rjan57 / Pacific Islands,Prioritarian,0.0,1.45,2.0,0.0,0.0,0.041404034540144796,1.0,0.041404034540144796,"physical_damage_per_capita multiplied by JUSTICE welfare_function.calculate_discount_rate; regional time-discounting visibility, not full welfare aggregation",-31116.502585877628,"scalar from welfare_function.calculate_welfare(physical_damage, welfare_loss=True)"
2025,rjan57 / Pacific Islands,Prioritarian,0.0,1.45,2.0,0.0,0.0,0.04958607945384667,1.0,0.04958607945384667,"physical_damage_per_capita multiplied by JUSTICE welfare_function.calculate_discount_rate; regional time-discounting visibility, not full welfare aggregation",-31116.502585877628,"scalar from welfare_function.calculate_welfare(physical_damage, welfare_loss=True)"
2026,rjan57 / Pacific Islands,Prioritarian,0.0,1.45,2.0,0.0,0.0,0.05752370916938063,1.0,0.05752370916938063,"physical_damage_per_capita multiplied by JUSTICE welfare_function.calculate_discount_rate; regional time-discounting visibility, not full welfare aggregation",-31116.502585877628,"scalar from welfare_function.calculate_welfare(physical_damage, welfare_loss=True)"
2027,rjan57 / Pacific Islands,Prioritarian,0.0,1.45,2.0,0.0,0.0,0.06476157813094173,1.0,0.06476157813094173,"physical_damage_per_capita multiplied by JUSTICE welfare_function.calculate_discount_rate; regional time-discounting visibility, not full welfare aggregation",-31116.502585877628,"scalar from welfare_function.calculate_welfare(physical_damage, welfare_loss=True)"
2028,rjan57 / Pacific Islands,Prioritarian,0.0,1.45,2.0,0.0,0.0,0.07129162766482976,1.0,0.07129162766482976,"physical_damage_per_capita multiplied by JUSTICE welfare_function.calculate_discount_rate; regional time-discounting visibility, not full welfare aggregation",-31116.502585877628,"scalar from welfare_function.calculate_welfare(physical_damage, welfare_loss=True)"
2029,rjan57 / Pacific Islands,Prioritarian,0.0,1.45,2.0,0.0,0.0,0.07743831863565147,1.0,0.07743831863565147,"physical_damage_per_capita multiplied by JUSTICE welfare_function.calculate_discount_rate; regional time-discounting visibility, not full welfare aggregation",-31116.502585877628,"scalar from welfare_function.calculate_welfare(physical_damage, welfare_loss=True)"
2030,rjan57 / Pacific Islands,Prioritarian,0.0,1.45,2.0,0.0,0.0,0.08368632585238356,1.0,0.08368632585238356,"physical_damage_per_capita multiplied by JUSTICE welfare_function.calculate_discount_rate; regional time-discounting visibility, not full welfare aggregation",-31116.502585877628,"scalar from welfare_function.calculate_welfare(physical_damage, welfare_loss=True)"
2031,rjan57 / Pacific Islands,Prioritarian,0.0,1.45,2.0,0.0,0.0,0.09066875449005968,1.0,0.09066875449005968,"physical_damage_per_capita multiplied by JUSTICE welfare_function.calculate_discount_rate; regional time-discounting visibility, not full welfare aggregation",-31116.502585877628,"scalar from welfare_function.calculate_welfare(physical_damage, welfare_loss=True)"
2032,rjan57 / Pacific Islands,Prioritarian,0.0,1.45,2.0,0.0,0.0,0.09784622387312601,1.0,0.09784622387312601,"physical_damage_per_capita multiplied by JUSTICE welfare_function.calculate_discount_rate; regional time-discounting visibility, not full welfare aggregation",-31116.502585877628,"scalar from welfare_function.calculate_welfare(physical_damage, welfare_loss=True)"
2033,rjan57 / Pacific Islands,Prioritarian,0.0,1.45,2.0,0.0,0.0,0.1053119429787746,1.0,0.1053119429787746,"physical_damage_per_capita multiplied by JUSTICE welfare_function.calculate_discount_rate; regional time-discounting visibility, not full welfare aggregation",-31116.502585877628,"scalar from welfare_function.calculate_welfare(physical_damage, welfare_loss=True)"
2034,rjan57 / Pacific Islands,Prioritarian,0.0,1.45,2.0,0.0,0.0,0.11347407501333567,1.0,0.11347407501333567,"physical_damage_per_capita multiplied by JUSTICE welfare_function.calculate_discount_rate; regional time-discounting visibility, not full welfare aggregation",-31116.502585877628,"scalar from welfare_function.calculate_welfare(physical_damage, welfare_loss=True)"
2035,rjan57 / Pacific Islands,Prioritarian,0.0,1.45,2.0,0.0,0.0,0.12270409353320826,1.0,0.12270409353320826,"physical_damage_per_capita multiplied by JUSTICE welfare_function.calculate_discount_rate; regional time-discounting visibility, not full welfare aggregation",-31116.502585877628,"scalar from welfare_function.calculate_welfare(physical_damage, welfare_loss=True)"
2036,rjan57 / Pacific Islands,Prioritarian,0.0,1.45,2.0,0.0,0.0,0.13324591658343604,1.0,0.13324591658343604,"physical_damage_per_capita multiplied by JUSTICE welfare_function.calculate_discount_rate; regional time-discounting visibility, not full welfare aggregation",-31116.502585877628,"scalar from welfare_function.calculate_welfare(physical_damage, welfare_loss=True)"
2037,rjan57 / Pacific Islands,Prioritarian,0.0,1.45,2.0,0.0,0.0,0.1442690737793394,1.0,0.1442690737793394,"physical_damage_per_capita multiplied by JUSTICE welfare_function.calculate_discount_rate; regional time-discounting visibility, not full welfare aggregation",-31116.502585877628,"scalar from welfare_function.calculate_welfare(physical_damage, welfare_loss=True)"
2038,rjan57 / Pacific Islands,Prioritarian,0.0,1.45,2.0,0.0,0.0,0.15519795623070812,1.0,0.15519795623070812,"physical_damage_per_capita multiplied by JUSTICE welfare_function.calculate_discount_rate; regional time-discounting visibility, not full welfare aggregation",-31116.502585877628,"scalar from welfare_function.calculate_welfare(physical_damage, welfare_loss=True)"
2039,rjan57 / Pacific Islands,Prioritarian,0.0,1.45,2.0,0.0,0.0,0.16577521818098395,1.0,0.16577521818098395,"physical_damage_per_capita multiplied by JUSTICE welfare_function.calculate_discount_rate; regional time-discounting visibility, not full welfare aggregation",-31116.502585877628,"scalar from welfare_function.calculate_welfare(physical_damage, welfare_loss=True)"
2040,rjan57 / Pacific Islands,Prioritarian,0.0,1.45,2.0,0.0,0.0,0.17593798307362468,1.0,0.17593798307362468,"physical_damage_per_capita multiplied by JUSTICE welfare_function.calculate_discount_rate; regional time-discounting visibility, not full welfare aggregation",-31116.502585877628,"scalar from welfare_function.calculate_welfare(physical_damage, welfare_loss=True)"
2041,rjan57 / Pacific Islands,Prioritarian,0.0,1.45,2.0,0.0,0.0,0.1866577108571066,1.0,0.1866577108571066,"physical_damage_per_capita multiplied by JUSTICE welfare_function.calculate_discount_rate; regional time-discounting visibility, not full welfare aggregation",-31116.502585877628,"scalar from welfare_function.calculate_welfare(physical_damage, welfare_loss=True)"
2042,rjan57 / Pacific Islands,Prioritarian,0.0,1.45,2.0,0.0,0.0,0.1969360396704985,1.0,0.1969360396704985,"physical_damage_per_capita multiplied by JUSTICE welfare_function.calculate_discount_rate; regional time-discounting visibility, not full welfare aggregation",-31116.502585877628,"scalar from welfare_function.calculate_welfare(physical_damage, welfare_loss=True)"
2043,rjan57 / Pacific Islands,Prioritarian,0.0,1.45,2.0,0.0,0.0,0.20717918450134742,1.0,0.20717918450134742,"physical_damage_per_capita multiplied by JUSTICE welfare_function.calculate_discount_rate; regional time-discounting visibility, not full welfare aggregation",-31116.502585877628,"scalar from welfare_function.calculate_welfare(physical_damage, welfare_loss=True)"
2044,rjan57 / Pacific Islands,Prioritarian,0.0,1.45,2.0,0.0,0.0,0.2179729208047638,1.0,0.2179729208047638,"physical_damage_per_capita multiplied by JUSTICE welfare_function.calculate_discount_rate; regional time-discounting visibility, not full welfare aggregation",-31116.502585877628,"scalar from welfare_function.calculate_welfare(physical_damage, welfare_loss=True)"
2045,rjan57 / Pacific Islands,Prioritarian,0.0,1.45,2.0,0.0,0.0,0.22970180448124222,1.0,0.22970180448124222,"physical_damage_per_capita multiplied by JUSTICE welfare_function.calculate_discount_rate; regional time-discounting visibility, not full welfare aggregation",-31116.502585877628,"scalar from welfare_function.calculate_welfare(physical_damage, welfare_loss=True)"
2046,rjan57 / Pacific Islands,Prioritarian,0.0,1.45,2.0,0.0,0.0,0.24294059057309964,1.0,0.24294059057309964,"physical_damage_per_capita multiplied by JUSTICE welfare_function.calculate_discount_rate; regional time-discounting visibility, not full welfare aggregation",-31116.502585877628,"scalar from welfare_function.calculate_welfare(physical_damage, welfare_loss=True)"
2047,rjan57 / Pacific Islands,Prioritarian,0.0,1.45,2.0,0.0,0.0,0.25773592270287293,1.0,0.25773592270287293,"physical_damage_per_capita multiplied by JUSTICE welfare_function.calculate_discount_rate; regional time-discounting visibility, not full welfare aggregation",-31116.502585877628,"scalar from welfare_function.calculate_welfare(physical_damage, welfare_loss=True)"
2048,rjan57 / Pacific Islands,Prioritarian,0.0,1.45,2.0,0.0,0.0,0.2738784970226791,1.0,0.2738784970226791,"physical_damage_per_capita multiplied by JUSTICE welfare_function.calculate_discount_rate; regional time-discounting visibility, not full welfare aggregation",-31116.502585877628,"scalar from welfare_function.calculate_welfare(physical_damage, welfare_loss=True)"
2049,rjan57 / Pacific Islands,Prioritarian,0.0,1.45,2.0,0.0,0.0,0.29073510708768885,1.0,0.29073510708768885,"physical_damage_per_capita multiplied by JUSTICE welfare_function.calculate_discount_rate; regional time-discounting visibility, not full welfare aggregation",-31116.502585877628,"scalar from welfare_function.calculate_welfare(physical_damage, welfare_loss=True)"
2050,rjan57 / Pacific Islands,Prioritarian,0.0,1.45,2.0,0.0,0.0,0.3076420941212735,1.0,0.3076420941212735,"physical_damage_per_capita multiplied by JUSTICE welfare_function.calculate_discount_rate; regional time-discounting visibility, not full welfare aggregation",-31116.502585877628,"scalar from welfare_function.calculate_welfare(physical_damage, welfare_loss=True)"
2051,rjan57 / Pacific Islands,Prioritarian,0.0,1.45,2.0,0.0,0.0,0.32390998614556565,1.0,0.32390998614556565,"physical_damage_per_capita multiplied by JUSTICE welfare_function.calculate_discount_rate; regional time-discounting visibility, not full welfare aggregation",-31116.502585877628,"scalar from welfare_function.calculate_welfare(physical_damage, welfare_loss=True)"
2052,rjan57 / Pacific Islands,Prioritarian,0.0,1.45,2.0,0.0,0.0,0.33883006621705275,1.0,0.33883006621705275,"physical_damage_per_capita multiplied by JUSTICE welfare_function.calculate_discount_rate; regional time-discounting visibility, not full welfare aggregation",-31116.502585877628,"scalar from welfare_function.calculate_welfare(physical_damage, welfare_loss=True)"
2053,rjan57 / Pacific Islands,Prioritarian,0.0,1.45,2.0,0.0,0.0,0.35338830214505107,1.0,0.35338830214505107,"physical_damage_per_capita multiplied by JUSTICE welfare_function.calculate_discount_rate; regional time-discounting visibility, not full welfare aggregation",-31116.502585877628,"scalar from welfare_function.calculate_welfare(physical_damage, welfare_loss=True)"
2054,rjan57 / Pacific Islands,Prioritarian,0.0,1.45,2.0,0.0,0.0,0.3682678639784396,1.0,0.3682678639784396,"physical_damage_per_capita multiplied by JUSTICE welfare_function.calculate_discount_rate; regional time-discounting visibility, not full welfare aggregation",-31116.502585877628,"scalar from welfare_function.calculate_welfare(physical_damage, welfare_loss=True)"
2055,rjan57 / Pacific Islands,Prioritarian,0.0,1.45,2.0,0.0,0.0,0.383585184252034,1.0,0.383585184252034,"physical_damage_per_capita multiplied by JUSTICE welfare_function.calculate_discount_rate; regional time-discounting visibility, not full welfare aggregation",-31116.502585877628,"scalar from welfare_function.calculate_welfare(physical_damage, welfare_loss=True)"
2056,rjan57 / Pacific Islands,Prioritarian,0.0,1.45,2.0,0.0,0.0,0.40044368507280576,1.0,0.40044368507280576,"physical_damage_per_capita multiplied by JUSTICE welfare_function.calculate_discount_rate; regional time-discounting visibility, not full welfare aggregation",-31116.502585877628,"scalar from welfare_function.calculate_welfare(physical_damage, welfare_loss=True)"
2057,rjan57 / Pacific Islands,Prioritarian,0.0,1.45,2.0,0.0,0.0,0.4189438787069762,1.0,0.4189438787069762,"physical_damage_per_capita multiplied by JUSTICE welfare_function.calculate_discount_rate; regional time-discounting visibility, not full welfare aggregation",-31116.502585877628,"scalar from welfare_function.calculate_welfare(physical_damage, welfare_loss=True)"
2058,rjan57 / Pacific Islands,Prioritarian,0.0,1.45,2.0,0.0,0.0,0.4391814823570611,1.0,0.4391814823570611,"physical_damage_per_capita multiplied by JUSTICE welfare_function.calculate_discount_rate; regional time-discounting visibility, not full welfare aggregation",-31116.502585877628,"scalar from welfare_function.calculate_welfare(physical_damage, welfare_loss=True)"
2059,rjan57 / Pacific Islands,Prioritarian,0.0,1.45,2.0,0.0,0.0,0.45990588483038986,1.0,0.45990588483038986,"physical_damage_per_capita multiplied by JUSTICE welfare_function.calculate_discount_rate; regional time-discounting visibility, not full welfare aggregation",-31116.502585877628,"scalar from welfare_function.calculate_welfare(physical_damage, welfare_loss=True)"
2060,rjan57 / Pacific Islands,Prioritarian,0.0,1.45,2.0,0.0,0.0,0.480386927560229,1.0,0.480386927560229,"physical_damage_per_capita multiplied by JUSTICE welfare_function.calculate_discount_rate; regional time-discounting visibility, not full welfare aggregation",-31116.502585877628,"scalar from welfare_function.calculate_welfare(physical_damage, welfare_loss=True)"
2061,rjan57 / Pacific Islands,Prioritarian,0.0,1.45,2.0,0.0,0.0,0.5018965438945194,1.0,0.5018965438945194,"physical_damage_per_capita multiplied by JUSTICE welfare_function.calculate_discount_rate; regional time-discounting visibility, not full welfare aggregation",-31116.502585877628,"scalar from welfare_function.calculate_welfare(physical_damage, welfare_loss=True)"
2062,rjan57 / Pacific Islands,Prioritarian,0.0,1.45,2.0,0.0,0.0,0.5229742794631149,1.0,0.5229742794631149,"physical_damage_per_capita multiplied by JUSTICE welfare_function.calculate_discount_rate; regional time-discounting visibility, not full welfare aggregation",-31116.502585877628,"scalar from welfare_function.calculate_welfare(physical_damage, welfare_loss=True)"
2063,rjan57 / Pacific Islands,Prioritarian,0.0,1.45,2.0,0.0,0.0,0.5432650749925223,1.0,0.5432650749925223,"physical_damage_per_capita multiplied by JUSTICE welfare_function.calculate_discount_rate; regional time-discounting visibility, not full welfare aggregation",-31116.502585877628,"scalar from welfare_function.calculate_welfare(physical_damage, welfare_loss=True)"
2064,rjan57 / Pacific Islands,Prioritarian,0.0,1.45,2.0,0.0,0.0,0.5635454768291452,1.0,0.5635454768291452,"physical_damage_per_capita multiplied by JUSTICE welfare_function.calculate_discount_rate; regional time-discounting visibility, not full welfare aggregation",-31116.502585877628,"scalar from welfare_function.calculate_welfare(physical_damage, welfare_loss=True)"
2065,rjan57 / Pacific Islands,Prioritarian,0.0,1.45,2.0,0.0,0.0,0.5845160311012194,1.0,0.5845160311012194,"physical_damage_per_capita multiplied by JUSTICE welfare_function.calculate_discount_rate; regional time-discounting visibility, not full welfare aggregation",-31116.502585877628,"scalar from welfare_function.calculate_welfare(physical_damage, welfare_loss=True)"
2066,rjan57 / Pacific Islands,Prioritarian,0.0,1.45,2.0,0.0,0.0,0.6072951212877237,1.0,0.6072951212877237,"physical_damage_per_capita multiplied by JUSTICE welfare_function.calculate_discount_rate; regional time-discounting visibility, not full welfare aggregation",-31116.502585877628,"scalar from welfare_function.calculate_welfare(physical_damage, welfare_loss=True)"
2067,rjan57 / Pacific Islands,Prioritarian,0.0,1.45,2.0,0.0,0.0,0.631298675497423,1.0,0.631298675497423,"physical_damage_per_capita multiplied by JUSTICE welfare_function.calculate_discount_rate; regional time-discounting visibility, not full welfare aggregation",-31116.502585877628,"scalar from welfare_function.calculate_welfare(physical_damage, welfare_loss=True)"
2068,rjan57 / Pacific Islands,Prioritarian,0.0,1.45,2.0,0.0,0.0,0.6573876505118903,1.0,0.6573876505118903,"physical_damage_per_capita multiplied by JUSTICE welfare_function.calculate_discount_rate; regional time-discounting visibility, not full welfare aggregation",-31116.502585877628,"scalar from welfare_function.calculate_welfare(physical_damage, welfare_loss=True)"
2069,rjan57 / Pacific Islands,Prioritarian,0.0,1.45,2.0,0.0,0.0,0.6856768030150053,1.0,0.6856768030150053,"physical_damage_per_capita multiplied by JUSTICE welfare_function.calculate_discount_rate; regional time-discounting visibility, not full welfare aggregation",-31116.502585877628,"scalar from welfare_function.calculate_welfare(physical_damage, welfare_loss=True)"
2070,rjan57 / Pacific Islands,Prioritarian,0.0,1.45,2.0,0.0,0.0,0.714881930085908,1.0,0.714881930085908,"physical_damage_per_capita multiplied by JUSTICE welfare_function.calculate_discount_rate; regional time-discounting visibility, not full welfare aggregation",-31116.502585877628,"scalar from welfare_function.calculate_welfare(physical_damage, welfare_loss=True)"
2071,rjan57 / Pacific Islands,Prioritarian,0.0,1.45,2.0,0.0,0.0,0.7441334219052566,1.0,0.7441334219052566,"physical_damage_per_capita multiplied by JUSTICE welfare_function.calculate_discount_rate; regional time-discounting visibility, not full welfare aggregation",-31116.502585877628,"scalar from welfare_function.calculate_welfare(physical_damage, welfare_loss=True)"
2072,rjan57 / Pacific Islands,Prioritarian,0.0,1.45,2.0,0.0,0.0,0.7722322373566968,1.0,0.7722322373566968,"physical_damage_per_capita multiplied by JUSTICE welfare_function.calculate_discount_rate; regional time-discounting visibility, not full welfare aggregation",-31116.502585877628,"scalar from welfare_function.calculate_welfare(physical_damage, welfare_loss=True)"
2073,rjan57 / Pacific Islands,Prioritarian,0.0,1.45,2.0,0.0,0.0,0.7993348347098711,1.0,0.7993348347098711,"physical_damage_per_capita multiplied by JUSTICE welfare_function.calculate_discount_rate; regional time-discounting visibility, not full welfare aggregation",-31116.502585877628,"scalar from welfare_function.calculate_welfare(physical_damage, welfare_loss=True)"
2074,rjan57 / Pacific Islands,Prioritarian,0.0,1.45,2.0,0.0,0.0,0.8264142102269523,1.0,0.8264142102269523,"physical_damage_per_capita multiplied by JUSTICE welfare_function.calculate_discount_rate; regional time-discounting visibility, not full welfare aggregation",-31116.502585877628,"scalar from welfare_function.calculate_welfare(physical_damage, welfare_loss=True)"
2075,rjan57 / Pacific Islands,Prioritarian,0.0,1.45,2.0,0.0,0.0,0.8543784528092039,1.0,0.8543784528092039,"physical_damage_per_capita multiplied by JUSTICE welfare_function.calculate_discount_rate; regional time-discounting visibility, not full welfare aggregation",-31116.502585877628,"scalar from welfare_function.calculate_welfare(physical_damage, welfare_loss=True)"
2076,rjan57 / Pacific Islands,Prioritarian,0.0,1.45,2.0,0.0,0.0,0.8836943534282149,1.0,0.8836943534282149,"physical_damage_per_capita multiplied by JUSTICE welfare_function.calculate_discount_rate; regional time-discounting visibility, not full welfare aggregation",-31116.502585877628,"scalar from welfare_function.calculate_welfare(physical_damage, welfare_loss=True)"
2077,rjan57 / Pacific Islands,Prioritarian,0.0,1.45,2.0,0.0,0.0,0.9136689489079836,1.0,0.9136689489079836,"physical_damage_per_capita multiplied by JUSTICE welfare_function.calculate_discount_rate; regional time-discounting visibility, not full welfare aggregation",-31116.502585877628,"scalar from welfare_function.calculate_welfare(physical_damage, welfare_loss=True)"
2078,rjan57 / Pacific Islands,Prioritarian,0.0,1.45,2.0,0.0,0.0,0.9445443183468702,1.0,0.9445443183468702,"physical_damage_per_capita multiplied by JUSTICE welfare_function.calculate_discount_rate; regional time-discounting visibility, not full welfare aggregation",-31116.502585877628,"scalar from welfare_function.calculate_welfare(physical_damage, welfare_loss=True)"
2079,rjan57 / Pacific Islands,Prioritarian,0.0,1.45,2.0,0.0,0.0,0.9766925545419223,1.0,0.9766925545419223,"physical_damage_per_capita multiplied by JUSTICE welfare_function.calculate_discount_rate; regional time-discounting visibility, not full welfare aggregation",-31116.502585877628,"scalar from welfare_function.calculate_welfare(physical_damage, welfare_loss=True)"
2080,rjan57 / Pacific Islands,Prioritarian,0.0,1.45,2.0,0.0,0.0,1.01094386905359,1.0,1.01094386905359,"physical_damage_per_capita multiplied by JUSTICE welfare_function.calculate_discount_rate; regional time-discounting visibility, not full welfare aggregation",-31116.502585877628,"scalar from welfare_function.calculate_welfare(physical_damage, welfare_loss=True)"
2081,rjan57 / Pacific Islands,Prioritarian,0.0,1.45,2.0,0.0,0.0,1.0480016654401976,1.0,1.0480016654401976,"physical_damage_per_capita multiplied by JUSTICE welfare_function.calculate_discount_rate; regional time-discounting visibility, not full welfare aggregation",-31116.502585877628,"scalar from welfare_function.calculate_welfare(physical_damage, welfare_loss=True)"
2082,rjan57 / Pacific Islands,Prioritarian,0.0,1.45,2.0,0.0,0.0,1.0863314573151812,1.0,1.0863314573151812,"physical_damage_per_capita multiplied by JUSTICE welfare_function.calculate_discount_rate; regional time-discounting visibility, not full welfare aggregation",-31116.502585877628,"scalar from welfare_function.calculate_welfare(physical_damage, welfare_loss=True)"
2083,rjan57 / Pacific Islands,Prioritarian,0.0,1.45,2.0,0.0,0.0,1.124769593216124,1.0,1.124769593216124,"physical_damage_per_capita multiplied by JUSTICE welfare_function.calculate_discount_rate; regional time-discounting visibility, not full welfare aggregation",-31116.502585877628,"scalar from welfare_function.calculate_welfare(physical_damage, welfare_loss=True)"
2084,rjan57 / Pacific Islands,Prioritarian,0.0,1.45,2.0,0.0,0.0,1.1628610625766733,1.0,1.1628610625766733,"physical_damage_per_capita multiplied by JUSTICE welfare_function.calculate_discount_rate; regional time-discounting visibility, not full welfare aggregation",-31116.502585877628,"scalar from welfare_function.calculate_welfare(physical_damage, welfare_loss=True)"
2085,rjan57 / Pacific Islands,Prioritarian,0.0,1.45,2.0,0.0,0.0,1.2002960404810268,1.0,1.2002960404810268,"physical_damage_per_capita multiplied by JUSTICE welfare_function.calculate_discount_rate; regional time-discounting visibility, not full welfare aggregation",-31116.502585877628,"scalar from welfare_function.calculate_welfare(physical_damage, welfare_loss=True)"
2086,rjan57 / Pacific Islands,Prioritarian,0.0,1.45,2.0,0.0,0.0,1.238219014112467,1.0,1.238219014112467,"physical_damage_per_capita multiplied by JUSTICE welfare_function.calculate_discount_rate; regional time-discounting visibility, not full welfare aggregation",-31116.502585877628,"scalar from welfare_function.calculate_welfare(physical_damage, welfare_loss=True)"
2087,rjan57 / Pacific Islands,Prioritarian,0.0,1.45,2.0,0.0,0.0,1.2759328389208202,1.0,1.2759328389208202,"physical_damage_per_capita multiplied by JUSTICE welfare_function.calculate_discount_rate; regional time-discounting visibility, not full welfare aggregation",-31116.502585877628,"scalar from welfare_function.calculate_welfare(physical_damage, welfare_loss=True)"
2088,rjan57 / Pacific Islands,Prioritarian,0.0,1.45,2.0,0.0,0.0,1.3134958222998945,1.0,1.3134958222998945,"physical_damage_per_capita multiplied by JUSTICE welfare_function.calculate_discount_rate; regional time-discounting visibility, not full welfare aggregation",-31116.502585877628,"scalar from welfare_function.calculate_welfare(physical_damage, welfare_loss=True)"
2089,rjan57 / Pacific Islands,Prioritarian,0.0,1.45,2.0,0.0,0.0,1.352500559153559,1.0,1.352500559153559,"physical_damage_per_capita multiplied by JUSTICE welfare_function.calculate_discount_rate; regional time-discounting visibility, not full welfare aggregation",-31116.502585877628,"scalar from welfare_function.calculate_welfare(physical_damage, welfare_loss=True)"
2090,rjan57 / Pacific Islands,Prioritarian,0.0,1.45,2.0,0.0,0.0,1.393429598878162,1.0,1.393429598878162,"physical_damage_per_capita multiplied by JUSTICE welfare_function.calculate_discount_rate; regional time-discounting visibility, not full welfare aggregation",-31116.502585877628,"scalar from welfare_function.calculate_welfare(physical_damage, welfare_loss=True)"
2091,rjan57 / Pacific Islands,Prioritarian,0.0,1.45,2.0,0.0,0.0,1.4377897217786437,1.0,1.4377897217786437,"physical_damage_per_capita multiplied by JUSTICE welfare_function.calculate_discount_rate; regional time-discounting visibility, not full welfare aggregation",-31116.502585877628,"scalar from welfare_function.calculate_welfare(physical_damage, welfare_loss=True)"
2092,rjan57 / Pacific Islands,Prioritarian,0.0,1.45,2.0,0.0,0.0,1.4855307888386187,1.0,1.4855307888386187,"physical_damage_per_capita multiplied by JUSTICE welfare_function.calculate_discount_rate; regional time-discounting visibility, not full welfare aggregation",-31116.502585877628,"scalar from welfare_function.calculate_welfare(physical_damage, welfare_loss=True)"
2093,rjan57 / Pacific Islands,Prioritarian,0.0,1.45,2.0,0.0,0.0,1.53580275088205,1.0,1.53580275088205,"physical_damage_per_capita multiplied by JUSTICE welfare_function.calculate_discount_rate; regional time-discounting visibility, not full welfare aggregation",-31116.502585877628,"scalar from welfare_function.calculate_welfare(physical_damage, welfare_loss=True)"
2094,rjan57 / Pacific Islands,Prioritarian,0.0,1.45,2.0,0.0,0.0,1.5872850972369432,1.0,1.5872850972369432,"physical_damage_per_capita multiplied by JUSTICE welfare_function.calculate_discount_rate; regional time-discounting visibility, not full welfare aggregation",-31116.502585877628,"scalar from welfare_function.calculate_welfare(physical_damage, welfare_loss=True)"
2095,rjan57 / Pacific Islands,Prioritarian,0.0,1.45,2.0,0.0,0.0,1.6378196208469546,1.0,1.6378196208469546,"physical_damage_per_capita multiplied by JUSTICE welfare_function.calculate_discount_rate; regional time-discounting visibility, not full welfare aggregation",-31116.502585877628,"scalar from welfare_function.calculate_welfare(physical_damage, welfare_loss=True)"
2096,rjan57 / Pacific Islands,Prioritarian,0.0,1.45,2.0,0.0,0.0,1.688402084659633,1.0,1.688402084659633,"physical_damage_per_capita multiplied by JUSTICE welfare_function.calculate_discount_rate; regional time-discounting visibility, not full welfare aggregation",-31116.502585877628,"scalar from welfare_function.calculate_welfare(physical_damage, welfare_loss=True)"
2097,rjan57 / Pacific Islands,Prioritarian,0.0,1.45,2.0,0.0,0.0,1.7373586878334648,1.0,1.7373586878334648,"physical_damage_per_capita multiplied by JUSTICE welfare_function.calculate_discount_rate; regional time-discounting visibility, not full welfare aggregation",-31116.502585877628,"scalar from welfare_function.calculate_welfare(physical_damage, welfare_loss=True)"
2098,rjan57 / Pacific Islands,Prioritarian,0.0,1.45,2.0,0.0,0.0,1.786126370258723,1.0,1.786126370258723,"physical_damage_per_capita multiplied by JUSTICE welfare_function.calculate_discount_rate; regional time-discounting visibility, not full welfare aggregation",-31116.502585877628,"scalar from welfare_function.calculate_welfare(physical_damage, welfare_loss=True)"
2099,rjan57 / Pacific Islands,Prioritarian,0.0,1.45,2.0,0.0,0.0,1.8359432021113606,1.0,1.8359432021113606,"physical_damage_per_capita multiplied by JUSTICE welfare_function.calculate_discount_rate; regional time-discounting visibility, not full welfare aggregation",-31116.502585877628,"scalar from welfare_function.calculate_welfare(physical_damage, welfare_loss=True)"
2100,rjan57 / Pacific Islands,Prioritarian,0.0,1.45,2.0,0.0,0.0,1.8876922020266935,1.0,1.8876922020266935,"physical_damage_per_capita multiplied by JUSTICE welfare_function.calculate_discount_rate; regional time-discounting visibility, not full welfare aggregation",-31116.502585877628,"scalar from welfare_function.calculate_welfare(physical_damage, welfare_loss=True)"
2101,rjan57 / Pacific Islands,Prioritarian,0.0,1.45,2.0,0.0,0.0,1.9427228408067831,1.0,1.9427228408067831,"physical_damage_per_capita multiplied by JUSTICE welfare_function.calculate_discount_rate; regional time-discounting visibility, not full welfare aggregation",-31116.502585877628,"scalar from welfare_function.calculate_welfare(physical_damage, welfare_loss=True)"
2102,rjan57 / Pacific Islands,Prioritarian,0.0,1.45,2.0,0.0,0.0,2.001835069849156,1.0,2.001835069849156,"physical_damage_per_capita multiplied by JUSTICE welfare_function.calculate_discount_rate; regional time-discounting visibility, not full welfare aggregation",-31116.502585877628,"scalar from welfare_function.calculate_welfare(physical_damage, welfare_loss=True)"
2103,rjan57 / Pacific Islands,Prioritarian,0.0,1.45,2.0,0.0,0.0,2.0649798635180168,1.0,2.0649798635180168,"physical_damage_per_capita multiplied by JUSTICE welfare_function.calculate_discount_rate; regional time-discounting visibility, not full welfare aggregation",-31116.502585877628,"scalar from welfare_function.calculate_welfare(physical_damage, welfare_loss=True)"
2104,rjan57 / Pacific Islands,Prioritarian,0.0,1.45,2.0,0.0,0.0,2.1281761239412975,1.0,2.1281761239412975,"physical_damage_per_capita multiplied by JUSTICE welfare_function.calculate_discount_rate; regional time-discounting visibility, not full welfare aggregation",-31116.502585877628,"scalar from welfare_function.calculate_welfare(physical_damage, welfare_loss=True)"
2105,rjan57 / Pacific Islands,Prioritarian,0.0,1.45,2.0,0.0,0.0,2.1896818531252222,1.0,2.1896818531252222,"physical_damage_per_capita multiplied by JUSTICE welfare_function.calculate_discount_rate; regional time-discounting visibility, not full welfare aggregation",-31116.502585877628,"scalar from welfare_function.calculate_welfare(physical_damage, welfare_loss=True)"
2106,rjan57 / Pacific Islands,Prioritarian,0.0,1.45,2.0,0.0,0.0,2.2505081700178113,1.0,2.2505081700178113,"physical_damage_per_capita multiplied by JUSTICE welfare_function.calculate_discount_rate; regional time-discounting visibility, not full welfare aggregation",-31116.502585877628,"scalar from welfare_function.calculate_welfare(physical_damage, welfare_loss=True)"
2107,rjan57 / Pacific Islands,Prioritarian,0.0,1.45,2.0,0.0,0.0,2.309667929831652,1.0,2.309667929831652,"physical_damage_per_capita multiplied by JUSTICE welfare_function.calculate_discount_rate; regional time-discounting visibility, not full welfare aggregation",-31116.502585877628,"scalar from welfare_function.calculate_welfare(physical_damage, welfare_loss=True)"
2108,rjan57 / Pacific Islands,Prioritarian,0.0,1.45,2.0,0.0,0.0,2.3682809141715038,1.0,2.3682809141715038,"physical_damage_per_capita multiplied by JUSTICE welfare_function.calculate_discount_rate; regional time-discounting visibility, not full welfare aggregation",-31116.502585877628,"scalar from welfare_function.calculate_welfare(physical_damage, welfare_loss=True)"
2109,rjan57 / Pacific Islands,Prioritarian,0.0,1.45,2.0,0.0,0.0,2.4280455463749666,1.0,2.4280455463749666,"physical_damage_per_capita multiplied by JUSTICE welfare_function.calculate_discount_rate; regional time-discounting visibility, not full welfare aggregation",-31116.502585877628,"scalar from welfare_function.calculate_welfare(physical_damage, welfare_loss=True)"
2110,rjan57 / Pacific Islands,Prioritarian,0.0,1.45,2.0,0.0,0.0,2.489785597269893,1.0,2.489785597269893,"physical_damage_per_capita multiplied by JUSTICE welfare_function.calculate_discount_rate; regional time-discounting visibility, not full welfare aggregation",-31116.502585877628,"scalar from welfare_function.calculate_welfare(physical_damage, welfare_loss=True)"
2111,rjan57 / Pacific Islands,Prioritarian,0.0,1.45,2.0,0.0,0.0,2.5547085073941114,1.0,2.5547085073941114,"physical_damage_per_capita multiplied by JUSTICE welfare_function.calculate_discount_rate; regional time-discounting visibility, not full welfare aggregation",-31116.502585877628,"scalar from welfare_function.calculate_welfare(physical_damage, welfare_loss=True)"
2112,rjan57 / Pacific Islands,Prioritarian,0.0,1.45,2.0,0.0,0.0,2.6236758708753496,1.0,2.6236758708753496,"physical_damage_per_capita multiplied by JUSTICE welfare_function.calculate_discount_rate; regional time-discounting visibility, not full welfare aggregation",-31116.502585877628,"scalar from welfare_function.calculate_welfare(physical_damage, welfare_loss=True)"
2113,rjan57 / Pacific Islands,Prioritarian,0.0,1.45,2.0,0.0,0.0,2.698911359294287,1.0,2.698911359294287,"physical_damage_per_capita multiplied by JUSTICE welfare_function.calculate_discount_rate; regional time-discounting visibility, not full welfare aggregation",-31116.502585877628,"scalar from welfare_function.calculate_welfare(physical_damage, welfare_loss=True)"
2114,rjan57 / Pacific Islands,Prioritarian,0.0,1.45,2.0,0.0,0.0,2.776303076763155,1.0,2.776303076763155,"physical_damage_per_capita multiplied by JUSTICE welfare_function.calculate_discount_rate; regional time-discounting visibility, not full welfare aggregation",-31116.502585877628,"scalar from welfare_function.calculate_welfare(physical_damage, welfare_loss=True)"
2115,rjan57 / Pacific Islands,Prioritarian,0.0,1.45,2.0,0.0,0.0,2.851275509437793,1.0,2.851275509437793,"physical_damage_per_capita multiplied by JUSTICE welfare_function.calculate_discount_rate; regional time-discounting visibility, not full welfare aggregation",-31116.502585877628,"scalar from welfare_function.calculate_welfare(physical_damage, welfare_loss=True)"
2116,rjan57 / Pacific Islands,Prioritarian,0.0,1.45,2.0,0.0,0.0,2.923067872205993,1.0,2.923067872205993,"physical_damage_per_capita multiplied by JUSTICE welfare_function.calculate_discount_rate; regional time-discounting visibility, not full welfare aggregation",-31116.502585877628,"scalar from welfare_function.calculate_welfare(physical_damage, welfare_loss=True)"
2117,rjan57 / Pacific Islands,Prioritarian,0.0,1.45,2.0,0.0,0.0,2.9928328151665027,1.0,2.9928328151665027,"physical_damage_per_capita multiplied by JUSTICE welfare_function.calculate_discount_rate; regional time-discounting visibility, not full welfare aggregation",-31116.502585877628,"scalar from welfare_function.calculate_welfare(physical_damage, welfare_loss=True)"
2118,rjan57 / Pacific Islands,Prioritarian,0.0,1.45,2.0,0.0,0.0,3.0625104644341423,1.0,3.0625104644341423,"physical_damage_per_capita multiplied by JUSTICE welfare_function.calculate_discount_rate; regional time-discounting visibility, not full welfare aggregation",-31116.502585877628,"scalar from welfare_function.calculate_welfare(physical_damage, welfare_loss=True)"
2119,rjan57 / Pacific Islands,Prioritarian,0.0,1.45,2.0,0.0,0.0,3.1321537933896426,1.0,3.1321537933896426,"physical_damage_per_capita multiplied by JUSTICE welfare_function.calculate_discount_rate; regional time-discounting visibility, not full welfare aggregation",-31116.502585877628,"scalar from welfare_function.calculate_welfare(physical_damage, welfare_loss=True)"
2120,rjan57 / Pacific Islands,Prioritarian,0.0,1.45,2.0,0.0,0.0,3.2035892235357535,1.0,3.2035892235357535,"physical_damage_per_capita multiplied by JUSTICE welfare_function.calculate_discount_rate; regional time-discounting visibility, not full welfare aggregation",-31116.502585877628,"scalar from welfare_function.calculate_welfare(physical_damage, welfare_loss=True)"
2121,rjan57 / Pacific Islands,Prioritarian,0.0,1.45,2.0,0.0,0.0,3.2775511541339113,1.0,3.2775511541339113,"physical_damage_per_capita multiplied by JUSTICE welfare_function.calculate_discount_rate; regional time-discounting visibility, not full welfare aggregation",-31116.502585877628,"scalar from welfare_function.calculate_welfare(physical_damage, welfare_loss=True)"
2122,rjan57 / Pacific Islands,Prioritarian,0.0,1.45,2.0,0.0,0.0,3.3562709401209254,1.0,3.3562709401209254,"physical_damage_per_capita multiplied by JUSTICE welfare_function.calculate_discount_rate; regional time-discounting visibility, not full welfare aggregation",-31116.502585877628,"scalar from welfare_function.calculate_welfare(physical_damage, welfare_loss=True)"
2123,rjan57 / Pacific Islands,Prioritarian,0.0,1.45,2.0,0.0,0.0,3.441549635534362,1.0,3.441549635534362,"physical_damage_per_capita multiplied by JUSTICE welfare_function.calculate_discount_rate; regional time-discounting visibility, not full welfare aggregation",-31116.502585877628,"scalar from welfare_function.calculate_welfare(physical_damage, welfare_loss=True)"
2124,rjan57 / Pacific Islands,Prioritarian,0.0,1.45,2.0,0.0,0.0,3.532437818064331,1.0,3.532437818064331,"physical_damage_per_capita multiplied by JUSTICE welfare_function.calculate_discount_rate; regional time-discounting visibility, not full welfare aggregation",-31116.502585877628,"scalar from welfare_function.calculate_welfare(physical_damage, welfare_loss=True)"
2125,rjan57 / Pacific Islands,Prioritarian,0.0,1.45,2.0,0.0,0.0,3.621025986377945,1.0,3.621025986377945,"physical_damage_per_capita multiplied by JUSTICE welfare_function.calculate_discount_rate; regional time-discounting visibility, not full welfare aggregation",-31116.502585877628,"scalar from welfare_function.calculate_welfare(physical_damage, welfare_loss=True)"
2126,rjan57 / Pacific Islands,Prioritarian,0.0,1.45,2.0,0.0,0.0,3.7052337982462844,1.0,3.7052337982462844,"physical_damage_per_capita multiplied by JUSTICE welfare_function.calculate_discount_rate; regional time-discounting visibility, not full welfare aggregation",-31116.502585877628,"scalar from welfare_function.calculate_welfare(physical_damage, welfare_loss=True)"
2127,rjan57 / Pacific Islands,Prioritarian,0.0,1.45,2.0,0.0,0.0,3.7872009681617897,1.0,3.7872009681617897,"physical_damage_per_capita multiplied by JUSTICE welfare_function.calculate_discount_rate; regional time-discounting visibility, not full welfare aggregation",-31116.502585877628,"scalar from welfare_function.calculate_welfare(physical_damage, welfare_loss=True)"
2128,rjan57 / Pacific Islands,Prioritarian,0.0,1.45,2.0,0.0,0.0,3.8651813596924187,1.0,3.8651813596924187,"physical_damage_per_capita multiplied by JUSTICE welfare_function.calculate_discount_rate; regional time-discounting visibility, not full welfare aggregation",-31116.502585877628,"scalar from welfare_function.calculate_welfare(physical_damage, welfare_loss=True)"
2129,rjan57 / Pacific Islands,Prioritarian,0.0,1.45,2.0,0.0,0.0,3.9432759957875785,1.0,3.9432759957875785,"physical_damage_per_capita multiplied by JUSTICE welfare_function.calculate_discount_rate; regional time-discounting visibility, not full welfare aggregation",-31116.502585877628,"scalar from welfare_function.calculate_welfare(physical_damage, welfare_loss=True)"
2130,rjan57 / Pacific Islands,Prioritarian,0.0,1.45,2.0,0.0,0.0,4.0236513888587755,1.0,4.0236513888587755,"physical_damage_per_capita multiplied by JUSTICE welfare_function.calculate_discount_rate; regional time-discounting visibility, not full welfare aggregation",-31116.502585877628,"scalar from welfare_function.calculate_welfare(physical_damage, welfare_loss=True)"
2131,rjan57 / Pacific Islands,Prioritarian,0.0,1.45,2.0,0.0,0.0,4.10666566953927,1.0,4.10666566953927,"physical_damage_per_capita multiplied by JUSTICE welfare_function.calculate_discount_rate; regional time-discounting visibility, not full welfare aggregation",-31116.502585877628,"scalar from welfare_function.calculate_welfare(physical_damage, welfare_loss=True)"
2132,rjan57 / Pacific Islands,Prioritarian,0.0,1.45,2.0,0.0,0.0,4.195586120596543,1.0,4.195586120596543,"physical_damage_per_capita multiplied by JUSTICE welfare_function.calculate_discount_rate; regional time-discounting visibility, not full welfare aggregation",-31116.502585877628,"scalar from welfare_function.calculate_welfare(physical_damage, welfare_loss=True)"
2133,rjan57 / Pacific Islands,Prioritarian,0.0,1.45,2.0,0.0,0.0,4.294719714495533,1.0,4.294719714495533,"physical_damage_per_capita multiplied by JUSTICE welfare_function.calculate_discount_rate; regional time-discounting visibility, not full welfare aggregation",-31116.502585877628,"scalar from welfare_function.calculate_welfare(physical_damage, welfare_loss=True)"
2134,rjan57 / Pacific Islands,Prioritarian,0.0,1.45,2.0,0.0,0.0,4.39828457832123,1.0,4.39828457832123,"physical_damage_per_capita multiplied by JUSTICE welfare_function.calculate_discount_rate; regional time-discounting visibility, not full welfare aggregation",-31116.502585877628,"scalar from welfare_function.calculate_welfare(physical_damage, welfare_loss=True)"
2135,rjan57 / Pacific Islands,Prioritarian,0.0,1.45,2.0,0.0,0.0,4.49884925863693,1.0,4.49884925863693,"physical_damage_per_capita multiplied by JUSTICE welfare_function.calculate_discount_rate; regional time-discounting visibility, not full welfare aggregation",-31116.502585877628,"scalar from welfare_function.calculate_welfare(physical_damage, welfare_loss=True)"
2136,rjan57 / Pacific Islands,Prioritarian,0.0,1.45,2.0,0.0,0.0,4.594000154749415,1.0,4.594000154749415,"physical_damage_per_capita multiplied by JUSTICE welfare_function.calculate_discount_rate; regional time-discounting visibility, not full welfare aggregation",-31116.502585877628,"scalar from welfare_function.calculate_welfare(physical_damage, welfare_loss=True)"
2137,rjan57 / Pacific Islands,Prioritarian,0.0,1.45,2.0,0.0,0.0,4.6827094396931805,1.0,4.6827094396931805,"physical_damage_per_capita multiplied by JUSTICE welfare_function.calculate_discount_rate; regional time-discounting visibility, not full welfare aggregation",-31116.502585877628,"scalar from welfare_function.calculate_welfare(physical_damage, welfare_loss=True)"
2138,rjan57 / Pacific Islands,Prioritarian,0.0,1.45,2.0,0.0,0.0,4.766594207651366,1.0,4.766594207651366,"physical_damage_per_capita multiplied by JUSTICE welfare_function.calculate_discount_rate; regional time-discounting visibility, not full welfare aggregation",-31116.502585877628,"scalar from welfare_function.calculate_welfare(physical_damage, welfare_loss=True)"
2139,rjan57 / Pacific Islands,Prioritarian,0.0,1.45,2.0,0.0,0.0,4.850755423390667,1.0,4.850755423390667,"physical_damage_per_capita multiplied by JUSTICE welfare_function.calculate_discount_rate; regional time-discounting visibility, not full welfare aggregation",-31116.502585877628,"scalar from welfare_function.calculate_welfare(physical_damage, welfare_loss=True)"
2140,rjan57 / Pacific Islands,Prioritarian,0.0,1.45,2.0,0.0,0.0,4.938506481367594,1.0,4.938506481367594,"physical_damage_per_capita multiplied by JUSTICE welfare_function.calculate_discount_rate; regional time-discounting visibility, not full welfare aggregation",-31116.502585877628,"scalar from welfare_function.calculate_welfare(physical_damage, welfare_loss=True)"
2141,rjan57 / Pacific Islands,Prioritarian,0.0,1.45,2.0,0.0,0.0,5.027330275026358,1.0,5.027330275026358,"physical_damage_per_capita multiplied by JUSTICE welfare_function.calculate_discount_rate; regional time-discounting visibility, not full welfare aggregation",-31116.502585877628,"scalar from welfare_function.calculate_welfare(physical_damage, welfare_loss=True)"
2142,rjan57 / Pacific Islands,Prioritarian,0.0,1.45,2.0,0.0,0.0,5.119403399052945,1.0,5.119403399052945,"physical_damage_per_capita multiplied by JUSTICE welfare_function.calculate_discount_rate; regional time-discounting visibility, not full welfare aggregation",-31116.502585877628,"scalar from welfare_function.calculate_welfare(physical_damage, welfare_loss=True)"
2143,rjan57 / Pacific Islands,Prioritarian,0.0,1.45,2.0,0.0,0.0,5.21731529413699,1.0,5.21731529413699,"physical_damage_per_capita multiplied by JUSTICE welfare_function.calculate_discount_rate; regional time-discounting visibility, not full welfare aggregation",-31116.502585877628,"scalar from welfare_function.calculate_welfare(physical_damage, welfare_loss=True)"
2144,rjan57 / Pacific Islands,Prioritarian,0.0,1.45,2.0,0.0,0.0,5.321560397841868,1.0,5.321560397841868,"physical_damage_per_capita multiplied by JUSTICE welfare_function.calculate_discount_rate; regional time-discounting visibility, not full welfare aggregation",-31116.502585877628,"scalar from welfare_function.calculate_welfare(physical_damage, welfare_loss=True)"
2145,rjan57 / Pacific Islands,Prioritarian,0.0,1.45,2.0,0.0,0.0,5.426763532271373,1.0,5.426763532271373,"physical_damage_per_capita multiplied by JUSTICE welfare_function.calculate_discount_rate; regional time-discounting visibility, not full welfare aggregation",-31116.502585877628,"scalar from welfare_function.calculate_welfare(physical_damage, welfare_loss=True)"
2146,rjan57 / Pacific Islands,Prioritarian,0.0,1.45,2.0,0.0,0.0,5.527997363416199,1.0,5.527997363416199,"physical_damage_per_capita multiplied by JUSTICE welfare_function.calculate_discount_rate; regional time-discounting visibility, not full welfare aggregation",-31116.502585877628,"scalar from welfare_function.calculate_welfare(physical_damage, welfare_loss=True)"
2147,rjan57 / Pacific Islands,Prioritarian,0.0,1.45,2.0,0.0,0.0,5.627869567293551,1.0,5.627869567293551,"physical_damage_per_capita multiplied by JUSTICE welfare_function.calculate_discount_rate; regional time-discounting visibility, not full welfare aggregation",-31116.502585877628,"scalar from welfare_function.calculate_welfare(physical_damage, welfare_loss=True)"
2148,rjan57 / Pacific Islands,Prioritarian,0.0,1.45,2.0,0.0,0.0,5.723827882605116,1.0,5.723827882605116,"physical_damage_per_capita multiplied by JUSTICE welfare_function.calculate_discount_rate; regional time-discounting visibility, not full welfare aggregation",-31116.502585877628,"scalar from welfare_function.calculate_welfare(physical_damage, welfare_loss=True)"
2149,rjan57 / Pacific Islands,Prioritarian,0.0,1.45,2.0,0.0,0.0,5.8183419008588535,1.0,5.8183419008588535,"physical_damage_per_capita multiplied by JUSTICE welfare_function.calculate_discount_rate; regional time-discounting visibility, not full welfare aggregation",-31116.502585877628,"scalar from welfare_function.calculate_welfare(physical_damage, welfare_loss=True)"
2150,rjan57 / Pacific Islands,Prioritarian,0.0,1.45,2.0,0.0,0.0,5.913564280853068,1.0,5.913564280853068,"physical_damage_per_capita multiplied by JUSTICE welfare_function.calculate_discount_rate; regional time-discounting visibility, not full welfare aggregation",-31116.502585877628,"scalar from welfare_function.calculate_welfare(physical_damage, welfare_loss=True)"
2151,rjan57 / Pacific Islands,Prioritarian,0.0,1.45,2.0,0.0,0.0,6.005631231004563,1.0,6.005631231004563,"physical_damage_per_capita multiplied by JUSTICE welfare_function.calculate_discount_rate; regional time-discounting visibility, not full welfare aggregation",-31116.502585877628,"scalar from welfare_function.calculate_welfare(physical_damage, welfare_loss=True)"
2152,rjan57 / Pacific Islands,Prioritarian,0.0,1.45,2.0,0.0,0.0,6.099139692659386,1.0,6.099139692659386,"physical_damage_per_capita multiplied by JUSTICE welfare_function.calculate_discount_rate; regional time-discounting visibility, not full welfare aggregation",-31116.502585877628,"scalar from welfare_function.calculate_welfare(physical_damage, welfare_loss=True)"
2153,rjan57 / Pacific Islands,Prioritarian,0.0,1.45,2.0,0.0,0.0,6.194827603082189,1.0,6.194827603082189,"physical_damage_per_capita multiplied by JUSTICE welfare_function.calculate_discount_rate; regional time-discounting visibility, not full welfare aggregation",-31116.502585877628,"scalar from welfare_function.calculate_welfare(physical_damage, welfare_loss=True)"
2154,rjan57 / Pacific Islands,Prioritarian,0.0,1.45,2.0,0.0,0.0,6.295533804530596,1.0,6.295533804530596,"physical_damage_per_capita multiplied by JUSTICE welfare_function.calculate_discount_rate; regional time-discounting visibility, not full welfare aggregation",-31116.502585877628,"scalar from welfare_function.calculate_welfare(physical_damage, welfare_loss=True)"
2155,rjan57 / Pacific Islands,Prioritarian,0.0,1.45,2.0,0.0,0.0,6.405341634994291,1.0,6.405341634994291,"physical_damage_per_capita multiplied by JUSTICE welfare_function.calculate_discount_rate; regional time-discounting visibility, not full welfare aggregation",-31116.502585877628,"scalar from welfare_function.calculate_welfare(physical_damage, welfare_loss=True)"
2156,rjan57 / Pacific Islands,Prioritarian,0.0,1.45,2.0,0.0,0.0,6.5181183697389065,1.0,6.5181183697389065,"physical_damage_per_capita multiplied by JUSTICE welfare_function.calculate_discount_rate; regional time-discounting visibility, not full welfare aggregation",-31116.502585877628,"scalar from welfare_function.calculate_welfare(physical_damage, welfare_loss=True)"
2157,rjan57 / Pacific Islands,Prioritarian,0.0,1.45,2.0,0.0,0.0,6.6279841489937175,1.0,6.6279841489937175,"physical_damage_per_capita multiplied by JUSTICE welfare_function.calculate_discount_rate; regional time-discounting visibility, not full welfare aggregation",-31116.502585877628,"scalar from welfare_function.calculate_welfare(physical_damage, welfare_loss=True)"
2158,rjan57 / Pacific Islands,Prioritarian,0.0,1.45,2.0,0.0,0.0,6.730838909007189,1.0,6.730838909007189,"physical_damage_per_capita multiplied by JUSTICE welfare_function.calculate_discount_rate; regional time-discounting visibility, not full welfare aggregation",-31116.502585877628,"scalar from welfare_function.calculate_welfare(physical_damage, welfare_loss=True)"
2159,rjan57 / Pacific Islands,Prioritarian,0.0,1.45,2.0,0.0,0.0,6.82782808974708,1.0,6.82782808974708,"physical_damage_per_capita multiplied by JUSTICE welfare_function.calculate_discount_rate; regional time-discounting visibility, not full welfare aggregation",-31116.502585877628,"scalar from welfare_function.calculate_welfare(physical_damage, welfare_loss=True)"
2160,rjan57 / Pacific Islands,Prioritarian,0.0,1.45,2.0,0.0,0.0,6.918718309851282,1.0,6.918718309851282,"physical_damage_per_capita multiplied by JUSTICE welfare_function.calculate_discount_rate; regional time-discounting visibility, not full welfare aggregation",-31116.502585877628,"scalar from welfare_function.calculate_welfare(physical_damage, welfare_loss=True)"
2161,rjan57 / Pacific Islands,Prioritarian,0.0,1.45,2.0,0.0,0.0,7.0013268691311294,1.0,7.0013268691311294,"physical_damage_per_capita multiplied by JUSTICE welfare_function.calculate_discount_rate; regional time-discounting visibility, not full welfare aggregation",-31116.502585877628,"scalar from welfare_function.calculate_welfare(physical_damage, welfare_loss=True)"
2162,rjan57 / Pacific Islands,Prioritarian,0.0,1.45,2.0,0.0,0.0,7.084357221522711,1.0,7.084357221522711,"physical_damage_per_capita multiplied by JUSTICE welfare_function.calculate_discount_rate; regional time-discounting visibility, not full welfare aggregation",-31116.502585877628,"scalar from welfare_function.calculate_welfare(physical_damage, welfare_loss=True)"
2163,rjan57 / Pacific Islands,Prioritarian,0.0,1.45,2.0,0.0,0.0,7.17139045850979,1.0,7.17139045850979,"physical_damage_per_capita multiplied by JUSTICE welfare_function.calculate_discount_rate; regional time-discounting visibility, not full welfare aggregation",-31116.502585877628,"scalar from welfare_function.calculate_welfare(physical_damage, welfare_loss=True)"
2164,rjan57 / Pacific Islands,Prioritarian,0.0,1.45,2.0,0.0,0.0,7.265787086610339,1.0,7.265787086610339,"physical_damage_per_capita multiplied by JUSTICE welfare_function.calculate_discount_rate; regional time-discounting visibility, not full welfare aggregation",-31116.502585877628,"scalar from welfare_function.calculate_welfare(physical_damage, welfare_loss=True)"
2165,rjan57 / Pacific Islands,Prioritarian,0.0,1.45,2.0,0.0,0.0,7.3707358623902515,1.0,7.3707358623902515,"physical_damage_per_capita multiplied by JUSTICE welfare_function.calculate_discount_rate; regional time-discounting visibility, not full welfare aggregation",-31116.502585877628,"scalar from welfare_function.calculate_welfare(physical_damage, welfare_loss=True)"
2166,rjan57 / Pacific Islands,Prioritarian,0.0,1.45,2.0,0.0,0.0,7.479111966024295,1.0,7.479111966024295,"physical_damage_per_capita multiplied by JUSTICE welfare_function.calculate_discount_rate; regional time-discounting visibility, not full welfare aggregation",-31116.502585877628,"scalar from welfare_function.calculate_welfare(physical_damage, welfare_loss=True)"
2167,rjan57 / Pacific Islands,Prioritarian,0.0,1.45,2.0,0.0,0.0,7.582595851405901,1.0,7.582595851405901,"physical_damage_per_capita multiplied by JUSTICE welfare_function.calculate_discount_rate; regional time-discounting visibility, not full welfare aggregation",-31116.502585877628,"scalar from welfare_function.calculate_welfare(physical_damage, welfare_loss=True)"
2168,rjan57 / Pacific Islands,Prioritarian,0.0,1.45,2.0,0.0,0.0,7.67758928306222,1.0,7.67758928306222,"physical_damage_per_capita multiplied by JUSTICE welfare_function.calculate_discount_rate; regional time-discounting visibility, not full welfare aggregation",-31116.502585877628,"scalar from welfare_function.calculate_welfare(physical_damage, welfare_loss=True)"
2169,rjan57 / Pacific Islands,Prioritarian,0.0,1.45,2.0,0.0,0.0,7.76420946765824,1.0,7.76420946765824,"physical_damage_per_capita multiplied by JUSTICE welfare_function.calculate_discount_rate; regional time-discounting visibility, not full welfare aggregation",-31116.502585877628,"scalar from welfare_function.calculate_welfare(physical_damage, welfare_loss=True)"
2170,rjan57 / Pacific Islands,Prioritarian,0.0,1.45,2.0,0.0,0.0,7.840774377147579,1.0,7.840774377147579,"physical_damage_per_capita multiplied by JUSTICE welfare_function.calculate_discount_rate; regional time-discounting visibility, not full welfare aggregation",-31116.502585877628,"scalar from welfare_function.calculate_welfare(physical_damage, welfare_loss=True)"
2171,rjan57 / Pacific Islands,Prioritarian,0.0,1.45,2.0,0.0,0.0,7.909024796779807,1.0,7.909024796779807,"physical_damage_per_capita multiplied by JUSTICE welfare_function.calculate_discount_rate; regional time-discounting visibility, not full welfare aggregation",-31116.502585877628,"scalar from welfare_function.calculate_welfare(physical_damage, welfare_loss=True)"
2172,rjan57 / Pacific Islands,Prioritarian,0.0,1.45,2.0,0.0,0.0,7.97896668620711,1.0,7.97896668620711,"physical_damage_per_capita multiplied by JUSTICE welfare_function.calculate_discount_rate; regional time-discounting visibility, not full welfare aggregation",-31116.502585877628,"scalar from welfare_function.calculate_welfare(physical_damage, welfare_loss=True)"
2173,rjan57 / Pacific Islands,Prioritarian,0.0,1.45,2.0,0.0,0.0,8.052164797526745,1.0,8.052164797526745,"physical_damage_per_capita multiplied by JUSTICE welfare_function.calculate_discount_rate; regional time-discounting visibility, not full welfare aggregation",-31116.502585877628,"scalar from welfare_function.calculate_welfare(physical_damage, welfare_loss=True)"
2174,rjan57 / Pacific Islands,Prioritarian,0.0,1.45,2.0,0.0,0.0,8.130643691809587,1.0,8.130643691809587,"physical_damage_per_capita multiplied by JUSTICE welfare_function.calculate_discount_rate; regional time-discounting visibility, not full welfare aggregation",-31116.502585877628,"scalar from welfare_function.calculate_welfare(physical_damage, welfare_loss=True)"
2175,rjan57 / Pacific Islands,Prioritarian,0.0,1.45,2.0,0.0,0.0,8.21858479294331,1.0,8.21858479294331,"physical_damage_per_capita multiplied by JUSTICE welfare_function.calculate_discount_rate; regional time-discounting visibility, not full welfare aggregation",-31116.502585877628,"scalar from welfare_function.calculate_welfare(physical_damage, welfare_loss=True)"
2176,rjan57 / Pacific Islands,Prioritarian,0.0,1.45,2.0,0.0,0.0,8.305676889203845,1.0,8.305676889203845,"physical_damage_per_capita multiplied by JUSTICE welfare_function.calculate_discount_rate; regional time-discounting visibility, not full welfare aggregation",-31116.502585877628,"scalar from welfare_function.calculate_welfare(physical_damage, welfare_loss=True)"
2177,rjan57 / Pacific Islands,Prioritarian,0.0,1.45,2.0,0.0,0.0,8.392383787098575,1.0,8.392383787098575,"physical_damage_per_capita multiplied by JUSTICE welfare_function.calculate_discount_rate; regional time-discounting visibility, not full welfare aggregation",-31116.502585877628,"scalar from welfare_function.calculate_welfare(physical_damage, welfare_loss=True)"
2178,rjan57 / Pacific Islands,Prioritarian,0.0,1.45,2.0,0.0,0.0,8.475092021511989,1.0,8.475092021511989,"physical_damage_per_capita multiplied by JUSTICE welfare_function.calculate_discount_rate; regional time-discounting visibility, not full welfare aggregation",-31116.502585877628,"scalar from welfare_function.calculate_welfare(physical_damage, welfare_loss=True)"
2179,rjan57 / Pacific Islands,Prioritarian,0.0,1.45,2.0,0.0,0.0,8.548965565654964,1.0,8.548965565654964,"physical_damage_per_capita multiplied by JUSTICE welfare_function.calculate_discount_rate; regional time-discounting visibility, not full welfare aggregation",-31116.502585877628,"scalar from welfare_function.calculate_welfare(physical_damage, welfare_loss=True)"
2180,rjan57 / Pacific Islands,Prioritarian,0.0,1.45,2.0,0.0,0.0,8.613134845202584,1.0,8.613134845202584,"physical_damage_per_capita multiplied by JUSTICE welfare_function.calculate_discount_rate; regional time-discounting visibility, not full welfare aggregation",-31116.502585877628,"scalar from welfare_function.calculate_welfare(physical_damage, welfare_loss=True)"
2181,rjan57 / Pacific Islands,Prioritarian,0.0,1.45,2.0,0.0,0.0,8.664744468388083,1.0,8.664744468388083,"physical_damage_per_capita multiplied by JUSTICE welfare_function.calculate_discount_rate; regional time-discounting visibility, not full welfare aggregation",-31116.502585877628,"scalar from welfare_function.calculate_welfare(physical_damage, welfare_loss=True)"
2182,rjan57 / Pacific Islands,Prioritarian,0.0,1.45,2.0,0.0,0.0,8.715297510675002,1.0,8.715297510675002,"physical_damage_per_capita multiplied by JUSTICE welfare_function.calculate_discount_rate; regional time-discounting visibility, not full welfare aggregation",-31116.502585877628,"scalar from welfare_function.calculate_welfare(physical_damage, welfare_loss=True)"
2183,rjan57 / Pacific Islands,Prioritarian,0.0,1.45,2.0,0.0,0.0,8.76568887339442,1.0,8.76568887339442,"physical_damage_per_capita multiplied by JUSTICE welfare_function.calculate_discount_rate; regional time-discounting visibility, not full welfare aggregation",-31116.502585877628,"scalar from welfare_function.calculate_welfare(physical_damage, welfare_loss=True)"
2184,rjan57 / Pacific Islands,Prioritarian,0.0,1.45,2.0,0.0,0.0,8.81685801625303,1.0,8.81685801625303,"physical_damage_per_capita multiplied by JUSTICE welfare_function.calculate_discount_rate; regional time-discounting visibility, not full welfare aggregation",-31116.502585877628,"scalar from welfare_function.calculate_welfare(physical_damage, welfare_loss=True)"
2185,rjan57 / Pacific Islands,Prioritarian,0.0,1.45,2.0,0.0,0.0,8.869107093141714,1.0,8.869107093141714,"physical_damage_per_capita multiplied by JUSTICE welfare_function.calculate_discount_rate; regional time-discounting visibility, not full welfare aggregation",-31116.502585877628,"scalar from welfare_function.calculate_welfare(physical_damage, welfare_loss=True)"
2186,rjan57 / Pacific Islands,Prioritarian,0.0,1.45,2.0,0.0,0.0,8.915321515687081,1.0,8.915321515687081,"physical_damage_per_capita multiplied by JUSTICE welfare_function.calculate_discount_rate; regional time-discounting visibility, not full welfare aggregation",-31116.502585877628,"scalar from welfare_function.calculate_welfare(physical_damage, welfare_loss=True)"
2187,rjan57 / Pacific Islands,Prioritarian,0.0,1.45,2.0,0.0,0.0,8.965996949055851,1.0,8.965996949055851,"physical_damage_per_capita multiplied by JUSTICE welfare_function.calculate_discount_rate; regional time-discounting visibility, not full welfare aggregation",-31116.502585877628,"scalar from welfare_function.calculate_welfare(physical_damage, welfare_loss=True)"
2188,rjan57 / Pacific Islands,Prioritarian,0.0,1.45,2.0,0.0,0.0,9.025025612307074,1.0,9.025025612307074,"physical_damage_per_capita multiplied by JUSTICE welfare_function.calculate_discount_rate; regional time-discounting visibility, not full welfare aggregation",-31116.502585877628,"scalar from welfare_function.calculate_welfare(physical_damage, welfare_loss=True)"
2189,rjan57 / Pacific Islands,Prioritarian,0.0,1.45,2.0,0.0,0.0,9.086079788026792,1.0,9.086079788026792,"physical_damage_per_capita multiplied by JUSTICE welfare_function.calculate_discount_rate; regional time-discounting visibility, not full welfare aggregation",-31116.502585877628,"scalar from welfare_function.calculate_welfare(physical_damage, welfare_loss=True)"
2190,rjan57 / Pacific Islands,Prioritarian,0.0,1.45,2.0,0.0,0.0,9.142461059063026,1.0,9.142461059063026,"physical_damage_per_capita multiplied by JUSTICE welfare_function.calculate_discount_rate; regional time-discounting visibility, not full welfare aggregation",-31116.502585877628,"scalar from welfare_function.calculate_welfare(physical_damage, welfare_loss=True)"
2191,rjan57 / Pacific Islands,Prioritarian,0.0,1.45,2.0,0.0,0.0,9.187580640760679,1.0,9.187580640760679,"physical_damage_per_capita multiplied by JUSTICE welfare_function.calculate_discount_rate; regional time-discounting visibility, not full welfare aggregation",-31116.502585877628,"scalar from welfare_function.calculate_welfare(physical_damage, welfare_loss=True)"
2192,rjan57 / Pacific Islands,Prioritarian,0.0,1.45,2.0,0.0,0.0,9.22422744154569,1.0,9.22422744154569,"physical_damage_per_capita multiplied by JUSTICE welfare_function.calculate_discount_rate; regional time-discounting visibility, not full welfare aggregation",-31116.502585877628,"scalar from welfare_function.calculate_welfare(physical_damage, welfare_loss=True)"
2193,rjan57 / Pacific Islands,Prioritarian,0.0,1.45,2.0,0.0,0.0,9.250056219122833,1.0,9.250056219122833,"physical_damage_per_capita multiplied by JUSTICE welfare_function.calculate_discount_rate; regional time-discounting visibility, not full welfare aggregation",-31116.502585877628,"scalar from welfare_function.calculate_welfare(physical_damage, welfare_loss=True)"
2194,rjan57 / Pacific Islands,Prioritarian,0.0,1.45,2.0,0.0,0.0,9.272298767331952,1.0,9.272298767331952,"physical_damage_per_capita multiplied by JUSTICE welfare_function.calculate_discount_rate; regional time-discounting visibility, not full welfare aggregation",-31116.502585877628,"scalar from welfare_function.calculate_welfare(physical_damage, welfare_loss=True)"
2195,rjan57 / Pacific Islands,Prioritarian,0.0,1.45,2.0,0.0,0.0,9.295920983224951,1.0,9.295920983224951,"physical_damage_per_capita multiplied by JUSTICE welfare_function.calculate_discount_rate; regional time-discounting visibility, not full welfare aggregation",-31116.502585877628,"scalar from welfare_function.calculate_welfare(physical_damage, welfare_loss=True)"
2196,rjan57 / Pacific Islands,Prioritarian,0.0,1.45,2.0,0.0,0.0,9.312626556157982,1.0,9.312626556157982,"physical_damage_per_capita multiplied by JUSTICE welfare_function.calculate_discount_rate; regional time-discounting visibility, not full welfare aggregation",-31116.502585877628,"scalar from welfare_function.calculate_welfare(physical_damage, welfare_loss=True)"
2197,rjan57 / Pacific Islands,Prioritarian,0.0,1.45,2.0,0.0,0.0,9.332355165032247,1.0,9.332355165032247,"physical_damage_per_capita multiplied by JUSTICE welfare_function.calculate_discount_rate; regional time-discounting visibility, not full welfare aggregation",-31116.502585877628,"scalar from welfare_function.calculate_welfare(physical_damage, welfare_loss=True)"
2198,rjan57 / Pacific Islands,Prioritarian,0.0,1.45,2.0,0.0,0.0,9.360002029318517,1.0,9.360002029318517,"physical_damage_per_capita multiplied by JUSTICE welfare_function.calculate_discount_rate; regional time-discounting visibility, not full welfare aggregation",-31116.502585877628,"scalar from welfare_function.calculate_welfare(physical_damage, welfare_loss=True)"
2199,rjan57 / Pacific Islands,Prioritarian,0.0,1.45,2.0,0.0,0.0,9.396297757856352,1.0,9.396297757856352,"physical_damage_per_capita multiplied by JUSTICE welfare_function.calculate_discount_rate; regional time-discounting visibility, not full welfare aggregation",-31116.502585877628,"scalar from welfare_function.calculate_welfare(physical_damage, welfare_loss=True)"
2200,rjan57 / Pacific Islands,Prioritarian,0.0,1.45,2.0,0.0,0.0,9.433726016195772,1.0,9.433726016195772,"physical_damage_per_capita multiplied by JUSTICE welfare_function.calculate_discount_rate; regional time-discounting visibility, not full welfare aggregation",-31116.502585877628,"scalar from welfare_function.calculate_welfare(physical_damage, welfare_loss=True)"
2201,rjan57 / Pacific Islands,Prioritarian,0.0,1.45,2.0,0.0,0.0,9.46609863733745,1.0,9.46609863733745,"physical_damage_per_capita multiplied by JUSTICE welfare_function.calculate_discount_rate; regional time-discounting visibility, not full welfare aggregation",-31116.502585877628,"scalar from welfare_function.calculate_welfare(physical_damage, welfare_loss=True)"
2202,rjan57 / Pacific Islands,Prioritarian,0.0,1.45,2.0,0.0,0.0,9.486827090201036,1.0,9.486827090201036,"physical_damage_per_capita multiplied by JUSTICE welfare_function.calculate_discount_rate; regional time-discounting visibility, not full welfare aggregation",-31116.502585877628,"scalar from welfare_function.calculate_welfare(physical_damage, welfare_loss=True)"
2203,rjan57 / Pacific Islands,Prioritarian,0.0,1.45,2.0,0.0,0.0,9.49773823284589,1.0,9.49773823284589,"physical_damage_per_capita multiplied by JUSTICE welfare_function.calculate_discount_rate; regional time-discounting visibility, not full welfare aggregation",-31116.502585877628,"scalar from welfare_function.calculate_welfare(physical_damage, welfare_loss=True)"
2204,rjan57 / Pacific Islands,Prioritarian,0.0,1.45,2.0,0.0,0.0,9.50457682385628,1.0,9.50457682385628,"physical_damage_per_capita multiplied by JUSTICE welfare_function.calculate_discount_rate; regional time-discounting visibility, not full welfare aggregation",-31116.502585877628,"scalar from welfare_function.calculate_welfare(physical_damage, welfare_loss=True)"
2205,rjan57 / Pacific Islands,Prioritarian,0.0,1.45,2.0,0.0,0.0,9.512902539895899,1.0,9.512902539895899,"physical_damage_per_capita multiplied by JUSTICE welfare_function.calculate_discount_rate; regional time-discounting visibility, not full welfare aggregation",-31116.502585877628,"scalar from welfare_function.calculate_welfare(physical_damage, welfare_loss=True)"
2206,rjan57 / Pacific Islands,Prioritarian,0.0,1.45,2.0,0.0,0.0,9.522642689654568,1.0,9.522642689654568,"physical_damage_per_capita multiplied by JUSTICE welfare_function.calculate_discount_rate; regional time-discounting visibility, not full welfare aggregation",-31116.502585877628,"scalar from welfare_function.calculate_welfare(physical_damage, welfare_loss=True)"
2207,rjan57 / Pacific Islands,Prioritarian,0.0,1.45,2.0,0.0,0.0,9.532001542797628,1.0,9.532001542797628,"physical_damage_per_capita multiplied by JUSTICE welfare_function.calculate_discount_rate; regional time-discounting visibility, not full welfare aggregation",-31116.502585877628,"scalar from welfare_function.calculate_welfare(physical_damage, welfare_loss=True)"
2208,rjan57 / Pacific Islands,Prioritarian,0.0,1.45,2.0,0.0,0.0,9.542387460754474,1.0,9.542387460754474,"physical_damage_per_capita multiplied by JUSTICE welfare_function.calculate_discount_rate; regional time-discounting visibility, not full welfare aggregation",-31116.502585877628,"scalar from welfare_function.calculate_welfare(physical_damage, welfare_loss=True)"
2209,rjan57 / Pacific Islands,Prioritarian,0.0,1.45,2.0,0.0,0.0,9.555351836387706,1.0,9.555351836387706,"physical_damage_per_capita multiplied by JUSTICE welfare_function.calculate_discount_rate; regional time-discounting visibility, not full welfare aggregation",-31116.502585877628,"scalar from welfare_function.calculate_welfare(physical_damage, welfare_loss=True)"
2210,rjan57 / Pacific Islands,Prioritarian,0.0,1.45,2.0,0.0,0.0,9.574721516070074,1.0,9.574721516070074,"physical_damage_per_capita multiplied by JUSTICE welfare_function.calculate_discount_rate; regional time-discounting visibility, not full welfare aggregation",-31116.502585877628,"scalar from welfare_function.calculate_welfare(physical_damage, welfare_loss=True)"
2211,rjan57 / Pacific Islands,Prioritarian,0.0,1.45,2.0,0.0,0.0,9.60150419835367,1.0,9.60150419835367,"physical_damage_per_capita multiplied by JUSTICE welfare_function.calculate_discount_rate; regional time-discounting visibility, not full welfare aggregation",-31116.502585877628,"scalar from welfare_function.calculate_welfare(physical_damage, welfare_loss=True)"
2212,rjan57 / Pacific Islands,Prioritarian,0.0,1.45,2.0,0.0,0.0,9.630495655151618,1.0,9.630495655151618,"physical_damage_per_capita multiplied by JUSTICE welfare_function.calculate_discount_rate; regional time-discounting visibility, not full welfare aggregation",-31116.502585877628,"scalar from welfare_function.calculate_welfare(physical_damage, welfare_loss=True)"
2213,rjan57 / Pacific Islands,Prioritarian,0.0,1.45,2.0,0.0,0.0,9.655874769953337,1.0,9.655874769953337,"physical_damage_per_capita multiplied by JUSTICE welfare_function.calculate_discount_rate; regional time-discounting visibility, not full welfare aggregation",-31116.502585877628,"scalar from welfare_function.calculate_welfare(physical_damage, welfare_loss=True)"
2214,rjan57 / Pacific Islands,Prioritarian,0.0,1.45,2.0,0.0,0.0,9.675526564151095,1.0,9.675526564151095,"physical_damage_per_capita multiplied by JUSTICE welfare_function.calculate_discount_rate; regional time-discounting visibility, not full welfare aggregation",-31116.502585877628,"scalar from welfare_function.calculate_welfare(physical_damage, welfare_loss=True)"
2215,rjan57 / Pacific Islands,Prioritarian,0.0,1.45,2.0,0.0,0.0,9.688932145152846,1.0,9.688932145152846,"physical_damage_per_capita multiplied by JUSTICE welfare_function.calculate_discount_rate; regional time-discounting visibility, not full welfare aggregation",-31116.502585877628,"scalar from welfare_function.calculate_welfare(physical_damage, welfare_loss=True)"
2216,rjan57 / Pacific Islands,Prioritarian,0.0,1.45,2.0,0.0,0.0,9.69842548836514,1.0,9.69842548836514,"physical_damage_per_capita multiplied by JUSTICE welfare_function.calculate_discount_rate; regional time-discounting visibility, not full welfare aggregation",-31116.502585877628,"scalar from welfare_function.calculate_welfare(physical_damage, welfare_loss=True)"
2217,rjan57 / Pacific Islands,Prioritarian,0.0,1.45,2.0,0.0,0.0,9.703786305576532,1.0,9.703786305576532,"physical_damage_per_capita multiplied by JUSTICE welfare_function.calculate_discount_rate; regional time-discounting visibility, not full welfare aggregation",-31116.502585877628,"scalar from welfare_function.calculate_welfare(physical_damage, welfare_loss=True)"
2218,rjan57 / Pacific Islands,Prioritarian,0.0,1.45,2.0,0.0,0.0,9.705709502409867,1.0,9.705709502409867,"physical_damage_per_capita multiplied by JUSTICE welfare_function.calculate_discount_rate; regional time-discounting visibility, not full welfare aggregation",-31116.502585877628,"scalar from welfare_function.calculate_welfare(physical_damage, welfare_loss=True)"
2219,rjan57 / Pacific Islands,Prioritarian,0.0,1.45,2.0,0.0,0.0,9.710454250467782,1.0,9.710454250467782,"physical_damage_per_capita multiplied by JUSTICE welfare_function.calculate_discount_rate; regional time-discounting visibility, not full welfare aggregation",-31116.502585877628,"scalar from welfare_function.calculate_welfare(physical_damage, welfare_loss=True)"
2220,rjan57 / Pacific Islands,Prioritarian,0.0,1.45,2.0,0.0,0.0,9.719832690914727,1.0,9.719832690914727,"physical_damage_per_capita multiplied by JUSTICE welfare_function.calculate_discount_rate; regional time-discounting visibility, not full welfare aggregation",-31116.502585877628,"scalar from welfare_function.calculate_welfare(physical_damage, welfare_loss=True)"
2221,rjan57 / Pacific Islands,Prioritarian,0.0,1.45,2.0,0.0,0.0,9.735736518227517,1.0,9.735736518227517,"physical_damage_per_capita multiplied by JUSTICE welfare_function.calculate_discount_rate; regional time-discounting visibility, not full welfare aggregation",-31116.502585877628,"scalar from welfare_function.calculate_welfare(physical_damage, welfare_loss=True)"
2222,rjan57 / Pacific Islands,Prioritarian,0.0,1.45,2.0,0.0,0.0,9.760109880318291,1.0,9.760109880318291,"physical_damage_per_capita multiplied by JUSTICE welfare_function.calculate_discount_rate; regional time-discounting visibility, not full welfare aggregation",-31116.502585877628,"scalar from welfare_function.calculate_welfare(physical_damage, welfare_loss=True)"
2223,rjan57 / Pacific Islands,Prioritarian,0.0,1.45,2.0,0.0,0.0,9.789279791950982,1.0,9.789279791950982,"physical_damage_per_capita multiplied by JUSTICE welfare_function.calculate_discount_rate; regional time-discounting visibility, not full welfare aggregation",-31116.502585877628,"scalar from welfare_function.calculate_welfare(physical_damage, welfare_loss=True)"
2224,rjan57 / Pacific Islands,Prioritarian,0.0,1.45,2.0,0.0,0.0,9.821282529668668,1.0,9.821282529668668,"physical_damage_per_capita multiplied by JUSTICE welfare_function.calculate_discount_rate; regional time-discounting visibility, not full welfare aggregation",-31116.502585877628,"scalar from welfare_function.calculate_welfare(physical_damage, welfare_loss=True)"
2225,rjan57 / Pacific Islands,Prioritarian,0.0,1.45,2.0,0.0,0.0,9.847368213402936,1.0,9.847368213402936,"physical_damage_per_capita multiplied by JUSTICE welfare_function.calculate_discount_rate; regional time-discounting visibility, not full welfare aggregation",-31116.502585877628,"scalar from welfare_function.calculate_welfare(physical_damage, welfare_loss=True)"
2226,rjan57 / Pacific Islands,Prioritarian,0.0,1.45,2.0,0.0,0.0,9.858960683866187,1.0,9.858960683866187,"physical_damage_per_capita multiplied by JUSTICE welfare_function.calculate_discount_rate; regional time-discounting visibility, not full welfare aggregation",-31116.502585877628,"scalar from welfare_function.calculate_welfare(physical_damage, welfare_loss=True)"
2227,rjan57 / Pacific Islands,Prioritarian,0.0,1.45,2.0,0.0,0.0,9.861831563124857,1.0,9.861831563124857,"physical_damage_per_capita multiplied by JUSTICE welfare_function.calculate_discount_rate; regional time-discounting visibility, not full welfare aggregation",-31116.502585877628,"scalar from welfare_function.calculate_welfare(physical_damage, welfare_loss=True)"
2228,rjan57 / Pacific Islands,Prioritarian,0.0,1.45,2.0,0.0,0.0,9.860410515096962,1.0,9.860410515096962,"physical_damage_per_capita multiplied by JUSTICE welfare_function.calculate_discount_rate; regional time-discounting visibility, not full welfare aggregation",-31116.502585877628,"scalar from welfare_function.calculate_welfare(physical_damage, welfare_loss=True)"
2229,rjan57 / Pacific Islands,Prioritarian,0.0,1.45,2.0,0.0,0.0,9.859543138918276,1.0,9.859543138918276,"physical_damage_per_capita multiplied by JUSTICE welfare_function.calculate_discount_rate; regional time-discounting visibility, not full welfare aggregation",-31116.502585877628,"scalar from welfare_function.calculate_welfare(physical_damage, welfare_loss=True)"
2230,rjan57 / Pacific Islands,Prioritarian,0.0,1.45,2.0,0.0,0.0,9.861644105699785,1.0,9.861644105699785,"physical_damage_per_capita multiplied by JUSTICE welfare_function.calculate_discount_rate; regional time-discounting visibility, not full welfare aggregation",-31116.502585877628,"scalar from welfare_function.calculate_welfare(physical_damage, welfare_loss=True)"
2231,rjan57 / Pacific Islands,Prioritarian,0.0,1.45,2.0,0.0,0.0,9.868559563768002,1.0,9.868559563768002,"physical_damage_per_capita multiplied by JUSTICE welfare_function.calculate_discount_rate; regional time-discounting visibility, not full welfare aggregation",-31116.502585877628,"scalar from welfare_function.calculate_welfare(physical_damage, welfare_loss=True)"
2232,rjan57 / Pacific Islands,Prioritarian,0.0,1.45,2.0,0.0,0.0,9.885260481852765,1.0,9.885260481852765,"physical_damage_per_capita multiplied by JUSTICE welfare_function.calculate_discount_rate; regional time-discounting visibility, not full welfare aggregation",-31116.502585877628,"scalar from welfare_function.calculate_welfare(physical_damage, welfare_loss=True)"
2233,rjan57 / Pacific Islands,Prioritarian,0.0,1.45,2.0,0.0,0.0,9.908102446558052,1.0,9.908102446558052,"physical_damage_per_capita multiplied by JUSTICE welfare_function.calculate_discount_rate; regional time-discounting visibility, not full welfare aggregation",-31116.502585877628,"scalar from welfare_function.calculate_welfare(physical_damage, welfare_loss=True)"
2234,rjan57 / Pacific Islands,Prioritarian,0.0,1.45,2.0,0.0,0.0,9.928940489235423,1.0,9.928940489235423,"physical_damage_per_capita multiplied by JUSTICE welfare_function.calculate_discount_rate; regional time-discounting visibility, not full welfare aggregation",-31116.502585877628,"scalar from welfare_function.calculate_welfare(physical_damage, welfare_loss=True)"
2235,rjan57 / Pacific Islands,Prioritarian,0.0,1.45,2.0,0.0,0.0,9.947103179042436,1.0,9.947103179042436,"physical_damage_per_capita multiplied by JUSTICE welfare_function.calculate_discount_rate; regional time-discounting visibility, not full welfare aggregation",-31116.502585877628,"scalar from welfare_function.calculate_welfare(physical_damage, welfare_loss=True)"
2236,rjan57 / Pacific Islands,Prioritarian,0.0,1.45,2.0,0.0,0.0,9.960763698520566,1.0,9.960763698520566,"physical_damage_per_capita multiplied by JUSTICE welfare_function.calculate_discount_rate; regional time-discounting visibility, not full welfare aggregation",-31116.502585877628,"scalar from welfare_function.calculate_welfare(physical_damage, welfare_loss=True)"
2237,rjan57 / Pacific Islands,Prioritarian,0.0,1.45,2.0,0.0,0.0,9.967656739763287,1.0,9.967656739763287,"physical_damage_per_capita multiplied by JUSTICE welfare_function.calculate_discount_rate; regional time-discounting visibility, not full welfare aggregation",-31116.502585877628,"scalar from welfare_function.calculate_welfare(physical_damage, welfare_loss=True)"
2238,rjan57 / Pacific Islands,Prioritarian,0.0,1.45,2.0,0.0,0.0,9.96853983622173,1.0,9.96853983622173,"physical_damage_per_capita multiplied by JUSTICE welfare_function.calculate_discount_rate; regional time-discounting visibility, not full welfare aggregation",-31116.502585877628,"scalar from welfare_function.calculate_welfare(physical_damage, welfare_loss=True)"
2239,rjan57 / Pacific Islands,Prioritarian,0.0,1.45,2.0,0.0,0.0,9.966617871128694,1.0,9.966617871128694,"physical_damage_per_capita multiplied by JUSTICE welfare_function.calculate_discount_rate; regional time-discounting visibility, not full welfare aggregation",-31116.502585877628,"scalar from welfare_function.calculate_welfare(physical_damage, welfare_loss=True)"
2240,rjan57 / Pacific Islands,Prioritarian,0.0,1.45,2.0,0.0,0.0,9.96703982894501,1.0,9.96703982894501,"physical_damage_per_capita multiplied by JUSTICE welfare_function.calculate_discount_rate; regional time-discounting visibility, not full welfare aggregation",-31116.502585877628,"scalar from welfare_function.calculate_welfare(physical_damage, welfare_loss=True)"
2241,rjan57 / Pacific Islands,Prioritarian,0.0,1.45,2.0,0.0,0.0,9.970832203022871,1.0,9.970832203022871,"physical_damage_per_capita multiplied by JUSTICE welfare_function.calculate_discount_rate; regional time-discounting visibility, not full welfare aggregation",-31116.502585877628,"scalar from welfare_function.calculate_welfare(physical_damage, welfare_loss=True)"
2242,rjan57 / Pacific Islands,Prioritarian,0.0,1.45,2.0,0.0,0.0,9.980029095661402,1.0,9.980029095661402,"physical_damage_per_capita multiplied by JUSTICE welfare_function.calculate_discount_rate; regional time-discounting visibility, not full welfare aggregation",-31116.502585877628,"scalar from welfare_function.calculate_welfare(physical_damage, welfare_loss=True)"
2243,rjan57 / Pacific Islands,Prioritarian,0.0,1.45,2.0,0.0,0.0,9.998343450502883,1.0,9.998343450502883,"physical_damage_per_capita multiplied by JUSTICE welfare_function.calculate_discount_rate; regional time-discounting visibility, not full welfare aggregation",-31116.502585877628,"scalar from welfare_function.calculate_welfare(physical_damage, welfare_loss=True)"
2244,rjan57 / Pacific Islands,Prioritarian,0.0,1.45,2.0,0.0,0.0,10.024544759376942,1.0,10.024544759376942,"physical_damage_per_capita multiplied by JUSTICE welfare_function.calculate_discount_rate; regional time-discounting visibility, not full welfare aggregation",-31116.502585877628,"scalar from welfare_function.calculate_welfare(physical_damage, welfare_loss=True)"
2245,rjan57 / Pacific Islands,Prioritarian,0.0,1.45,2.0,0.0,0.0,10.048510852261035,1.0,10.048510852261035,"physical_damage_per_capita multiplied by JUSTICE welfare_function.calculate_discount_rate; regional time-discounting visibility, not full welfare aggregation",-31116.502585877628,"scalar from welfare_function.calculate_welfare(physical_damage, welfare_loss=True)"
2246,rjan57 / Pacific Islands,Prioritarian,0.0,1.45,2.0,0.0,0.0,10.064288185145331,1.0,10.064288185145331,"physical_damage_per_capita multiplied by JUSTICE welfare_function.calculate_discount_rate; regional time-discounting visibility, not full welfare aggregation",-31116.502585877628,"scalar from welfare_function.calculate_welfare(physical_damage, welfare_loss=True)"
2247,rjan57 / Pacific Islands,Prioritarian,0.0,1.45,2.0,0.0,0.0,10.07080768104789,1.0,10.07080768104789,"physical_damage_per_capita multiplied by JUSTICE welfare_function.calculate_discount_rate; regional time-discounting visibility, not full welfare aggregation",-31116.502585877628,"scalar from welfare_function.calculate_welfare(physical_damage, welfare_loss=True)"
2248,rjan57 / Pacific Islands,Prioritarian,0.0,1.45,2.0,0.0,0.0,10.069030655711835,1.0,10.069030655711835,"physical_damage_per_capita multiplied by JUSTICE welfare_function.calculate_discount_rate; regional time-discounting visibility, not full welfare aggregation",-31116.502585877628,"scalar from welfare_function.calculate_welfare(physical_damage, welfare_loss=True)"
2249,rjan57 / Pacific Islands,Prioritarian,0.0,1.45,2.0,0.0,0.0,10.065723807609277,1.0,10.065723807609277,"physical_damage_per_capita multiplied by JUSTICE welfare_function.calculate_discount_rate; regional time-discounting visibility, not full welfare aggregation",-31116.502585877628,"scalar from welfare_function.calculate_welfare(physical_damage, welfare_loss=True)"
2250,rjan57 / Pacific Islands,Prioritarian,0.0,1.45,2.0,0.0,0.0,10.063126302348634,1.0,10.063126302348634,"physical_damage_per_capita multiplied by JUSTICE welfare_function.calculate_discount_rate; regional time-discounting visibility, not full welfare aggregation",-31116.502585877628,"scalar from welfare_function.calculate_welfare(physical_damage, welfare_loss=True)"
2251,rjan57 / Pacific Islands,Prioritarian,0.0,1.45,2.0,0.0,0.0,10.060474604372398,1.0,10.060474604372398,"physical_damage_per_capita multiplied by JUSTICE welfare_function.calculate_discount_rate; regional time-discounting visibility, not full welfare aggregation",-31116.502585877628,"scalar from welfare_function.calculate_welfare(physical_damage, welfare_loss=True)"
2252,rjan57 / Pacific Islands,Prioritarian,0.0,1.45,2.0,0.0,0.0,10.059001196044651,1.0,10.059001196044651,"physical_damage_per_capita multiplied by JUSTICE welfare_function.calculate_discount_rate; regional time-discounting visibility, not full welfare aggregation",-31116.502585877628,"scalar from welfare_function.calculate_welfare(physical_damage, welfare_loss=True)"
2253,rjan57 / Pacific Islands,Prioritarian,0.0,1.45,2.0,0.0,0.0,10.059574374855952,1.0,10.059574374855952,"physical_damage_per_capita multiplied by JUSTICE welfare_function.calculate_discount_rate; regional time-discounting visibility, not full welfare aggregation",-31116.502585877628,"scalar from welfare_function.calculate_welfare(physical_damage, welfare_loss=True)"
2254,rjan57 / Pacific Islands,Prioritarian,0.0,1.45,2.0,0.0,0.0,10.063770635220378,1.0,10.063770635220378,"physical_damage_per_capita multiplied by JUSTICE welfare_function.calculate_discount_rate; regional time-discounting visibility, not full welfare aggregation",-31116.502585877628,"scalar from welfare_function.calculate_welfare(physical_damage, welfare_loss=True)"
2255,rjan57 / Pacific Islands,Prioritarian,0.0,1.45,2.0,0.0,0.0,10.074577197641483,1.0,10.074577197641483,"physical_damage_per_capita multiplied by JUSTICE welfare_function.calculate_discount_rate; regional time-discounting visibility, not full welfare aggregation",-31116.502585877628,"scalar from welfare_function.calculate_welfare(physical_damage, welfare_loss=True)"
2256,rjan57 / Pacific Islands,Prioritarian,0.0,1.45,2.0,0.0,0.0,10.091892475606404,1.0,10.091892475606404,"physical_damage_per_capita multiplied by JUSTICE welfare_function.calculate_discount_rate; regional time-discounting visibility, not full welfare aggregation",-31116.502585877628,"scalar from welfare_function.calculate_welfare(physical_damage, welfare_loss=True)"
2257,rjan57 / Pacific Islands,Prioritarian,0.0,1.45,2.0,0.0,0.0,10.108694306367457,1.0,10.108694306367457,"physical_damage_per_capita multiplied by JUSTICE welfare_function.calculate_discount_rate; regional time-discounting visibility, not full welfare aggregation",-31116.502585877628,"scalar from welfare_function.calculate_welfare(physical_damage, welfare_loss=True)"
2258,rjan57 / Pacific Islands,Prioritarian,0.0,1.45,2.0,0.0,0.0,10.12127050804578,1.0,10.12127050804578,"physical_damage_per_capita multiplied by JUSTICE welfare_function.calculate_discount_rate; regional time-discounting visibility, not full welfare aggregation",-31116.502585877628,"scalar from welfare_function.calculate_welfare(physical_damage, welfare_loss=True)"
2259,rjan57 / Pacific Islands,Prioritarian,0.0,1.45,2.0,0.0,0.0,10.130236109475677,1.0,10.130236109475677,"physical_damage_per_capita multiplied by JUSTICE welfare_function.calculate_discount_rate; regional time-discounting visibility, not full welfare aggregation",-31116.502585877628,"scalar from welfare_function.calculate_welfare(physical_damage, welfare_loss=True)"
2260,rjan57 / Pacific Islands,Prioritarian,0.0,1.45,2.0,0.0,0.0,10.132880846634535,1.0,10.132880846634535,"physical_damage_per_capita multiplied by JUSTICE welfare_function.calculate_discount_rate; regional time-discounting visibility, not full welfare aggregation",-31116.502585877628,"scalar from welfare_function.calculate_welfare(physical_damage, welfare_loss=True)"
2261,rjan57 / Pacific Islands,Prioritarian,0.0,1.45,2.0,0.0,0.0,10.130893332602872,1.0,10.130893332602872,"physical_damage_per_capita multiplied by JUSTICE welfare_function.calculate_discount_rate; regional time-discounting visibility, not full welfare aggregation",-31116.502585877628,"scalar from welfare_function.calculate_welfare(physical_damage, welfare_loss=True)"
2262,rjan57 / Pacific Islands,Prioritarian,0.0,1.45,2.0,0.0,0.0,10.125359068776968,1.0,10.125359068776968,"physical_damage_per_capita multiplied by JUSTICE welfare_function.calculate_discount_rate; regional time-discounting visibility, not full welfare aggregation",-31116.502585877628,"scalar from welfare_function.calculate_welfare(physical_damage, welfare_loss=True)"
2263,rjan57 / Pacific Islands,Prioritarian,0.0,1.45,2.0,0.0,0.0,10.118003551676974,1.0,10.118003551676974,"physical_damage_per_capita multiplied by JUSTICE welfare_function.calculate_discount_rate; regional time-discounting visibility, not full welfare aggregation",-31116.502585877628,"scalar from welfare_function.calculate_welfare(physical_damage, welfare_loss=True)"
2264,rjan57 / Pacific Islands,Prioritarian,0.0,1.45,2.0,0.0,0.0,10.114435420145346,1.0,10.114435420145346,"physical_damage_per_capita multiplied by JUSTICE welfare_function.calculate_discount_rate; regional time-discounting visibility, not full welfare aggregation",-31116.502585877628,"scalar from welfare_function.calculate_welfare(physical_damage, welfare_loss=True)"
2265,rjan57 / Pacific Islands,Prioritarian,0.0,1.45,2.0,0.0,0.0,10.115837855349307,1.0,10.115837855349307,"physical_damage_per_capita multiplied by JUSTICE welfare_function.calculate_discount_rate; regional time-discounting visibility, not full welfare aggregation",-31116.502585877628,"scalar from welfare_function.calculate_welfare(physical_damage, welfare_loss=True)"
2266,rjan57 / Pacific Islands,Prioritarian,0.0,1.45,2.0,0.0,0.0,10.124019328125431,1.0,10.124019328125431,"physical_damage_per_capita multiplied by JUSTICE welfare_function.calculate_discount_rate; regional time-discounting visibility, not full welfare aggregation",-31116.502585877628,"scalar from welfare_function.calculate_welfare(physical_damage, welfare_loss=True)"
2267,rjan57 / Pacific Islands,Prioritarian,0.0,1.45,2.0,0.0,0.0,10.141294374756189,1.0,10.141294374756189,"physical_damage_per_capita multiplied by JUSTICE welfare_function.calculate_discount_rate; regional time-discounting visibility, not full welfare aggregation",-31116.502585877628,"scalar from welfare_function.calculate_welfare(physical_damage, welfare_loss=True)"
2268,rjan57 / Pacific Islands,Prioritarian,0.0,1.45,2.0,0.0,0.0,10.163533900760008,1.0,10.163533900760008,"physical_damage_per_capita multiplied by JUSTICE welfare_function.calculate_discount_rate; regional time-discounting visibility, not full welfare aggregation",-31116.502585877628,"scalar from welfare_function.calculate_welfare(physical_damage, welfare_loss=True)"
2269,rjan57 / Pacific Islands,Prioritarian,0.0,1.45,2.0,0.0,0.0,10.186382053106984,1.0,10.186382053106984,"physical_damage_per_capita multiplied by JUSTICE welfare_function.calculate_discount_rate; regional time-discounting visibility, not full welfare aggregation",-31116.502585877628,"scalar from welfare_function.calculate_welfare(physical_damage, welfare_loss=True)"
2270,rjan57 / Pacific Islands,Prioritarian,0.0,1.45,2.0,0.0,0.0,10.199507938956112,1.0,10.199507938956112,"physical_damage_per_capita multiplied by JUSTICE welfare_function.calculate_discount_rate; regional time-discounting visibility, not full welfare aggregation",-31116.502585877628,"scalar from welfare_function.calculate_welfare(physical_damage, welfare_loss=True)"
2271,rjan57 / Pacific Islands,Prioritarian,0.0,1.45,2.0,0.0,0.0,10.199108912032429,1.0,10.199108912032429,"physical_damage_per_capita multiplied by JUSTICE welfare_function.calculate_discount_rate; regional time-discounting visibility, not full welfare aggregation",-31116.502585877628,"scalar from welfare_function.calculate_welfare(physical_damage, welfare_loss=True)"
2272,rjan57 / Pacific Islands,Prioritarian,0.0,1.45,2.0,0.0,0.0,10.192150524159844,1.0,10.192150524159844,"physical_damage_per_capita multiplied by JUSTICE welfare_function.calculate_discount_rate; regional time-discounting visibility, not full welfare aggregation",-31116.502585877628,"scalar from welfare_function.calculate_welfare(physical_damage, welfare_loss=True)"
2273,rjan57 / Pacific Islands,Prioritarian,0.0,1.45,2.0,0.0,0.0,10.182976216089589,1.0,10.182976216089589,"physical_damage_per_capita multiplied by JUSTICE welfare_function.calculate_discount_rate; regional time-discounting visibility, not full welfare aggregation",-31116.502585877628,"scalar from welfare_function.calculate_welfare(physical_damage, welfare_loss=True)"
2274,rjan57 / Pacific Islands,Prioritarian,0.0,1.45,2.0,0.0,0.0,10.174672189921047,1.0,10.174672189921047,"physical_damage_per_capita multiplied by JUSTICE welfare_function.calculate_discount_rate; regional time-discounting visibility, not full welfare aggregation",-31116.502585877628,"scalar from welfare_function.calculate_welfare(physical_damage, welfare_loss=True)"
2275,rjan57 / Pacific Islands,Prioritarian,0.0,1.45,2.0,0.0,0.0,10.169560676092747,1.0,10.169560676092747,"physical_damage_per_capita multiplied by JUSTICE welfare_function.calculate_discount_rate; regional time-discounting visibility, not full welfare aggregation",-31116.502585877628,"scalar from welfare_function.calculate_welfare(physical_damage, welfare_loss=True)"
2276,rjan57 / Pacific Islands,Prioritarian,0.0,1.45,2.0,0.0,0.0,10.172386675356254,1.0,10.172386675356254,"physical_damage_per_capita multiplied by JUSTICE welfare_function.calculate_discount_rate; regional time-discounting visibility, not full welfare aggregation",-31116.502585877628,"scalar from welfare_function.calculate_welfare(physical_damage, welfare_loss=True)"
2277,rjan57 / Pacific Islands,Prioritarian,0.0,1.45,2.0,0.0,0.0,10.184323757073466,1.0,10.184323757073466,"physical_damage_per_capita multiplied by JUSTICE welfare_function.calculate_discount_rate; regional time-discounting visibility, not full welfare aggregation",-31116.502585877628,"scalar from welfare_function.calculate_welfare(physical_damage, welfare_loss=True)"
2278,rjan57 / Pacific Islands,Prioritarian,0.0,1.45,2.0,0.0,0.0,10.200802782558258,1.0,10.200802782558258,"physical_damage_per_capita multiplied by JUSTICE welfare_function.calculate_discount_rate; regional time-discounting visibility, not full welfare aggregation",-31116.502585877628,"scalar from welfare_function.calculate_welfare(physical_damage, welfare_loss=True)"
2279,rjan57 / Pacific Islands,Prioritarian,0.0,1.45,2.0,0.0,0.0,10.214040674192887,1.0,10.214040674192887,"physical_damage_per_capita multiplied by JUSTICE welfare_function.calculate_discount_rate; regional time-discounting visibility, not full welfare aggregation",-31116.502585877628,"scalar from welfare_function.calculate_welfare(physical_damage, welfare_loss=True)"
2280,rjan57 / Pacific Islands,Prioritarian,0.0,1.45,2.0,0.0,0.0,10.221056449488586,1.0,10.221056449488586,"physical_damage_per_capita multiplied by JUSTICE welfare_function.calculate_discount_rate; regional time-discounting visibility, not full welfare aggregation",-31116.502585877628,"scalar from welfare_function.calculate_welfare(physical_damage, welfare_loss=True)"
2281,rjan57 / Pacific Islands,Prioritarian,0.0,1.45,2.0,0.0,0.0,10.222498508316622,1.0,10.222498508316622,"physical_damage_per_capita multiplied by JUSTICE welfare_function.calculate_discount_rate; regional time-discounting visibility, not full welfare aggregation",-31116.502585877628,"scalar from welfare_function.calculate_welfare(physical_damage, welfare_loss=True)"
2282,rjan57 / Pacific Islands,Prioritarian,0.0,1.45,2.0,0.0,0.0,10.216993495094354,1.0,10.216993495094354,"physical_damage_per_capita multiplied by JUSTICE welfare_function.calculate_discount_rate; regional time-discounting visibility, not full welfare aggregation",-31116.502585877628,"scalar from welfare_function.calculate_welfare(physical_damage, welfare_loss=True)"
2283,rjan57 / Pacific Islands,Prioritarian,0.0,1.45,2.0,0.0,0.0,10.208096494734917,1.0,10.208096494734917,"physical_damage_per_capita multiplied by JUSTICE welfare_function.calculate_discount_rate; regional time-discounting visibility, not full welfare aggregation",-31116.502585877628,"scalar from welfare_function.calculate_welfare(physical_damage, welfare_loss=True)"
2284,rjan57 / Pacific Islands,Prioritarian,0.0,1.45,2.0,0.0,0.0,10.201598467897124,1.0,10.201598467897124,"physical_damage_per_capita multiplied by JUSTICE welfare_function.calculate_discount_rate; regional time-discounting visibility, not full welfare aggregation",-31116.502585877628,"scalar from welfare_function.calculate_welfare(physical_damage, welfare_loss=True)"
2285,rjan57 / Pacific Islands,Prioritarian,0.0,1.45,2.0,0.0,0.0,10.198279125639377,1.0,10.198279125639377,"physical_damage_per_capita multiplied by JUSTICE welfare_function.calculate_discount_rate; regional time-discounting visibility, not full welfare aggregation",-31116.502585877628,"scalar from welfare_function.calculate_welfare(physical_damage, welfare_loss=True)"
2286,rjan57 / Pacific Islands,Prioritarian,0.0,1.45,2.0,0.0,0.0,10.199792392634754,1.0,10.199792392634754,"physical_damage_per_capita multiplied by JUSTICE welfare_function.calculate_discount_rate; regional time-discounting visibility, not full welfare aggregation",-31116.502585877628,"scalar from welfare_function.calculate_welfare(physical_damage, welfare_loss=True)"
2287,rjan57 / Pacific Islands,Prioritarian,0.0,1.45,2.0,0.0,0.0,10.210466926148401,1.0,10.210466926148401,"physical_damage_per_capita multiplied by JUSTICE welfare_function.calculate_discount_rate; regional time-discounting visibility, not full welfare aggregation",-31116.502585877628,"scalar from welfare_function.calculate_welfare(physical_damage, welfare_loss=True)"
2288,rjan57 / Pacific Islands,Prioritarian,0.0,1.45,2.0,0.0,0.0,10.22990227549236,1.0,10.22990227549236,"physical_damage_per_capita multiplied by JUSTICE welfare_function.calculate_discount_rate; regional time-discounting visibility, not full welfare aggregation",-31116.502585877628,"scalar from welfare_function.calculate_welfare(physical_damage, welfare_loss=True)"
2289,rjan57 / Pacific Islands,Prioritarian,0.0,1.45,2.0,0.0,0.0,10.249542287645552,1.0,10.249542287645552,"physical_damage_per_capita multiplied by JUSTICE welfare_function.calculate_discount_rate; regional time-discounting visibility, not full welfare aggregation",-31116.502585877628,"scalar from welfare_function.calculate_welfare(physical_damage, welfare_loss=True)"
2290,rjan57 / Pacific Islands,Prioritarian,0.0,1.45,2.0,0.0,0.0,10.262343170130311,1.0,10.262343170130311,"physical_damage_per_capita multiplied by JUSTICE welfare_function.calculate_discount_rate; regional time-discounting visibility, not full welfare aggregation",-31116.502585877628,"scalar from welfare_function.calculate_welfare(physical_damage, welfare_loss=True)"
2291,rjan57 / Pacific Islands,Prioritarian,0.0,1.45,2.0,0.0,0.0,10.262157270889293,1.0,10.262157270889293,"physical_damage_per_capita multiplied by JUSTICE welfare_function.calculate_discount_rate; regional time-discounting visibility, not full welfare aggregation",-31116.502585877628,"scalar from welfare_function.calculate_welfare(physical_damage, welfare_loss=True)"
2292,rjan57 / Pacific Islands,Prioritarian,0.0,1.45,2.0,0.0,0.0,10.254121177882238,1.0,10.254121177882238,"physical_damage_per_capita multiplied by JUSTICE welfare_function.calculate_discount_rate; regional time-discounting visibility, not full welfare aggregation",-31116.502585877628,"scalar from welfare_function.calculate_welfare(physical_damage, welfare_loss=True)"
2293,rjan57 / Pacific Islands,Prioritarian,0.0,1.45,2.0,0.0,0.0,10.246048052003465,1.0,10.246048052003465,"physical_damage_per_capita multiplied by JUSTICE welfare_function.calculate_discount_rate; regional time-discounting visibility, not full welfare aggregation",-31116.502585877628,"scalar from welfare_function.calculate_welfare(physical_damage, welfare_loss=True)"
2294,rjan57 / Pacific Islands,Prioritarian,0.0,1.45,2.0,0.0,0.0,10.23616858282322,1.0,10.23616858282322,"physical_damage_per_capita multiplied by JUSTICE welfare_function.calculate_discount_rate; regional time-discounting visibility, not full welfare aggregation",-31116.502585877628,"scalar from welfare_function.calculate_welfare(physical_damage, welfare_loss=True)"
2295,rjan57 / Pacific Islands,Prioritarian,0.0,1.45,2.0,0.0,0.0,10.226943850861634,1.0,10.226943850861634,"physical_damage_per_capita multiplied by JUSTICE welfare_function.calculate_discount_rate; regional time-discounting visibility, not full welfare aggregation",-31116.502585877628,"scalar from welfare_function.calculate_welfare(physical_damage, welfare_loss=True)"
2296,rjan57 / Pacific Islands,Prioritarian,0.0,1.45,2.0,0.0,0.0,10.222750111408176,1.0,10.222750111408176,"physical_damage_per_capita multiplied by JUSTICE welfare_function.calculate_discount_rate; regional time-discounting visibility, not full welfare aggregation",-31116.502585877628,"scalar from welfare_function.calculate_welfare(physical_damage, welfare_loss=True)"
2297,rjan57 / Pacific Islands,Prioritarian,0.0,1.45,2.0,0.0,0.0,10.228680576407507,1.0,10.228680576407507,"physical_damage_per_capita multiplied by JUSTICE welfare_function.calculate_discount_rate; regional time-discounting visibility, not full welfare aggregation",-31116.502585877628,"scalar from welfare_function.calculate_welfare(physical_damage, welfare_loss=True)"
2298,rjan57 / Pacific Islands,Prioritarian,0.0,1.45,2.0,0.0,0.0,10.243300800366733,1.0,10.243300800366733,"physical_damage_per_capita multiplied by JUSTICE welfare_function.calculate_discount_rate; regional time-discounting visibility, not full welfare aggregation",-31116.502585877628,"scalar from welfare_function.calculate_welfare(physical_damage, welfare_loss=True)"
2299,rjan57 / Pacific Islands,Prioritarian,0.0,1.45,2.0,0.0,0.0,10.261840221777026,1.0,10.261840221777026,"physical_damage_per_capita multiplied by JUSTICE welfare_function.calculate_discount_rate; regional time-discounting visibility, not full welfare aggregation",-31116.502585877628,"scalar from welfare_function.calculate_welfare(physical_damage, welfare_loss=True)"
2300,rjan57 / Pacific Islands,Prioritarian,0.0,1.45,2.0,0.0,0.0,10.277302140712735,1.0,10.277302140712735,"physical_damage_per_capita multiplied by JUSTICE welfare_function.calculate_discount_rate; regional time-discounting visibility, not full welfare aggregation",-31116.502585877628,"scalar from welfare_function.calculate_welfare(physical_damage, welfare_loss=True)"
2015,rsas / Rest of South Asia,Prioritarian,0.0,1.45,2.0,0.0,0.0,0.0,1.0,0.0,"physical_damage_per_capita multiplied by JUSTICE welfare_function.calculate_discount_rate; regional time-discounting visibility, not full welfare aggregation",-31116.502585877628,"scalar from welfare_function.calculate_welfare(physical_damage, welfare_loss=True)"
2016,rsas / Rest of South Asia,Prioritarian,0.0,1.45,2.0,0.0,0.0,0.0,1.0,0.0,"physical_damage_per_capita multiplied by JUSTICE welfare_function.calculate_discount_rate; regional time-discounting visibility, not full welfare aggregation",-31116.502585877628,"scalar from welfare_function.calculate_welfare(physical_damage, welfare_loss=True)"
2017,rsas / Rest of South Asia,Prioritarian,0.0,1.45,2.0,0.0,0.0,0.0,1.0,0.0,"physical_damage_per_capita multiplied by JUSTICE welfare_function.calculate_discount_rate; regional time-discounting visibility, not full welfare aggregation",-31116.502585877628,"scalar from welfare_function.calculate_welfare(physical_damage, welfare_loss=True)"
2018,rsas / Rest of South Asia,Prioritarian,0.0,1.45,2.0,0.0,0.0,1.0799759551840204e-06,1.0,1.0799759551840204e-06,"physical_damage_per_capita multiplied by JUSTICE welfare_function.calculate_discount_rate; regional time-discounting visibility, not full welfare aggregation",-31116.502585877628,"scalar from welfare_function.calculate_welfare(physical_damage, welfare_loss=True)"
2019,rsas / Rest of South Asia,Prioritarian,0.0,1.45,2.0,0.0,0.0,0.002701662558483344,1.0,0.002701662558483344,"physical_damage_per_capita multiplied by JUSTICE welfare_function.calculate_discount_rate; regional time-discounting visibility, not full welfare aggregation",-31116.502585877628,"scalar from welfare_function.calculate_welfare(physical_damage, welfare_loss=True)"
2020,rsas / Rest of South Asia,Prioritarian,0.0,1.45,2.0,0.0,0.0,0.005483652756718996,1.0,0.005483652756718996,"physical_damage_per_capita multiplied by JUSTICE welfare_function.calculate_discount_rate; regional time-discounting visibility, not full welfare aggregation",-31116.502585877628,"scalar from welfare_function.calculate_welfare(physical_damage, welfare_loss=True)"
2021,rsas / Rest of South Asia,Prioritarian,0.0,1.45,2.0,0.0,0.0,0.008630155804209682,1.0,0.008630155804209682,"physical_damage_per_capita multiplied by JUSTICE welfare_function.calculate_discount_rate; regional time-discounting visibility, not full welfare aggregation",-31116.502585877628,"scalar from welfare_function.calculate_welfare(physical_damage, welfare_loss=True)"
2022,rsas / Rest of South Asia,Prioritarian,0.0,1.45,2.0,0.0,0.0,0.012135638594454056,1.0,0.012135638594454056,"physical_damage_per_capita multiplied by JUSTICE welfare_function.calculate_discount_rate; regional time-discounting visibility, not full welfare aggregation",-31116.502585877628,"scalar from welfare_function.calculate_welfare(physical_damage, welfare_loss=True)"
2023,rsas / Rest of South Asia,Prioritarian,0.0,1.45,2.0,0.0,0.0,0.016283559957812534,1.0,0.016283559957812534,"physical_damage_per_capita multiplied by JUSTICE welfare_function.calculate_discount_rate; regional time-discounting visibility, not full welfare aggregation",-31116.502585877628,"scalar from welfare_function.calculate_welfare(physical_damage, welfare_loss=True)"
2024,rsas / Rest of South Asia,Prioritarian,0.0,1.45,2.0,0.0,0.0,0.020909190385584777,1.0,0.020909190385584777,"physical_damage_per_capita multiplied by JUSTICE welfare_function.calculate_discount_rate; regional time-discounting visibility, not full welfare aggregation",-31116.502585877628,"scalar from welfare_function.calculate_welfare(physical_damage, welfare_loss=True)"
2025,rsas / Rest of South Asia,Prioritarian,0.0,1.45,2.0,0.0,0.0,0.025850141573998866,1.0,0.025850141573998866,"physical_damage_per_capita multiplied by JUSTICE welfare_function.calculate_discount_rate; regional time-discounting visibility, not full welfare aggregation",-31116.502585877628,"scalar from welfare_function.calculate_welfare(physical_damage, welfare_loss=True)"
2026,rsas / Rest of South Asia,Prioritarian,0.0,1.45,2.0,0.0,0.0,0.030664200114235617,1.0,0.030664200114235617,"physical_damage_per_capita multiplied by JUSTICE welfare_function.calculate_discount_rate; regional time-discounting visibility, not full welfare aggregation",-31116.502585877628,"scalar from welfare_function.calculate_welfare(physical_damage, welfare_loss=True)"
2027,rsas / Rest of South Asia,Prioritarian,0.0,1.45,2.0,0.0,0.0,0.03527891270105434,1.0,0.03527891270105434,"physical_damage_per_capita multiplied by JUSTICE welfare_function.calculate_discount_rate; regional time-discounting visibility, not full welfare aggregation",-31116.502585877628,"scalar from welfare_function.calculate_welfare(physical_damage, welfare_loss=True)"
2028,rsas / Rest of South Asia,Prioritarian,0.0,1.45,2.0,0.0,0.0,0.0396632745887847,1.0,0.0396632745887847,"physical_damage_per_capita multiplied by JUSTICE welfare_function.calculate_discount_rate; regional time-discounting visibility, not full welfare aggregation",-31116.502585877628,"scalar from welfare_function.calculate_welfare(physical_damage, welfare_loss=True)"
2029,rsas / Rest of South Asia,Prioritarian,0.0,1.45,2.0,0.0,0.0,0.04397508609534186,1.0,0.04397508609534186,"physical_damage_per_capita multiplied by JUSTICE welfare_function.calculate_discount_rate; regional time-discounting visibility, not full welfare aggregation",-31116.502585877628,"scalar from welfare_function.calculate_welfare(physical_damage, welfare_loss=True)"
2030,rsas / Rest of South Asia,Prioritarian,0.0,1.45,2.0,0.0,0.0,0.04848016463274828,1.0,0.04848016463274828,"physical_damage_per_capita multiplied by JUSTICE welfare_function.calculate_discount_rate; regional time-discounting visibility, not full welfare aggregation",-31116.502585877628,"scalar from welfare_function.calculate_welfare(physical_damage, welfare_loss=True)"
2031,rsas / Rest of South Asia,Prioritarian,0.0,1.45,2.0,0.0,0.0,0.05301253631440063,1.0,0.05301253631440063,"physical_damage_per_capita multiplied by JUSTICE welfare_function.calculate_discount_rate; regional time-discounting visibility, not full welfare aggregation",-31116.502585877628,"scalar from welfare_function.calculate_welfare(physical_damage, welfare_loss=True)"
2032,rsas / Rest of South Asia,Prioritarian,0.0,1.45,2.0,0.0,0.0,0.05770233715039882,1.0,0.05770233715039882,"physical_damage_per_capita multiplied by JUSTICE welfare_function.calculate_discount_rate; regional time-discounting visibility, not full welfare aggregation",-31116.502585877628,"scalar from welfare_function.calculate_welfare(physical_damage, welfare_loss=True)"
2033,rsas / Rest of South Asia,Prioritarian,0.0,1.45,2.0,0.0,0.0,0.06260323192600632,1.0,0.06260323192600632,"physical_damage_per_capita multiplied by JUSTICE welfare_function.calculate_discount_rate; regional time-discounting visibility, not full welfare aggregation",-31116.502585877628,"scalar from welfare_function.calculate_welfare(physical_damage, welfare_loss=True)"
2034,rsas / Rest of South Asia,Prioritarian,0.0,1.45,2.0,0.0,0.0,0.0679595311356481,1.0,0.0679595311356481,"physical_damage_per_capita multiplied by JUSTICE welfare_function.calculate_discount_rate; regional time-discounting visibility, not full welfare aggregation",-31116.502585877628,"scalar from welfare_function.calculate_welfare(physical_damage, welfare_loss=True)"
2035,rsas / Rest of South Asia,Prioritarian,0.0,1.45,2.0,0.0,0.0,0.07400034011811389,1.0,0.07400034011811389,"physical_damage_per_capita multiplied by JUSTICE welfare_function.calculate_discount_rate; regional time-discounting visibility, not full welfare aggregation",-31116.502585877628,"scalar from welfare_function.calculate_welfare(physical_damage, welfare_loss=True)"
2036,rsas / Rest of South Asia,Prioritarian,0.0,1.45,2.0,0.0,0.0,0.08131337607841897,1.0,0.08131337607841897,"physical_damage_per_capita multiplied by JUSTICE welfare_function.calculate_discount_rate; regional time-discounting visibility, not full welfare aggregation",-31116.502585877628,"scalar from welfare_function.calculate_welfare(physical_damage, welfare_loss=True)"
2037,rsas / Rest of South Asia,Prioritarian,0.0,1.45,2.0,0.0,0.0,0.08905348126261747,1.0,0.08905348126261747,"physical_damage_per_capita multiplied by JUSTICE welfare_function.calculate_discount_rate; regional time-discounting visibility, not full welfare aggregation",-31116.502585877628,"scalar from welfare_function.calculate_welfare(physical_damage, welfare_loss=True)"
2038,rsas / Rest of South Asia,Prioritarian,0.0,1.45,2.0,0.0,0.0,0.09686706866612829,1.0,0.09686706866612829,"physical_damage_per_capita multiplied by JUSTICE welfare_function.calculate_discount_rate; regional time-discounting visibility, not full welfare aggregation",-31116.502585877628,"scalar from welfare_function.calculate_welfare(physical_damage, welfare_loss=True)"
2039,rsas / Rest of South Asia,Prioritarian,0.0,1.45,2.0,0.0,0.0,0.10458563157987529,1.0,0.10458563157987529,"physical_damage_per_capita multiplied by JUSTICE welfare_function.calculate_discount_rate; regional time-discounting visibility, not full welfare aggregation",-31116.502585877628,"scalar from welfare_function.calculate_welfare(physical_damage, welfare_loss=True)"
2040,rsas / Rest of South Asia,Prioritarian,0.0,1.45,2.0,0.0,0.0,0.11215816321816117,1.0,0.11215816321816117,"physical_damage_per_capita multiplied by JUSTICE welfare_function.calculate_discount_rate; regional time-discounting visibility, not full welfare aggregation",-31116.502585877628,"scalar from welfare_function.calculate_welfare(physical_damage, welfare_loss=True)"
2041,rsas / Rest of South Asia,Prioritarian,0.0,1.45,2.0,0.0,0.0,0.120076174935949,1.0,0.120076174935949,"physical_damage_per_capita multiplied by JUSTICE welfare_function.calculate_discount_rate; regional time-discounting visibility, not full welfare aggregation",-31116.502585877628,"scalar from welfare_function.calculate_welfare(physical_damage, welfare_loss=True)"
2042,rsas / Rest of South Asia,Prioritarian,0.0,1.45,2.0,0.0,0.0,0.12779963404387254,1.0,0.12779963404387254,"physical_damage_per_capita multiplied by JUSTICE welfare_function.calculate_discount_rate; regional time-discounting visibility, not full welfare aggregation",-31116.502585877628,"scalar from welfare_function.calculate_welfare(physical_damage, welfare_loss=True)"
2043,rsas / Rest of South Asia,Prioritarian,0.0,1.45,2.0,0.0,0.0,0.13558331756829,1.0,0.13558331756829,"physical_damage_per_capita multiplied by JUSTICE welfare_function.calculate_discount_rate; regional time-discounting visibility, not full welfare aggregation",-31116.502585877628,"scalar from welfare_function.calculate_welfare(physical_damage, welfare_loss=True)"
2044,rsas / Rest of South Asia,Prioritarian,0.0,1.45,2.0,0.0,0.0,0.1438100062612469,1.0,0.1438100062612469,"physical_damage_per_capita multiplied by JUSTICE welfare_function.calculate_discount_rate; regional time-discounting visibility, not full welfare aggregation",-31116.502585877628,"scalar from welfare_function.calculate_welfare(physical_damage, welfare_loss=True)"
2045,rsas / Rest of South Asia,Prioritarian,0.0,1.45,2.0,0.0,0.0,0.15274075733236472,1.0,0.15274075733236472,"physical_damage_per_capita multiplied by JUSTICE welfare_function.calculate_discount_rate; regional time-discounting visibility, not full welfare aggregation",-31116.502585877628,"scalar from welfare_function.calculate_welfare(physical_damage, welfare_loss=True)"
2046,rsas / Rest of South Asia,Prioritarian,0.0,1.45,2.0,0.0,0.0,0.1629112577368572,1.0,0.1629112577368572,"physical_damage_per_capita multiplied by JUSTICE welfare_function.calculate_discount_rate; regional time-discounting visibility, not full welfare aggregation",-31116.502585877628,"scalar from welfare_function.calculate_welfare(physical_damage, welfare_loss=True)"
2047,rsas / Rest of South Asia,Prioritarian,0.0,1.45,2.0,0.0,0.0,0.17424874471855356,1.0,0.17424874471855356,"physical_damage_per_capita multiplied by JUSTICE welfare_function.calculate_discount_rate; regional time-discounting visibility, not full welfare aggregation",-31116.502585877628,"scalar from welfare_function.calculate_welfare(physical_damage, welfare_loss=True)"
2048,rsas / Rest of South Asia,Prioritarian,0.0,1.45,2.0,0.0,0.0,0.18662959380863928,1.0,0.18662959380863928,"physical_damage_per_capita multiplied by JUSTICE welfare_function.calculate_discount_rate; regional time-discounting visibility, not full welfare aggregation",-31116.502585877628,"scalar from welfare_function.calculate_welfare(physical_damage, welfare_loss=True)"
2049,rsas / Rest of South Asia,Prioritarian,0.0,1.45,2.0,0.0,0.0,0.1996335318560387,1.0,0.1996335318560387,"physical_damage_per_capita multiplied by JUSTICE welfare_function.calculate_discount_rate; regional time-discounting visibility, not full welfare aggregation",-31116.502585877628,"scalar from welfare_function.calculate_welfare(physical_damage, welfare_loss=True)"
2050,rsas / Rest of South Asia,Prioritarian,0.0,1.45,2.0,0.0,0.0,0.2128054957391097,1.0,0.2128054957391097,"physical_damage_per_capita multiplied by JUSTICE welfare_function.calculate_discount_rate; regional time-discounting visibility, not full welfare aggregation",-31116.502585877628,"scalar from welfare_function.calculate_welfare(physical_damage, welfare_loss=True)"
2051,rsas / Rest of South Asia,Prioritarian,0.0,1.45,2.0,0.0,0.0,0.22604018548244553,1.0,0.22604018548244553,"physical_damage_per_capita multiplied by JUSTICE welfare_function.calculate_discount_rate; regional time-discounting visibility, not full welfare aggregation",-31116.502585877628,"scalar from welfare_function.calculate_welfare(physical_damage, welfare_loss=True)"
2052,rsas / Rest of South Asia,Prioritarian,0.0,1.45,2.0,0.0,0.0,0.23848230155526576,1.0,0.23848230155526576,"physical_damage_per_capita multiplied by JUSTICE welfare_function.calculate_discount_rate; regional time-discounting visibility, not full welfare aggregation",-31116.502585877628,"scalar from welfare_function.calculate_welfare(physical_damage, welfare_loss=True)"
2053,rsas / Rest of South Asia,Prioritarian,0.0,1.45,2.0,0.0,0.0,0.2508036003219105,1.0,0.2508036003219105,"physical_damage_per_capita multiplied by JUSTICE welfare_function.calculate_discount_rate; regional time-discounting visibility, not full welfare aggregation",-31116.502585877628,"scalar from welfare_function.calculate_welfare(physical_damage, welfare_loss=True)"
2054,rsas / Rest of South Asia,Prioritarian,0.0,1.45,2.0,0.0,0.0,0.26348263242933456,1.0,0.26348263242933456,"physical_damage_per_capita multiplied by JUSTICE welfare_function.calculate_discount_rate; regional time-discounting visibility, not full welfare aggregation",-31116.502585877628,"scalar from welfare_function.calculate_welfare(physical_damage, welfare_loss=True)"
2055,rsas / Rest of South Asia,Prioritarian,0.0,1.45,2.0,0.0,0.0,0.2766042145230404,1.0,0.2766042145230404,"physical_damage_per_capita multiplied by JUSTICE welfare_function.calculate_discount_rate; regional time-discounting visibility, not full welfare aggregation",-31116.502585877628,"scalar from welfare_function.calculate_welfare(physical_damage, welfare_loss=True)"
2056,rsas / Rest of South Asia,Prioritarian,0.0,1.45,2.0,0.0,0.0,0.2913807019435924,1.0,0.2913807019435924,"physical_damage_per_capita multiplied by JUSTICE welfare_function.calculate_discount_rate; regional time-discounting visibility, not full welfare aggregation",-31116.502585877628,"scalar from welfare_function.calculate_welfare(physical_damage, welfare_loss=True)"
2057,rsas / Rest of South Asia,Prioritarian,0.0,1.45,2.0,0.0,0.0,0.3075376594612823,1.0,0.3075376594612823,"physical_damage_per_capita multiplied by JUSTICE welfare_function.calculate_discount_rate; regional time-discounting visibility, not full welfare aggregation",-31116.502585877628,"scalar from welfare_function.calculate_welfare(physical_damage, welfare_loss=True)"
2058,rsas / Rest of South Asia,Prioritarian,0.0,1.45,2.0,0.0,0.0,0.325169634831645,1.0,0.325169634831645,"physical_damage_per_capita multiplied by JUSTICE welfare_function.calculate_discount_rate; regional time-discounting visibility, not full welfare aggregation",-31116.502585877628,"scalar from welfare_function.calculate_welfare(physical_damage, welfare_loss=True)"
2059,rsas / Rest of South Asia,Prioritarian,0.0,1.45,2.0,0.0,0.0,0.3433658093950431,1.0,0.3433658093950431,"physical_damage_per_capita multiplied by JUSTICE welfare_function.calculate_discount_rate; regional time-discounting visibility, not full welfare aggregation",-31116.502585877628,"scalar from welfare_function.calculate_welfare(physical_damage, welfare_loss=True)"
2060,rsas / Rest of South Asia,Prioritarian,0.0,1.45,2.0,0.0,0.0,0.36157733574686957,1.0,0.36157733574686957,"physical_damage_per_capita multiplied by JUSTICE welfare_function.calculate_discount_rate; regional time-discounting visibility, not full welfare aggregation",-31116.502585877628,"scalar from welfare_function.calculate_welfare(physical_damage, welfare_loss=True)"
2061,rsas / Rest of South Asia,Prioritarian,0.0,1.45,2.0,0.0,0.0,0.38113468109222715,1.0,0.38113468109222715,"physical_damage_per_capita multiplied by JUSTICE welfare_function.calculate_discount_rate; regional time-discounting visibility, not full welfare aggregation",-31116.502585877628,"scalar from welfare_function.calculate_welfare(physical_damage, welfare_loss=True)"
2062,rsas / Rest of South Asia,Prioritarian,0.0,1.45,2.0,0.0,0.0,0.4005835283351891,1.0,0.4005835283351891,"physical_damage_per_capita multiplied by JUSTICE welfare_function.calculate_discount_rate; regional time-discounting visibility, not full welfare aggregation",-31116.502585877628,"scalar from welfare_function.calculate_welfare(physical_damage, welfare_loss=True)"
2063,rsas / Rest of South Asia,Prioritarian,0.0,1.45,2.0,0.0,0.0,0.4196324366279041,1.0,0.4196324366279041,"physical_damage_per_capita multiplied by JUSTICE welfare_function.calculate_discount_rate; regional time-discounting visibility, not full welfare aggregation",-31116.502585877628,"scalar from welfare_function.calculate_welfare(physical_damage, welfare_loss=True)"
2064,rsas / Rest of South Asia,Prioritarian,0.0,1.45,2.0,0.0,0.0,0.43886518615230213,1.0,0.43886518615230213,"physical_damage_per_capita multiplied by JUSTICE welfare_function.calculate_discount_rate; regional time-discounting visibility, not full welfare aggregation",-31116.502585877628,"scalar from welfare_function.calculate_welfare(physical_damage, welfare_loss=True)"
2065,rsas / Rest of South Asia,Prioritarian,0.0,1.45,2.0,0.0,0.0,0.4588257157237435,1.0,0.4588257157237435,"physical_damage_per_capita multiplied by JUSTICE welfare_function.calculate_discount_rate; regional time-discounting visibility, not full welfare aggregation",-31116.502585877628,"scalar from welfare_function.calculate_welfare(physical_damage, welfare_loss=True)"
2066,rsas / Rest of South Asia,Prioritarian,0.0,1.45,2.0,0.0,0.0,0.48091530018235074,1.0,0.48091530018235074,"physical_damage_per_capita multiplied by JUSTICE welfare_function.calculate_discount_rate; regional time-discounting visibility, not full welfare aggregation",-31116.502585877628,"scalar from welfare_function.calculate_welfare(physical_damage, welfare_loss=True)"
2067,rsas / Rest of South Asia,Prioritarian,0.0,1.45,2.0,0.0,0.0,0.5042234065221705,1.0,0.5042234065221705,"physical_damage_per_capita multiplied by JUSTICE welfare_function.calculate_discount_rate; regional time-discounting visibility, not full welfare aggregation",-31116.502585877628,"scalar from welfare_function.calculate_welfare(physical_damage, welfare_loss=True)"
2068,rsas / Rest of South Asia,Prioritarian,0.0,1.45,2.0,0.0,0.0,0.5294607806762823,1.0,0.5294607806762823,"physical_damage_per_capita multiplied by JUSTICE welfare_function.calculate_discount_rate; regional time-discounting visibility, not full welfare aggregation",-31116.502585877628,"scalar from welfare_function.calculate_welfare(physical_damage, welfare_loss=True)"
2069,rsas / Rest of South Asia,Prioritarian,0.0,1.45,2.0,0.0,0.0,0.5567510292555455,1.0,0.5567510292555455,"physical_damage_per_capita multiplied by JUSTICE welfare_function.calculate_discount_rate; regional time-discounting visibility, not full welfare aggregation",-31116.502585877628,"scalar from welfare_function.calculate_welfare(physical_damage, welfare_loss=True)"
2070,rsas / Rest of South Asia,Prioritarian,0.0,1.45,2.0,0.0,0.0,0.5850715679378744,1.0,0.5850715679378744,"physical_damage_per_capita multiplied by JUSTICE welfare_function.calculate_discount_rate; regional time-discounting visibility, not full welfare aggregation",-31116.502585877628,"scalar from welfare_function.calculate_welfare(physical_damage, welfare_loss=True)"
2071,rsas / Rest of South Asia,Prioritarian,0.0,1.45,2.0,0.0,0.0,0.6143582024398916,1.0,0.6143582024398916,"physical_damage_per_capita multiplied by JUSTICE welfare_function.calculate_discount_rate; regional time-discounting visibility, not full welfare aggregation",-31116.502585877628,"scalar from welfare_function.calculate_welfare(physical_damage, welfare_loss=True)"
2072,rsas / Rest of South Asia,Prioritarian,0.0,1.45,2.0,0.0,0.0,0.6430077581424425,1.0,0.6430077581424425,"physical_damage_per_capita multiplied by JUSTICE welfare_function.calculate_discount_rate; regional time-discounting visibility, not full welfare aggregation",-31116.502585877628,"scalar from welfare_function.calculate_welfare(physical_damage, welfare_loss=True)"
2073,rsas / Rest of South Asia,Prioritarian,0.0,1.45,2.0,0.0,0.0,0.6711168876668818,1.0,0.6711168876668818,"physical_damage_per_capita multiplied by JUSTICE welfare_function.calculate_discount_rate; regional time-discounting visibility, not full welfare aggregation",-31116.502585877628,"scalar from welfare_function.calculate_welfare(physical_damage, welfare_loss=True)"
2074,rsas / Rest of South Asia,Prioritarian,0.0,1.45,2.0,0.0,0.0,0.6994809968373565,1.0,0.6994809968373565,"physical_damage_per_capita multiplied by JUSTICE welfare_function.calculate_discount_rate; regional time-discounting visibility, not full welfare aggregation",-31116.502585877628,"scalar from welfare_function.calculate_welfare(physical_damage, welfare_loss=True)"
2075,rsas / Rest of South Asia,Prioritarian,0.0,1.45,2.0,0.0,0.0,0.7288665804992632,1.0,0.7288665804992632,"physical_damage_per_capita multiplied by JUSTICE welfare_function.calculate_discount_rate; regional time-discounting visibility, not full welfare aggregation",-31116.502585877628,"scalar from welfare_function.calculate_welfare(physical_damage, welfare_loss=True)"
2076,rsas / Rest of South Asia,Prioritarian,0.0,1.45,2.0,0.0,0.0,0.760093990574929,1.0,0.760093990574929,"physical_damage_per_capita multiplied by JUSTICE welfare_function.calculate_discount_rate; regional time-discounting visibility, not full welfare aggregation",-31116.502585877628,"scalar from welfare_function.calculate_welfare(physical_damage, welfare_loss=True)"
2077,rsas / Rest of South Asia,Prioritarian,0.0,1.45,2.0,0.0,0.0,0.7921942396888494,1.0,0.7921942396888494,"physical_damage_per_capita multiplied by JUSTICE welfare_function.calculate_discount_rate; regional time-discounting visibility, not full welfare aggregation",-31116.502585877628,"scalar from welfare_function.calculate_welfare(physical_damage, welfare_loss=True)"
2078,rsas / Rest of South Asia,Prioritarian,0.0,1.45,2.0,0.0,0.0,0.825381700931635,1.0,0.825381700931635,"physical_damage_per_capita multiplied by JUSTICE welfare_function.calculate_discount_rate; regional time-discounting visibility, not full welfare aggregation",-31116.502585877628,"scalar from welfare_function.calculate_welfare(physical_damage, welfare_loss=True)"
2079,rsas / Rest of South Asia,Prioritarian,0.0,1.45,2.0,0.0,0.0,0.8599920218943793,1.0,0.8599920218943793,"physical_damage_per_capita multiplied by JUSTICE welfare_function.calculate_discount_rate; regional time-discounting visibility, not full welfare aggregation",-31116.502585877628,"scalar from welfare_function.calculate_welfare(physical_damage, welfare_loss=True)"
2080,rsas / Rest of South Asia,Prioritarian,0.0,1.45,2.0,0.0,0.0,0.8967776130900005,1.0,0.8967776130900005,"physical_damage_per_capita multiplied by JUSTICE welfare_function.calculate_discount_rate; regional time-discounting visibility, not full welfare aggregation",-31116.502585877628,"scalar from welfare_function.calculate_welfare(physical_damage, welfare_loss=True)"
2081,rsas / Rest of South Asia,Prioritarian,0.0,1.45,2.0,0.0,0.0,0.9369130383562378,1.0,0.9369130383562378,"physical_damage_per_capita multiplied by JUSTICE welfare_function.calculate_discount_rate; regional time-discounting visibility, not full welfare aggregation",-31116.502585877628,"scalar from welfare_function.calculate_welfare(physical_damage, welfare_loss=True)"
2082,rsas / Rest of South Asia,Prioritarian,0.0,1.45,2.0,0.0,0.0,0.9785813671148275,1.0,0.9785813671148275,"physical_damage_per_capita multiplied by JUSTICE welfare_function.calculate_discount_rate; regional time-discounting visibility, not full welfare aggregation",-31116.502585877628,"scalar from welfare_function.calculate_welfare(physical_damage, welfare_loss=True)"
2083,rsas / Rest of South Asia,Prioritarian,0.0,1.45,2.0,0.0,0.0,1.0207347667745112,1.0,1.0207347667745112,"physical_damage_per_capita multiplied by JUSTICE welfare_function.calculate_discount_rate; regional time-discounting visibility, not full welfare aggregation",-31116.502585877628,"scalar from welfare_function.calculate_welfare(physical_damage, welfare_loss=True)"
2084,rsas / Rest of South Asia,Prioritarian,0.0,1.45,2.0,0.0,0.0,1.062944496859601,1.0,1.062944496859601,"physical_damage_per_capita multiplied by JUSTICE welfare_function.calculate_discount_rate; regional time-discounting visibility, not full welfare aggregation",-31116.502585877628,"scalar from welfare_function.calculate_welfare(physical_damage, welfare_loss=True)"
2085,rsas / Rest of South Asia,Prioritarian,0.0,1.45,2.0,0.0,0.0,1.1049047487123935,1.0,1.1049047487123935,"physical_damage_per_capita multiplied by JUSTICE welfare_function.calculate_discount_rate; regional time-discounting visibility, not full welfare aggregation",-31116.502585877628,"scalar from welfare_function.calculate_welfare(physical_damage, welfare_loss=True)"
2086,rsas / Rest of South Asia,Prioritarian,0.0,1.45,2.0,0.0,0.0,1.148440349043409,1.0,1.148440349043409,"physical_damage_per_capita multiplied by JUSTICE welfare_function.calculate_discount_rate; regional time-discounting visibility, not full welfare aggregation",-31116.502585877628,"scalar from welfare_function.calculate_welfare(physical_damage, welfare_loss=True)"
2087,rsas / Rest of South Asia,Prioritarian,0.0,1.45,2.0,0.0,0.0,1.1921684398493744,1.0,1.1921684398493744,"physical_damage_per_capita multiplied by JUSTICE welfare_function.calculate_discount_rate; regional time-discounting visibility, not full welfare aggregation",-31116.502585877628,"scalar from welfare_function.calculate_welfare(physical_damage, welfare_loss=True)"
2088,rsas / Rest of South Asia,Prioritarian,0.0,1.45,2.0,0.0,0.0,1.2361265557045835,1.0,1.2361265557045835,"physical_damage_per_capita multiplied by JUSTICE welfare_function.calculate_discount_rate; regional time-discounting visibility, not full welfare aggregation",-31116.502585877628,"scalar from welfare_function.calculate_welfare(physical_damage, welfare_loss=True)"
2089,rsas / Rest of South Asia,Prioritarian,0.0,1.45,2.0,0.0,0.0,1.2818135418209011,1.0,1.2818135418209011,"physical_damage_per_capita multiplied by JUSTICE welfare_function.calculate_discount_rate; regional time-discounting visibility, not full welfare aggregation",-31116.502585877628,"scalar from welfare_function.calculate_welfare(physical_damage, welfare_loss=True)"
2090,rsas / Rest of South Asia,Prioritarian,0.0,1.45,2.0,0.0,0.0,1.3297064190914327,1.0,1.3297064190914327,"physical_damage_per_capita multiplied by JUSTICE welfare_function.calculate_discount_rate; regional time-discounting visibility, not full welfare aggregation",-31116.502585877628,"scalar from welfare_function.calculate_welfare(physical_damage, welfare_loss=True)"
2091,rsas / Rest of South Asia,Prioritarian,0.0,1.45,2.0,0.0,0.0,1.3819959488590643,1.0,1.3819959488590643,"physical_damage_per_capita multiplied by JUSTICE welfare_function.calculate_discount_rate; regional time-discounting visibility, not full welfare aggregation",-31116.502585877628,"scalar from welfare_function.calculate_welfare(physical_damage, welfare_loss=True)"
2092,rsas / Rest of South Asia,Prioritarian,0.0,1.45,2.0,0.0,0.0,1.4380214273758567,1.0,1.4380214273758567,"physical_damage_per_capita multiplied by JUSTICE welfare_function.calculate_discount_rate; regional time-discounting visibility, not full welfare aggregation",-31116.502585877628,"scalar from welfare_function.calculate_welfare(physical_damage, welfare_loss=True)"
2093,rsas / Rest of South Asia,Prioritarian,0.0,1.45,2.0,0.0,0.0,1.4970010179602276,1.0,1.4970010179602276,"physical_damage_per_capita multiplied by JUSTICE welfare_function.calculate_discount_rate; regional time-discounting visibility, not full welfare aggregation",-31116.502585877628,"scalar from welfare_function.calculate_welfare(physical_damage, welfare_loss=True)"
2094,rsas / Rest of South Asia,Prioritarian,0.0,1.45,2.0,0.0,0.0,1.557665652472928,1.0,1.557665652472928,"physical_damage_per_capita multiplied by JUSTICE welfare_function.calculate_discount_rate; regional time-discounting visibility, not full welfare aggregation",-31116.502585877628,"scalar from welfare_function.calculate_welfare(physical_damage, welfare_loss=True)"
2095,rsas / Rest of South Asia,Prioritarian,0.0,1.45,2.0,0.0,0.0,1.6178819906372761,1.0,1.6178819906372761,"physical_damage_per_capita multiplied by JUSTICE welfare_function.calculate_discount_rate; regional time-discounting visibility, not full welfare aggregation",-31116.502585877628,"scalar from welfare_function.calculate_welfare(physical_damage, welfare_loss=True)"
2096,rsas / Rest of South Asia,Prioritarian,0.0,1.45,2.0,0.0,0.0,1.6768685875607827,1.0,1.6768685875607827,"physical_damage_per_capita multiplied by JUSTICE welfare_function.calculate_discount_rate; regional time-discounting visibility, not full welfare aggregation",-31116.502585877628,"scalar from welfare_function.calculate_welfare(physical_damage, welfare_loss=True)"
2097,rsas / Rest of South Asia,Prioritarian,0.0,1.45,2.0,0.0,0.0,1.7345175466211102,1.0,1.7345175466211102,"physical_damage_per_capita multiplied by JUSTICE welfare_function.calculate_discount_rate; regional time-discounting visibility, not full welfare aggregation",-31116.502585877628,"scalar from welfare_function.calculate_welfare(physical_damage, welfare_loss=True)"
2098,rsas / Rest of South Asia,Prioritarian,0.0,1.45,2.0,0.0,0.0,1.7922390778551258,1.0,1.7922390778551258,"physical_damage_per_capita multiplied by JUSTICE welfare_function.calculate_discount_rate; regional time-discounting visibility, not full welfare aggregation",-31116.502585877628,"scalar from welfare_function.calculate_welfare(physical_damage, welfare_loss=True)"
2099,rsas / Rest of South Asia,Prioritarian,0.0,1.45,2.0,0.0,0.0,1.8512716883758353,1.0,1.8512716883758353,"physical_damage_per_capita multiplied by JUSTICE welfare_function.calculate_discount_rate; regional time-discounting visibility, not full welfare aggregation",-31116.502585877628,"scalar from welfare_function.calculate_welfare(physical_damage, welfare_loss=True)"
2100,rsas / Rest of South Asia,Prioritarian,0.0,1.45,2.0,0.0,0.0,1.9125166141410315,1.0,1.9125166141410315,"physical_damage_per_capita multiplied by JUSTICE welfare_function.calculate_discount_rate; regional time-discounting visibility, not full welfare aggregation",-31116.502585877628,"scalar from welfare_function.calculate_welfare(physical_damage, welfare_loss=True)"
2101,rsas / Rest of South Asia,Prioritarian,0.0,1.45,2.0,0.0,0.0,1.9781379488492985,1.0,1.9781379488492985,"physical_damage_per_capita multiplied by JUSTICE welfare_function.calculate_discount_rate; regional time-discounting visibility, not full welfare aggregation",-31116.502585877628,"scalar from welfare_function.calculate_welfare(physical_damage, welfare_loss=True)"
2102,rsas / Rest of South Asia,Prioritarian,0.0,1.45,2.0,0.0,0.0,2.0482754224730444,1.0,2.0482754224730444,"physical_damage_per_capita multiplied by JUSTICE welfare_function.calculate_discount_rate; regional time-discounting visibility, not full welfare aggregation",-31116.502585877628,"scalar from welfare_function.calculate_welfare(physical_damage, welfare_loss=True)"
2103,rsas / Rest of South Asia,Prioritarian,0.0,1.45,2.0,0.0,0.0,2.1229193253223815,1.0,2.1229193253223815,"physical_damage_per_capita multiplied by JUSTICE welfare_function.calculate_discount_rate; regional time-discounting visibility, not full welfare aggregation",-31116.502585877628,"scalar from welfare_function.calculate_welfare(physical_damage, welfare_loss=True)"
2104,rsas / Rest of South Asia,Prioritarian,0.0,1.45,2.0,0.0,0.0,2.1979831142278803,1.0,2.1979831142278803,"physical_damage_per_capita multiplied by JUSTICE welfare_function.calculate_discount_rate; regional time-discounting visibility, not full welfare aggregation",-31116.502585877628,"scalar from welfare_function.calculate_welfare(physical_damage, welfare_loss=True)"
2105,rsas / Rest of South Asia,Prioritarian,0.0,1.45,2.0,0.0,0.0,2.271639173911757,1.0,2.271639173911757,"physical_damage_per_capita multiplied by JUSTICE welfare_function.calculate_discount_rate; regional time-discounting visibility, not full welfare aggregation",-31116.502585877628,"scalar from welfare_function.calculate_welfare(physical_damage, welfare_loss=True)"
2106,rsas / Rest of South Asia,Prioritarian,0.0,1.45,2.0,0.0,0.0,2.3457145714130805,1.0,2.3457145714130805,"physical_damage_per_capita multiplied by JUSTICE welfare_function.calculate_discount_rate; regional time-discounting visibility, not full welfare aggregation",-31116.502585877628,"scalar from welfare_function.calculate_welfare(physical_damage, welfare_loss=True)"
2107,rsas / Rest of South Asia,Prioritarian,0.0,1.45,2.0,0.0,0.0,2.4184001320389945,1.0,2.4184001320389945,"physical_damage_per_capita multiplied by JUSTICE welfare_function.calculate_discount_rate; regional time-discounting visibility, not full welfare aggregation",-31116.502585877628,"scalar from welfare_function.calculate_welfare(physical_damage, welfare_loss=True)"
2108,rsas / Rest of South Asia,Prioritarian,0.0,1.45,2.0,0.0,0.0,2.4908421095392916,1.0,2.4908421095392916,"physical_damage_per_capita multiplied by JUSTICE welfare_function.calculate_discount_rate; regional time-discounting visibility, not full welfare aggregation",-31116.502585877628,"scalar from welfare_function.calculate_welfare(physical_damage, welfare_loss=True)"
2109,rsas / Rest of South Asia,Prioritarian,0.0,1.45,2.0,0.0,0.0,2.5648217959502806,1.0,2.5648217959502806,"physical_damage_per_capita multiplied by JUSTICE welfare_function.calculate_discount_rate; regional time-discounting visibility, not full welfare aggregation",-31116.502585877628,"scalar from welfare_function.calculate_welfare(physical_damage, welfare_loss=True)"
2110,rsas / Rest of South Asia,Prioritarian,0.0,1.45,2.0,0.0,0.0,2.6412191053688137,1.0,2.6412191053688137,"physical_damage_per_capita multiplied by JUSTICE welfare_function.calculate_discount_rate; regional time-discounting visibility, not full welfare aggregation",-31116.502585877628,"scalar from welfare_function.calculate_welfare(physical_damage, welfare_loss=True)"
2111,rsas / Rest of South Asia,Prioritarian,0.0,1.45,2.0,0.0,0.0,2.721924378432696,1.0,2.721924378432696,"physical_damage_per_capita multiplied by JUSTICE welfare_function.calculate_discount_rate; regional time-discounting visibility, not full welfare aggregation",-31116.502585877628,"scalar from welfare_function.calculate_welfare(physical_damage, welfare_loss=True)"
2112,rsas / Rest of South Asia,Prioritarian,0.0,1.45,2.0,0.0,0.0,2.8073465868650183,1.0,2.8073465868650183,"physical_damage_per_capita multiplied by JUSTICE welfare_function.calculate_discount_rate; regional time-discounting visibility, not full welfare aggregation",-31116.502585877628,"scalar from welfare_function.calculate_welfare(physical_damage, welfare_loss=True)"
2113,rsas / Rest of South Asia,Prioritarian,0.0,1.45,2.0,0.0,0.0,2.8999194381528324,1.0,2.8999194381528324,"physical_damage_per_capita multiplied by JUSTICE welfare_function.calculate_discount_rate; regional time-discounting visibility, not full welfare aggregation",-31116.502585877628,"scalar from welfare_function.calculate_welfare(physical_damage, welfare_loss=True)"
2114,rsas / Rest of South Asia,Prioritarian,0.0,1.45,2.0,0.0,0.0,2.9952510087742157,1.0,2.9952510087742157,"physical_damage_per_capita multiplied by JUSTICE welfare_function.calculate_discount_rate; regional time-discounting visibility, not full welfare aggregation",-31116.502585877628,"scalar from welfare_function.calculate_welfare(physical_damage, welfare_loss=True)"
2115,rsas / Rest of South Asia,Prioritarian,0.0,1.45,2.0,0.0,0.0,3.0883782362997203,1.0,3.0883782362997203,"physical_damage_per_capita multiplied by JUSTICE welfare_function.calculate_discount_rate; regional time-discounting visibility, not full welfare aggregation",-31116.502585877628,"scalar from welfare_function.calculate_welfare(physical_damage, welfare_loss=True)"
2116,rsas / Rest of South Asia,Prioritarian,0.0,1.45,2.0,0.0,0.0,3.1788067755912257,1.0,3.1788067755912257,"physical_damage_per_capita multiplied by JUSTICE welfare_function.calculate_discount_rate; regional time-discounting visibility, not full welfare aggregation",-31116.502585877628,"scalar from welfare_function.calculate_welfare(physical_damage, welfare_loss=True)"
2117,rsas / Rest of South Asia,Prioritarian,0.0,1.45,2.0,0.0,0.0,3.267396097925936,1.0,3.267396097925936,"physical_damage_per_capita multiplied by JUSTICE welfare_function.calculate_discount_rate; regional time-discounting visibility, not full welfare aggregation",-31116.502585877628,"scalar from welfare_function.calculate_welfare(physical_damage, welfare_loss=True)"
2118,rsas / Rest of South Asia,Prioritarian,0.0,1.45,2.0,0.0,0.0,3.356243720072653,1.0,3.356243720072653,"physical_damage_per_capita multiplied by JUSTICE welfare_function.calculate_discount_rate; regional time-discounting visibility, not full welfare aggregation",-31116.502585877628,"scalar from welfare_function.calculate_welfare(physical_damage, welfare_loss=True)"
2119,rsas / Rest of South Asia,Prioritarian,0.0,1.45,2.0,0.0,0.0,3.445394668898884,1.0,3.445394668898884,"physical_damage_per_capita multiplied by JUSTICE welfare_function.calculate_discount_rate; regional time-discounting visibility, not full welfare aggregation",-31116.502585877628,"scalar from welfare_function.calculate_welfare(physical_damage, welfare_loss=True)"
2120,rsas / Rest of South Asia,Prioritarian,0.0,1.45,2.0,0.0,0.0,3.536861339228583,1.0,3.536861339228583,"physical_damage_per_capita multiplied by JUSTICE welfare_function.calculate_discount_rate; regional time-discounting visibility, not full welfare aggregation",-31116.502585877628,"scalar from welfare_function.calculate_welfare(physical_damage, welfare_loss=True)"
2121,rsas / Rest of South Asia,Prioritarian,0.0,1.45,2.0,0.0,0.0,3.6316301814887,1.0,3.6316301814887,"physical_damage_per_capita multiplied by JUSTICE welfare_function.calculate_discount_rate; regional time-discounting visibility, not full welfare aggregation",-31116.502585877628,"scalar from welfare_function.calculate_welfare(physical_damage, welfare_loss=True)"
2122,rsas / Rest of South Asia,Prioritarian,0.0,1.45,2.0,0.0,0.0,3.732062640038998,1.0,3.732062640038998,"physical_damage_per_capita multiplied by JUSTICE welfare_function.calculate_discount_rate; regional time-discounting visibility, not full welfare aggregation",-31116.502585877628,"scalar from welfare_function.calculate_welfare(physical_damage, welfare_loss=True)"
2123,rsas / Rest of South Asia,Prioritarian,0.0,1.45,2.0,0.0,0.0,3.840215467145176,1.0,3.840215467145176,"physical_damage_per_capita multiplied by JUSTICE welfare_function.calculate_discount_rate; regional time-discounting visibility, not full welfare aggregation",-31116.502585877628,"scalar from welfare_function.calculate_welfare(physical_damage, welfare_loss=True)"
2124,rsas / Rest of South Asia,Prioritarian,0.0,1.45,2.0,0.0,0.0,3.9550731859385997,1.0,3.9550731859385997,"physical_damage_per_capita multiplied by JUSTICE welfare_function.calculate_discount_rate; regional time-discounting visibility, not full welfare aggregation",-31116.502585877628,"scalar from welfare_function.calculate_welfare(physical_damage, welfare_loss=True)"
2125,rsas / Rest of South Asia,Prioritarian,0.0,1.45,2.0,0.0,0.0,4.067761697019609,1.0,4.067761697019609,"physical_damage_per_capita multiplied by JUSTICE welfare_function.calculate_discount_rate; regional time-discounting visibility, not full welfare aggregation",-31116.502585877628,"scalar from welfare_function.calculate_welfare(physical_damage, welfare_loss=True)"
2126,rsas / Rest of South Asia,Prioritarian,0.0,1.45,2.0,0.0,0.0,4.175825576646426,1.0,4.175825576646426,"physical_damage_per_capita multiplied by JUSTICE welfare_function.calculate_discount_rate; regional time-discounting visibility, not full welfare aggregation",-31116.502585877628,"scalar from welfare_function.calculate_welfare(physical_damage, welfare_loss=True)"
2127,rsas / Rest of South Asia,Prioritarian,0.0,1.45,2.0,0.0,0.0,4.281704305688416,1.0,4.281704305688416,"physical_damage_per_capita multiplied by JUSTICE welfare_function.calculate_discount_rate; regional time-discounting visibility, not full welfare aggregation",-31116.502585877628,"scalar from welfare_function.calculate_welfare(physical_damage, welfare_loss=True)"
2128,rsas / Rest of South Asia,Prioritarian,0.0,1.45,2.0,0.0,0.0,4.383376685106833,1.0,4.383376685106833,"physical_damage_per_capita multiplied by JUSTICE welfare_function.calculate_discount_rate; regional time-discounting visibility, not full welfare aggregation",-31116.502585877628,"scalar from welfare_function.calculate_welfare(physical_damage, welfare_loss=True)"
2129,rsas / Rest of South Asia,Prioritarian,0.0,1.45,2.0,0.0,0.0,4.485479172395598,1.0,4.485479172395598,"physical_damage_per_capita multiplied by JUSTICE welfare_function.calculate_discount_rate; regional time-discounting visibility, not full welfare aggregation",-31116.502585877628,"scalar from welfare_function.calculate_welfare(physical_damage, welfare_loss=True)"
2130,rsas / Rest of South Asia,Prioritarian,0.0,1.45,2.0,0.0,0.0,4.590485413084698,1.0,4.590485413084698,"physical_damage_per_capita multiplied by JUSTICE welfare_function.calculate_discount_rate; regional time-discounting visibility, not full welfare aggregation",-31116.502585877628,"scalar from welfare_function.calculate_welfare(physical_damage, welfare_loss=True)"
2131,rsas / Rest of South Asia,Prioritarian,0.0,1.45,2.0,0.0,0.0,4.698523991852152,1.0,4.698523991852152,"physical_damage_per_capita multiplied by JUSTICE welfare_function.calculate_discount_rate; regional time-discounting visibility, not full welfare aggregation",-31116.502585877628,"scalar from welfare_function.calculate_welfare(physical_damage, welfare_loss=True)"
2132,rsas / Rest of South Asia,Prioritarian,0.0,1.45,2.0,0.0,0.0,4.813660088469766,1.0,4.813660088469766,"physical_damage_per_capita multiplied by JUSTICE welfare_function.calculate_discount_rate; regional time-discounting visibility, not full welfare aggregation",-31116.502585877628,"scalar from welfare_function.calculate_welfare(physical_damage, welfare_loss=True)"
2133,rsas / Rest of South Asia,Prioritarian,0.0,1.45,2.0,0.0,0.0,4.940907242336901,1.0,4.940907242336901,"physical_damage_per_capita multiplied by JUSTICE welfare_function.calculate_discount_rate; regional time-discounting visibility, not full welfare aggregation",-31116.502585877628,"scalar from welfare_function.calculate_welfare(physical_damage, welfare_loss=True)"
2134,rsas / Rest of South Asia,Prioritarian,0.0,1.45,2.0,0.0,0.0,5.073639948060774,1.0,5.073639948060774,"physical_damage_per_capita multiplied by JUSTICE welfare_function.calculate_discount_rate; regional time-discounting visibility, not full welfare aggregation",-31116.502585877628,"scalar from welfare_function.calculate_welfare(physical_damage, welfare_loss=True)"
2135,rsas / Rest of South Asia,Prioritarian,0.0,1.45,2.0,0.0,0.0,5.203256644533831,1.0,5.203256644533831,"physical_damage_per_capita multiplied by JUSTICE welfare_function.calculate_discount_rate; regional time-discounting visibility, not full welfare aggregation",-31116.502585877628,"scalar from welfare_function.calculate_welfare(physical_damage, welfare_loss=True)"
2136,rsas / Rest of South Asia,Prioritarian,0.0,1.45,2.0,0.0,0.0,5.3263887106103125,1.0,5.3263887106103125,"physical_damage_per_capita multiplied by JUSTICE welfare_function.calculate_discount_rate; regional time-discounting visibility, not full welfare aggregation",-31116.502585877628,"scalar from welfare_function.calculate_welfare(physical_damage, welfare_loss=True)"
2137,rsas / Rest of South Asia,Prioritarian,0.0,1.45,2.0,0.0,0.0,5.442288655271417,1.0,5.442288655271417,"physical_damage_per_capita multiplied by JUSTICE welfare_function.calculate_discount_rate; regional time-discounting visibility, not full welfare aggregation",-31116.502585877628,"scalar from welfare_function.calculate_welfare(physical_damage, welfare_loss=True)"
2138,rsas / Rest of South Asia,Prioritarian,0.0,1.45,2.0,0.0,0.0,5.552793848208095,1.0,5.552793848208095,"physical_damage_per_capita multiplied by JUSTICE welfare_function.calculate_discount_rate; regional time-discounting visibility, not full welfare aggregation",-31116.502585877628,"scalar from welfare_function.calculate_welfare(physical_damage, welfare_loss=True)"
2139,rsas / Rest of South Asia,Prioritarian,0.0,1.45,2.0,0.0,0.0,5.6638449947542595,1.0,5.6638449947542595,"physical_damage_per_capita multiplied by JUSTICE welfare_function.calculate_discount_rate; regional time-discounting visibility, not full welfare aggregation",-31116.502585877628,"scalar from welfare_function.calculate_welfare(physical_damage, welfare_loss=True)"
2140,rsas / Rest of South Asia,Prioritarian,0.0,1.45,2.0,0.0,0.0,5.779331964093737,1.0,5.779331964093737,"physical_damage_per_capita multiplied by JUSTICE welfare_function.calculate_discount_rate; regional time-discounting visibility, not full welfare aggregation",-31116.502585877628,"scalar from welfare_function.calculate_welfare(physical_damage, welfare_loss=True)"
2141,rsas / Rest of South Asia,Prioritarian,0.0,1.45,2.0,0.0,0.0,5.8955810746702495,1.0,5.8955810746702495,"physical_damage_per_capita multiplied by JUSTICE welfare_function.calculate_discount_rate; regional time-discounting visibility, not full welfare aggregation",-31116.502585877628,"scalar from welfare_function.calculate_welfare(physical_damage, welfare_loss=True)"
2142,rsas / Rest of South Asia,Prioritarian,0.0,1.45,2.0,0.0,0.0,6.01586111847023,1.0,6.01586111847023,"physical_damage_per_capita multiplied by JUSTICE welfare_function.calculate_discount_rate; regional time-discounting visibility, not full welfare aggregation",-31116.502585877628,"scalar from welfare_function.calculate_welfare(physical_damage, welfare_loss=True)"
2143,rsas / Rest of South Asia,Prioritarian,0.0,1.45,2.0,0.0,0.0,6.143249475959337,1.0,6.143249475959337,"physical_damage_per_capita multiplied by JUSTICE welfare_function.calculate_discount_rate; regional time-discounting visibility, not full welfare aggregation",-31116.502585877628,"scalar from welfare_function.calculate_welfare(physical_damage, welfare_loss=True)"
2144,rsas / Rest of South Asia,Prioritarian,0.0,1.45,2.0,0.0,0.0,6.278359825366239,1.0,6.278359825366239,"physical_damage_per_capita multiplied by JUSTICE welfare_function.calculate_discount_rate; regional time-discounting visibility, not full welfare aggregation",-31116.502585877628,"scalar from welfare_function.calculate_welfare(physical_damage, welfare_loss=True)"
2145,rsas / Rest of South Asia,Prioritarian,0.0,1.45,2.0,0.0,0.0,6.4148435424225205,1.0,6.4148435424225205,"physical_damage_per_capita multiplied by JUSTICE welfare_function.calculate_discount_rate; regional time-discounting visibility, not full welfare aggregation",-31116.502585877628,"scalar from welfare_function.calculate_welfare(physical_damage, welfare_loss=True)"
2146,rsas / Rest of South Asia,Prioritarian,0.0,1.45,2.0,0.0,0.0,6.545934943586451,1.0,6.545934943586451,"physical_damage_per_capita multiplied by JUSTICE welfare_function.calculate_discount_rate; regional time-discounting visibility, not full welfare aggregation",-31116.502585877628,"scalar from welfare_function.calculate_welfare(physical_damage, welfare_loss=True)"
2147,rsas / Rest of South Asia,Prioritarian,0.0,1.45,2.0,0.0,0.0,6.6755819185051175,1.0,6.6755819185051175,"physical_damage_per_capita multiplied by JUSTICE welfare_function.calculate_discount_rate; regional time-discounting visibility, not full welfare aggregation",-31116.502585877628,"scalar from welfare_function.calculate_welfare(physical_damage, welfare_loss=True)"
2148,rsas / Rest of South Asia,Prioritarian,0.0,1.45,2.0,0.0,0.0,6.800730340822896,1.0,6.800730340822896,"physical_damage_per_capita multiplied by JUSTICE welfare_function.calculate_discount_rate; regional time-discounting visibility, not full welfare aggregation",-31116.502585877628,"scalar from welfare_function.calculate_welfare(physical_damage, welfare_loss=True)"
2149,rsas / Rest of South Asia,Prioritarian,0.0,1.45,2.0,0.0,0.0,6.924310216098846,1.0,6.924310216098846,"physical_damage_per_capita multiplied by JUSTICE welfare_function.calculate_discount_rate; regional time-discounting visibility, not full welfare aggregation",-31116.502585877628,"scalar from welfare_function.calculate_welfare(physical_damage, welfare_loss=True)"
2150,rsas / Rest of South Asia,Prioritarian,0.0,1.45,2.0,0.0,0.0,7.048888940402946,1.0,7.048888940402946,"physical_damage_per_capita multiplied by JUSTICE welfare_function.calculate_discount_rate; regional time-discounting visibility, not full welfare aggregation",-31116.502585877628,"scalar from welfare_function.calculate_welfare(physical_damage, welfare_loss=True)"
2151,rsas / Rest of South Asia,Prioritarian,0.0,1.45,2.0,0.0,0.0,7.168798158036077,1.0,7.168798158036077,"physical_damage_per_capita multiplied by JUSTICE welfare_function.calculate_discount_rate; regional time-discounting visibility, not full welfare aggregation",-31116.502585877628,"scalar from welfare_function.calculate_welfare(physical_damage, welfare_loss=True)"
2152,rsas / Rest of South Asia,Prioritarian,0.0,1.45,2.0,0.0,0.0,7.290538116742778,1.0,7.290538116742778,"physical_damage_per_capita multiplied by JUSTICE welfare_function.calculate_discount_rate; regional time-discounting visibility, not full welfare aggregation",-31116.502585877628,"scalar from welfare_function.calculate_welfare(physical_damage, welfare_loss=True)"
2153,rsas / Rest of South Asia,Prioritarian,0.0,1.45,2.0,0.0,0.0,7.4150014645574505,1.0,7.4150014645574505,"physical_damage_per_capita multiplied by JUSTICE welfare_function.calculate_discount_rate; regional time-discounting visibility, not full welfare aggregation",-31116.502585877628,"scalar from welfare_function.calculate_welfare(physical_damage, welfare_loss=True)"
2154,rsas / Rest of South Asia,Prioritarian,0.0,1.45,2.0,0.0,0.0,7.545613883189167,1.0,7.545613883189167,"physical_damage_per_capita multiplied by JUSTICE welfare_function.calculate_discount_rate; regional time-discounting visibility, not full welfare aggregation",-31116.502585877628,"scalar from welfare_function.calculate_welfare(physical_damage, welfare_loss=True)"
2155,rsas / Rest of South Asia,Prioritarian,0.0,1.45,2.0,0.0,0.0,7.687313049734567,1.0,7.687313049734567,"physical_damage_per_capita multiplied by JUSTICE welfare_function.calculate_discount_rate; regional time-discounting visibility, not full welfare aggregation",-31116.502585877628,"scalar from welfare_function.calculate_welfare(physical_damage, welfare_loss=True)"
2156,rsas / Rest of South Asia,Prioritarian,0.0,1.45,2.0,0.0,0.0,7.831604360890671,1.0,7.831604360890671,"physical_damage_per_capita multiplied by JUSTICE welfare_function.calculate_discount_rate; regional time-discounting visibility, not full welfare aggregation",-31116.502585877628,"scalar from welfare_function.calculate_welfare(physical_damage, welfare_loss=True)"
2157,rsas / Rest of South Asia,Prioritarian,0.0,1.45,2.0,0.0,0.0,7.972467947588786,1.0,7.972467947588786,"physical_damage_per_capita multiplied by JUSTICE welfare_function.calculate_discount_rate; regional time-discounting visibility, not full welfare aggregation",-31116.502585877628,"scalar from welfare_function.calculate_welfare(physical_damage, welfare_loss=True)"
2158,rsas / Rest of South Asia,Prioritarian,0.0,1.45,2.0,0.0,0.0,8.104940413290736,1.0,8.104940413290736,"physical_damage_per_capita multiplied by JUSTICE welfare_function.calculate_discount_rate; regional time-discounting visibility, not full welfare aggregation",-31116.502585877628,"scalar from welfare_function.calculate_welfare(physical_damage, welfare_loss=True)"
2159,rsas / Rest of South Asia,Prioritarian,0.0,1.45,2.0,0.0,0.0,8.23038975783744,1.0,8.23038975783744,"physical_damage_per_capita multiplied by JUSTICE welfare_function.calculate_discount_rate; regional time-discounting visibility, not full welfare aggregation",-31116.502585877628,"scalar from welfare_function.calculate_welfare(physical_damage, welfare_loss=True)"
2160,rsas / Rest of South Asia,Prioritarian,0.0,1.45,2.0,0.0,0.0,8.348518828508178,1.0,8.348518828508178,"physical_damage_per_capita multiplied by JUSTICE welfare_function.calculate_discount_rate; regional time-discounting visibility, not full welfare aggregation",-31116.502585877628,"scalar from welfare_function.calculate_welfare(physical_damage, welfare_loss=True)"
2161,rsas / Rest of South Asia,Prioritarian,0.0,1.45,2.0,0.0,0.0,8.455522436133982,1.0,8.455522436133982,"physical_damage_per_capita multiplied by JUSTICE welfare_function.calculate_discount_rate; regional time-discounting visibility, not full welfare aggregation",-31116.502585877628,"scalar from welfare_function.calculate_welfare(physical_damage, welfare_loss=True)"
2162,rsas / Rest of South Asia,Prioritarian,0.0,1.45,2.0,0.0,0.0,8.56305333908804,1.0,8.56305333908804,"physical_damage_per_capita multiplied by JUSTICE welfare_function.calculate_discount_rate; regional time-discounting visibility, not full welfare aggregation",-31116.502585877628,"scalar from welfare_function.calculate_welfare(physical_damage, welfare_loss=True)"
2163,rsas / Rest of South Asia,Prioritarian,0.0,1.45,2.0,0.0,0.0,8.675465659934002,1.0,8.675465659934002,"physical_damage_per_capita multiplied by JUSTICE welfare_function.calculate_discount_rate; regional time-discounting visibility, not full welfare aggregation",-31116.502585877628,"scalar from welfare_function.calculate_welfare(physical_damage, welfare_loss=True)"
2164,rsas / Rest of South Asia,Prioritarian,0.0,1.45,2.0,0.0,0.0,8.796855533808849,1.0,8.796855533808849,"physical_damage_per_capita multiplied by JUSTICE welfare_function.calculate_discount_rate; regional time-discounting visibility, not full welfare aggregation",-31116.502585877628,"scalar from welfare_function.calculate_welfare(physical_damage, welfare_loss=True)"
2165,rsas / Rest of South Asia,Prioritarian,0.0,1.45,2.0,0.0,0.0,8.931117674581396,1.0,8.931117674581396,"physical_damage_per_capita multiplied by JUSTICE welfare_function.calculate_discount_rate; regional time-discounting visibility, not full welfare aggregation",-31116.502585877628,"scalar from welfare_function.calculate_welfare(physical_damage, welfare_loss=True)"
2166,rsas / Rest of South Asia,Prioritarian,0.0,1.45,2.0,0.0,0.0,9.06847656303386,1.0,9.06847656303386,"physical_damage_per_capita multiplied by JUSTICE welfare_function.calculate_discount_rate; regional time-discounting visibility, not full welfare aggregation",-31116.502585877628,"scalar from welfare_function.calculate_welfare(physical_damage, welfare_loss=True)"
2167,rsas / Rest of South Asia,Prioritarian,0.0,1.45,2.0,0.0,0.0,9.199875527448041,1.0,9.199875527448041,"physical_damage_per_capita multiplied by JUSTICE welfare_function.calculate_discount_rate; regional time-discounting visibility, not full welfare aggregation",-31116.502585877628,"scalar from welfare_function.calculate_welfare(physical_damage, welfare_loss=True)"
2168,rsas / Rest of South Asia,Prioritarian,0.0,1.45,2.0,0.0,0.0,9.320927334537943,1.0,9.320927334537943,"physical_damage_per_capita multiplied by JUSTICE welfare_function.calculate_discount_rate; regional time-discounting visibility, not full welfare aggregation",-31116.502585877628,"scalar from welfare_function.calculate_welfare(physical_damage, welfare_loss=True)"
2169,rsas / Rest of South Asia,Prioritarian,0.0,1.45,2.0,0.0,0.0,9.431769196145808,1.0,9.431769196145808,"physical_damage_per_capita multiplied by JUSTICE welfare_function.calculate_discount_rate; regional time-discounting visibility, not full welfare aggregation",-31116.502585877628,"scalar from welfare_function.calculate_welfare(physical_damage, welfare_loss=True)"
2170,rsas / Rest of South Asia,Prioritarian,0.0,1.45,2.0,0.0,0.0,9.530342991560493,1.0,9.530342991560493,"physical_damage_per_capita multiplied by JUSTICE welfare_function.calculate_discount_rate; regional time-discounting visibility, not full welfare aggregation",-31116.502585877628,"scalar from welfare_function.calculate_welfare(physical_damage, welfare_loss=True)"
2171,rsas / Rest of South Asia,Prioritarian,0.0,1.45,2.0,0.0,0.0,9.617734291898339,1.0,9.617734291898339,"physical_damage_per_capita multiplied by JUSTICE welfare_function.calculate_discount_rate; regional time-discounting visibility, not full welfare aggregation",-31116.502585877628,"scalar from welfare_function.calculate_welfare(physical_damage, welfare_loss=True)"
2172,rsas / Rest of South Asia,Prioritarian,0.0,1.45,2.0,0.0,0.0,9.70716832978453,1.0,9.70716832978453,"physical_damage_per_capita multiplied by JUSTICE welfare_function.calculate_discount_rate; regional time-discounting visibility, not full welfare aggregation",-31116.502585877628,"scalar from welfare_function.calculate_welfare(physical_damage, welfare_loss=True)"
2173,rsas / Rest of South Asia,Prioritarian,0.0,1.45,2.0,0.0,0.0,9.80056146229987,1.0,9.80056146229987,"physical_damage_per_capita multiplied by JUSTICE welfare_function.calculate_discount_rate; regional time-discounting visibility, not full welfare aggregation",-31116.502585877628,"scalar from welfare_function.calculate_welfare(physical_damage, welfare_loss=True)"
2174,rsas / Rest of South Asia,Prioritarian,0.0,1.45,2.0,0.0,0.0,9.900393859711844,1.0,9.900393859711844,"physical_damage_per_capita multiplied by JUSTICE welfare_function.calculate_discount_rate; regional time-discounting visibility, not full welfare aggregation",-31116.502585877628,"scalar from welfare_function.calculate_welfare(physical_damage, welfare_loss=True)"
2175,rsas / Rest of South Asia,Prioritarian,0.0,1.45,2.0,0.0,0.0,10.011784563673858,1.0,10.011784563673858,"physical_damage_per_capita multiplied by JUSTICE welfare_function.calculate_discount_rate; regional time-discounting visibility, not full welfare aggregation",-31116.502585877628,"scalar from welfare_function.calculate_welfare(physical_damage, welfare_loss=True)"
2176,rsas / Rest of South Asia,Prioritarian,0.0,1.45,2.0,0.0,0.0,10.12119498951337,1.0,10.12119498951337,"physical_damage_per_capita multiplied by JUSTICE welfare_function.calculate_discount_rate; regional time-discounting visibility, not full welfare aggregation",-31116.502585877628,"scalar from welfare_function.calculate_welfare(physical_damage, welfare_loss=True)"
2177,rsas / Rest of South Asia,Prioritarian,0.0,1.45,2.0,0.0,0.0,10.230090415266156,1.0,10.230090415266156,"physical_damage_per_capita multiplied by JUSTICE welfare_function.calculate_discount_rate; regional time-discounting visibility, not full welfare aggregation",-31116.502585877628,"scalar from welfare_function.calculate_welfare(physical_damage, welfare_loss=True)"
2178,rsas / Rest of South Asia,Prioritarian,0.0,1.45,2.0,0.0,0.0,10.334050976518439,1.0,10.334050976518439,"physical_damage_per_capita multiplied by JUSTICE welfare_function.calculate_discount_rate; regional time-discounting visibility, not full welfare aggregation",-31116.502585877628,"scalar from welfare_function.calculate_welfare(physical_damage, welfare_loss=True)"
2179,rsas / Rest of South Asia,Prioritarian,0.0,1.45,2.0,0.0,0.0,10.4271590531112,1.0,10.4271590531112,"physical_damage_per_capita multiplied by JUSTICE welfare_function.calculate_discount_rate; regional time-discounting visibility, not full welfare aggregation",-31116.502585877628,"scalar from welfare_function.calculate_welfare(physical_damage, welfare_loss=True)"
2180,rsas / Rest of South Asia,Prioritarian,0.0,1.45,2.0,0.0,0.0,10.508354266222767,1.0,10.508354266222767,"physical_damage_per_capita multiplied by JUSTICE welfare_function.calculate_discount_rate; regional time-discounting visibility, not full welfare aggregation",-31116.502585877628,"scalar from welfare_function.calculate_welfare(physical_damage, welfare_loss=True)"
2181,rsas / Rest of South Asia,Prioritarian,0.0,1.45,2.0,0.0,0.0,10.573337253566956,1.0,10.573337253566956,"physical_damage_per_capita multiplied by JUSTICE welfare_function.calculate_discount_rate; regional time-discounting visibility, not full welfare aggregation",-31116.502585877628,"scalar from welfare_function.calculate_welfare(physical_damage, welfare_loss=True)"
2182,rsas / Rest of South Asia,Prioritarian,0.0,1.45,2.0,0.0,0.0,10.636998782943593,1.0,10.636998782943593,"physical_damage_per_capita multiplied by JUSTICE welfare_function.calculate_discount_rate; regional time-discounting visibility, not full welfare aggregation",-31116.502585877628,"scalar from welfare_function.calculate_welfare(physical_damage, welfare_loss=True)"
2183,rsas / Rest of South Asia,Prioritarian,0.0,1.45,2.0,0.0,0.0,10.700438288531501,1.0,10.700438288531501,"physical_damage_per_capita multiplied by JUSTICE welfare_function.calculate_discount_rate; regional time-discounting visibility, not full welfare aggregation",-31116.502585877628,"scalar from welfare_function.calculate_welfare(physical_damage, welfare_loss=True)"
2184,rsas / Rest of South Asia,Prioritarian,0.0,1.45,2.0,0.0,0.0,10.764809311503331,1.0,10.764809311503331,"physical_damage_per_capita multiplied by JUSTICE welfare_function.calculate_discount_rate; regional time-discounting visibility, not full welfare aggregation",-31116.502585877628,"scalar from welfare_function.calculate_welfare(physical_damage, welfare_loss=True)"
2185,rsas / Rest of South Asia,Prioritarian,0.0,1.45,2.0,0.0,0.0,10.83048351734444,1.0,10.83048351734444,"physical_damage_per_capita multiplied by JUSTICE welfare_function.calculate_discount_rate; regional time-discounting visibility, not full welfare aggregation",-31116.502585877628,"scalar from welfare_function.calculate_welfare(physical_damage, welfare_loss=True)"
2186,rsas / Rest of South Asia,Prioritarian,0.0,1.45,2.0,0.0,0.0,10.888045029290694,1.0,10.888045029290694,"physical_damage_per_capita multiplied by JUSTICE welfare_function.calculate_discount_rate; regional time-discounting visibility, not full welfare aggregation",-31116.502585877628,"scalar from welfare_function.calculate_welfare(physical_damage, welfare_loss=True)"
2187,rsas / Rest of South Asia,Prioritarian,0.0,1.45,2.0,0.0,0.0,10.95104895050039,1.0,10.95104895050039,"physical_damage_per_capita multiplied by JUSTICE welfare_function.calculate_discount_rate; regional time-discounting visibility, not full welfare aggregation",-31116.502585877628,"scalar from welfare_function.calculate_welfare(physical_damage, welfare_loss=True)"
2188,rsas / Rest of South Asia,Prioritarian,0.0,1.45,2.0,0.0,0.0,11.024265700635913,1.0,11.024265700635913,"physical_damage_per_capita multiplied by JUSTICE welfare_function.calculate_discount_rate; regional time-discounting visibility, not full welfare aggregation",-31116.502585877628,"scalar from welfare_function.calculate_welfare(physical_damage, welfare_loss=True)"
2189,rsas / Rest of South Asia,Prioritarian,0.0,1.45,2.0,0.0,0.0,11.099927467171124,1.0,11.099927467171124,"physical_damage_per_capita multiplied by JUSTICE welfare_function.calculate_discount_rate; regional time-discounting visibility, not full welfare aggregation",-31116.502585877628,"scalar from welfare_function.calculate_welfare(physical_damage, welfare_loss=True)"
2190,rsas / Rest of South Asia,Prioritarian,0.0,1.45,2.0,0.0,0.0,11.169818798207347,1.0,11.169818798207347,"physical_damage_per_capita multiplied by JUSTICE welfare_function.calculate_discount_rate; regional time-discounting visibility, not full welfare aggregation",-31116.502585877628,"scalar from welfare_function.calculate_welfare(physical_damage, welfare_loss=True)"
2191,rsas / Rest of South Asia,Prioritarian,0.0,1.45,2.0,0.0,0.0,11.225244894672223,1.0,11.225244894672223,"physical_damage_per_capita multiplied by JUSTICE welfare_function.calculate_discount_rate; regional time-discounting visibility, not full welfare aggregation",-31116.502585877628,"scalar from welfare_function.calculate_welfare(physical_damage, welfare_loss=True)"
2192,rsas / Rest of South Asia,Prioritarian,0.0,1.45,2.0,0.0,0.0,11.270246072613665,1.0,11.270246072613665,"physical_damage_per_capita multiplied by JUSTICE welfare_function.calculate_discount_rate; regional time-discounting visibility, not full welfare aggregation",-31116.502585877628,"scalar from welfare_function.calculate_welfare(physical_damage, welfare_loss=True)"
2193,rsas / Rest of South Asia,Prioritarian,0.0,1.45,2.0,0.0,0.0,11.301956579979553,1.0,11.301956579979553,"physical_damage_per_capita multiplied by JUSTICE welfare_function.calculate_discount_rate; regional time-discounting visibility, not full welfare aggregation",-31116.502585877628,"scalar from welfare_function.calculate_welfare(physical_damage, welfare_loss=True)"
2194,rsas / Rest of South Asia,Prioritarian,0.0,1.45,2.0,0.0,0.0,11.32926152254778,1.0,11.32926152254778,"physical_damage_per_capita multiplied by JUSTICE welfare_function.calculate_discount_rate; regional time-discounting visibility, not full welfare aggregation",-31116.502585877628,"scalar from welfare_function.calculate_welfare(physical_damage, welfare_loss=True)"
2195,rsas / Rest of South Asia,Prioritarian,0.0,1.45,2.0,0.0,0.0,11.358256950692699,1.0,11.358256950692699,"physical_damage_per_capita multiplied by JUSTICE welfare_function.calculate_discount_rate; regional time-discounting visibility, not full welfare aggregation",-31116.502585877628,"scalar from welfare_function.calculate_welfare(physical_damage, welfare_loss=True)"
2196,rsas / Rest of South Asia,Prioritarian,0.0,1.45,2.0,0.0,0.0,11.378175737312008,1.0,11.378175737312008,"physical_damage_per_capita multiplied by JUSTICE welfare_function.calculate_discount_rate; regional time-discounting visibility, not full welfare aggregation",-31116.502585877628,"scalar from welfare_function.calculate_welfare(physical_damage, welfare_loss=True)"
2197,rsas / Rest of South Asia,Prioritarian,0.0,1.45,2.0,0.0,0.0,11.401796949171455,1.0,11.401796949171455,"physical_damage_per_capita multiplied by JUSTICE welfare_function.calculate_discount_rate; regional time-discounting visibility, not full welfare aggregation",-31116.502585877628,"scalar from welfare_function.calculate_welfare(physical_damage, welfare_loss=True)"
2198,rsas / Rest of South Asia,Prioritarian,0.0,1.45,2.0,0.0,0.0,11.435120306104523,1.0,11.435120306104523,"physical_damage_per_capita multiplied by JUSTICE welfare_function.calculate_discount_rate; regional time-discounting visibility, not full welfare aggregation",-31116.502585877628,"scalar from welfare_function.calculate_welfare(physical_damage, welfare_loss=True)"
2199,rsas / Rest of South Asia,Prioritarian,0.0,1.45,2.0,0.0,0.0,11.479029102891023,1.0,11.479029102891023,"physical_damage_per_capita multiplied by JUSTICE welfare_function.calculate_discount_rate; regional time-discounting visibility, not full welfare aggregation",-31116.502585877628,"scalar from welfare_function.calculate_welfare(physical_damage, welfare_loss=True)"
2200,rsas / Rest of South Asia,Prioritarian,0.0,1.45,2.0,0.0,0.0,11.524292179467333,1.0,11.524292179467333,"physical_damage_per_capita multiplied by JUSTICE welfare_function.calculate_discount_rate; regional time-discounting visibility, not full welfare aggregation",-31116.502585877628,"scalar from welfare_function.calculate_welfare(physical_damage, welfare_loss=True)"
2201,rsas / Rest of South Asia,Prioritarian,0.0,1.45,2.0,0.0,0.0,11.56341546286027,1.0,11.56341546286027,"physical_damage_per_capita multiplied by JUSTICE welfare_function.calculate_discount_rate; regional time-discounting visibility, not full welfare aggregation",-31116.502585877628,"scalar from welfare_function.calculate_welfare(physical_damage, welfare_loss=True)"
2202,rsas / Rest of South Asia,Prioritarian,0.0,1.45,2.0,0.0,0.0,11.588241108851495,1.0,11.588241108851495,"physical_damage_per_capita multiplied by JUSTICE welfare_function.calculate_discount_rate; regional time-discounting visibility, not full welfare aggregation",-31116.502585877628,"scalar from welfare_function.calculate_welfare(physical_damage, welfare_loss=True)"
2203,rsas / Rest of South Asia,Prioritarian,0.0,1.45,2.0,0.0,0.0,11.601026103200642,1.0,11.601026103200642,"physical_damage_per_capita multiplied by JUSTICE welfare_function.calculate_discount_rate; regional time-discounting visibility, not full welfare aggregation",-31116.502585877628,"scalar from welfare_function.calculate_welfare(physical_damage, welfare_loss=True)"
2204,rsas / Rest of South Asia,Prioritarian,0.0,1.45,2.0,0.0,0.0,11.608828300040226,1.0,11.608828300040226,"physical_damage_per_capita multiplied by JUSTICE welfare_function.calculate_discount_rate; regional time-discounting visibility, not full welfare aggregation",-31116.502585877628,"scalar from welfare_function.calculate_welfare(physical_damage, welfare_loss=True)"
2205,rsas / Rest of South Asia,Prioritarian,0.0,1.45,2.0,0.0,0.0,11.618469342236367,1.0,11.618469342236367,"physical_damage_per_capita multiplied by JUSTICE welfare_function.calculate_discount_rate; regional time-discounting visibility, not full welfare aggregation",-31116.502585877628,"scalar from welfare_function.calculate_welfare(physical_damage, welfare_loss=True)"
2206,rsas / Rest of South Asia,Prioritarian,0.0,1.45,2.0,0.0,0.0,11.629909186401257,1.0,11.629909186401257,"physical_damage_per_capita multiplied by JUSTICE welfare_function.calculate_discount_rate; regional time-discounting visibility, not full welfare aggregation",-31116.502585877628,"scalar from welfare_function.calculate_welfare(physical_damage, welfare_loss=True)"
2207,rsas / Rest of South Asia,Prioritarian,0.0,1.45,2.0,0.0,0.0,11.640894449757992,1.0,11.640894449757992,"physical_damage_per_capita multiplied by JUSTICE welfare_function.calculate_discount_rate; regional time-discounting visibility, not full welfare aggregation",-31116.502585877628,"scalar from welfare_function.calculate_welfare(physical_damage, welfare_loss=True)"
2208,rsas / Rest of South Asia,Prioritarian,0.0,1.45,2.0,0.0,0.0,11.653151193708371,1.0,11.653151193708371,"physical_damage_per_capita multiplied by JUSTICE welfare_function.calculate_discount_rate; regional time-discounting visibility, not full welfare aggregation",-31116.502585877628,"scalar from welfare_function.calculate_welfare(physical_damage, welfare_loss=True)"
2209,rsas / Rest of South Asia,Prioritarian,0.0,1.45,2.0,0.0,0.0,11.66857891678203,1.0,11.66857891678203,"physical_damage_per_capita multiplied by JUSTICE welfare_function.calculate_discount_rate; regional time-discounting visibility, not full welfare aggregation",-31116.502585877628,"scalar from welfare_function.calculate_welfare(physical_damage, welfare_loss=True)"
2210,rsas / Rest of South Asia,Prioritarian,0.0,1.45,2.0,0.0,0.0,11.691864556181732,1.0,11.691864556181732,"physical_damage_per_capita multiplied by JUSTICE welfare_function.calculate_discount_rate; regional time-discounting visibility, not full welfare aggregation",-31116.502585877628,"scalar from welfare_function.calculate_welfare(physical_damage, welfare_loss=True)"
2211,rsas / Rest of South Asia,Prioritarian,0.0,1.45,2.0,0.0,0.0,11.724262818527937,1.0,11.724262818527937,"physical_damage_per_capita multiplied by JUSTICE welfare_function.calculate_discount_rate; regional time-discounting visibility, not full welfare aggregation",-31116.502585877628,"scalar from welfare_function.calculate_welfare(physical_damage, welfare_loss=True)"
2212,rsas / Rest of South Asia,Prioritarian,0.0,1.45,2.0,0.0,0.0,11.759356947945124,1.0,11.759356947945124,"physical_damage_per_capita multiplied by JUSTICE welfare_function.calculate_discount_rate; regional time-discounting visibility, not full welfare aggregation",-31116.502585877628,"scalar from welfare_function.calculate_welfare(physical_damage, welfare_loss=True)"
2213,rsas / Rest of South Asia,Prioritarian,0.0,1.45,2.0,0.0,0.0,11.790009175191978,1.0,11.790009175191978,"physical_damage_per_capita multiplied by JUSTICE welfare_function.calculate_discount_rate; regional time-discounting visibility, not full welfare aggregation",-31116.502585877628,"scalar from welfare_function.calculate_welfare(physical_damage, welfare_loss=True)"
2214,rsas / Rest of South Asia,Prioritarian,0.0,1.45,2.0,0.0,0.0,11.813632864981104,1.0,11.813632864981104,"physical_damage_per_capita multiplied by JUSTICE welfare_function.calculate_discount_rate; regional time-discounting visibility, not full welfare aggregation",-31116.502585877628,"scalar from welfare_function.calculate_welfare(physical_damage, welfare_loss=True)"
2215,rsas / Rest of South Asia,Prioritarian,0.0,1.45,2.0,0.0,0.0,11.82960039391466,1.0,11.82960039391466,"physical_damage_per_capita multiplied by JUSTICE welfare_function.calculate_discount_rate; regional time-discounting visibility, not full welfare aggregation",-31116.502585877628,"scalar from welfare_function.calculate_welfare(physical_damage, welfare_loss=True)"
2216,rsas / Rest of South Asia,Prioritarian,0.0,1.45,2.0,0.0,0.0,11.840796442075796,1.0,11.840796442075796,"physical_damage_per_capita multiplied by JUSTICE welfare_function.calculate_discount_rate; regional time-discounting visibility, not full welfare aggregation",-31116.502585877628,"scalar from welfare_function.calculate_welfare(physical_damage, welfare_loss=True)"
2217,rsas / Rest of South Asia,Prioritarian,0.0,1.45,2.0,0.0,0.0,11.846941882438466,1.0,11.846941882438466,"physical_damage_per_capita multiplied by JUSTICE welfare_function.calculate_discount_rate; regional time-discounting visibility, not full welfare aggregation",-31116.502585877628,"scalar from welfare_function.calculate_welfare(physical_damage, welfare_loss=True)"
2218,rsas / Rest of South Asia,Prioritarian,0.0,1.45,2.0,0.0,0.0,11.848893182920134,1.0,11.848893182920134,"physical_damage_per_capita multiplied by JUSTICE welfare_function.calculate_discount_rate; regional time-discounting visibility, not full welfare aggregation",-31116.502585877628,"scalar from welfare_function.calculate_welfare(physical_damage, welfare_loss=True)"
2219,rsas / Rest of South Asia,Prioritarian,0.0,1.45,2.0,0.0,0.0,11.854324613149952,1.0,11.854324613149952,"physical_damage_per_capita multiplied by JUSTICE welfare_function.calculate_discount_rate; regional time-discounting visibility, not full welfare aggregation",-31116.502585877628,"scalar from welfare_function.calculate_welfare(physical_damage, welfare_loss=True)"
2220,rsas / Rest of South Asia,Prioritarian,0.0,1.45,2.0,0.0,0.0,11.865451525782364,1.0,11.865451525782364,"physical_damage_per_capita multiplied by JUSTICE welfare_function.calculate_discount_rate; regional time-discounting visibility, not full welfare aggregation",-31116.502585877628,"scalar from welfare_function.calculate_welfare(physical_damage, welfare_loss=True)"
2221,rsas / Rest of South Asia,Prioritarian,0.0,1.45,2.0,0.0,0.0,11.884591728560581,1.0,11.884591728560581,"physical_damage_per_capita multiplied by JUSTICE welfare_function.calculate_discount_rate; regional time-discounting visibility, not full welfare aggregation",-31116.502585877628,"scalar from welfare_function.calculate_welfare(physical_damage, welfare_loss=True)"
2222,rsas / Rest of South Asia,Prioritarian,0.0,1.45,2.0,0.0,0.0,11.914111507761334,1.0,11.914111507761334,"physical_damage_per_capita multiplied by JUSTICE welfare_function.calculate_discount_rate; regional time-discounting visibility, not full welfare aggregation",-31116.502585877628,"scalar from welfare_function.calculate_welfare(physical_damage, welfare_loss=True)"
2223,rsas / Rest of South Asia,Prioritarian,0.0,1.45,2.0,0.0,0.0,11.949498121546615,1.0,11.949498121546615,"physical_damage_per_capita multiplied by JUSTICE welfare_function.calculate_discount_rate; regional time-discounting visibility, not full welfare aggregation",-31116.502585877628,"scalar from welfare_function.calculate_welfare(physical_damage, welfare_loss=True)"
2224,rsas / Rest of South Asia,Prioritarian,0.0,1.45,2.0,0.0,0.0,11.98833867462897,1.0,11.98833867462897,"physical_damage_per_capita multiplied by JUSTICE welfare_function.calculate_discount_rate; regional time-discounting visibility, not full welfare aggregation",-31116.502585877628,"scalar from welfare_function.calculate_welfare(physical_damage, welfare_loss=True)"
2225,rsas / Rest of South Asia,Prioritarian,0.0,1.45,2.0,0.0,0.0,12.019909460183342,1.0,12.019909460183342,"physical_damage_per_capita multiplied by JUSTICE welfare_function.calculate_discount_rate; regional time-discounting visibility, not full welfare aggregation",-31116.502585877628,"scalar from welfare_function.calculate_welfare(physical_damage, welfare_loss=True)"
2226,rsas / Rest of South Asia,Prioritarian,0.0,1.45,2.0,0.0,0.0,12.033714266722507,1.0,12.033714266722507,"physical_damage_per_capita multiplied by JUSTICE welfare_function.calculate_discount_rate; regional time-discounting visibility, not full welfare aggregation",-31116.502585877628,"scalar from welfare_function.calculate_welfare(physical_damage, welfare_loss=True)"
2227,rsas / Rest of South Asia,Prioritarian,0.0,1.45,2.0,0.0,0.0,12.036843816067869,1.0,12.036843816067869,"physical_damage_per_capita multiplied by JUSTICE welfare_function.calculate_discount_rate; regional time-discounting visibility, not full welfare aggregation",-31116.502585877628,"scalar from welfare_function.calculate_welfare(physical_damage, welfare_loss=True)"
2228,rsas / Rest of South Asia,Prioritarian,0.0,1.45,2.0,0.0,0.0,12.034736920253426,1.0,12.034736920253426,"physical_damage_per_capita multiplied by JUSTICE welfare_function.calculate_discount_rate; regional time-discounting visibility, not full welfare aggregation",-31116.502585877628,"scalar from welfare_function.calculate_welfare(physical_damage, welfare_loss=True)"
2229,rsas / Rest of South Asia,Prioritarian,0.0,1.45,2.0,0.0,0.0,12.033334786517463,1.0,12.033334786517463,"physical_damage_per_capita multiplied by JUSTICE welfare_function.calculate_discount_rate; regional time-discounting visibility, not full welfare aggregation",-31116.502585877628,"scalar from welfare_function.calculate_welfare(physical_damage, welfare_loss=True)"
2230,rsas / Rest of South Asia,Prioritarian,0.0,1.45,2.0,0.0,0.0,12.03559318120494,1.0,12.03559318120494,"physical_damage_per_capita multiplied by JUSTICE welfare_function.calculate_discount_rate; regional time-discounting visibility, not full welfare aggregation",-31116.502585877628,"scalar from welfare_function.calculate_welfare(physical_damage, welfare_loss=True)"
2231,rsas / Rest of South Asia,Prioritarian,0.0,1.45,2.0,0.0,0.0,12.043767257582715,1.0,12.043767257582715,"physical_damage_per_capita multiplied by JUSTICE welfare_function.calculate_discount_rate; regional time-discounting visibility, not full welfare aggregation",-31116.502585877628,"scalar from welfare_function.calculate_welfare(physical_damage, welfare_loss=True)"
2232,rsas / Rest of South Asia,Prioritarian,0.0,1.45,2.0,0.0,0.0,12.063939992904881,1.0,12.063939992904881,"physical_damage_per_capita multiplied by JUSTICE welfare_function.calculate_discount_rate; regional time-discounting visibility, not full welfare aggregation",-31116.502585877628,"scalar from welfare_function.calculate_welfare(physical_damage, welfare_loss=True)"
2233,rsas / Rest of South Asia,Prioritarian,0.0,1.45,2.0,0.0,0.0,12.091632365449483,1.0,12.091632365449483,"physical_damage_per_capita multiplied by JUSTICE welfare_function.calculate_discount_rate; regional time-discounting visibility, not full welfare aggregation",-31116.502585877628,"scalar from welfare_function.calculate_welfare(physical_damage, welfare_loss=True)"
2234,rsas / Rest of South Asia,Prioritarian,0.0,1.45,2.0,0.0,0.0,12.116858610187268,1.0,12.116858610187268,"physical_damage_per_capita multiplied by JUSTICE welfare_function.calculate_discount_rate; regional time-discounting visibility, not full welfare aggregation",-31116.502585877628,"scalar from welfare_function.calculate_welfare(physical_damage, welfare_loss=True)"
2235,rsas / Rest of South Asia,Prioritarian,0.0,1.45,2.0,0.0,0.0,12.138799758883527,1.0,12.138799758883527,"physical_damage_per_capita multiplied by JUSTICE welfare_function.calculate_discount_rate; regional time-discounting visibility, not full welfare aggregation",-31116.502585877628,"scalar from welfare_function.calculate_welfare(physical_damage, welfare_loss=True)"
2236,rsas / Rest of South Asia,Prioritarian,0.0,1.45,2.0,0.0,0.0,12.155219642537745,1.0,12.155219642537745,"physical_damage_per_capita multiplied by JUSTICE welfare_function.calculate_discount_rate; regional time-discounting visibility, not full welfare aggregation",-31116.502585877628,"scalar from welfare_function.calculate_welfare(physical_damage, welfare_loss=True)"
2237,rsas / Rest of South Asia,Prioritarian,0.0,1.45,2.0,0.0,0.0,12.163352885885166,1.0,12.163352885885166,"physical_damage_per_capita multiplied by JUSTICE welfare_function.calculate_discount_rate; regional time-discounting visibility, not full welfare aggregation",-31116.502585877628,"scalar from welfare_function.calculate_welfare(physical_damage, welfare_loss=True)"
2238,rsas / Rest of South Asia,Prioritarian,0.0,1.45,2.0,0.0,0.0,12.164136768349554,1.0,12.164136768349554,"physical_damage_per_capita multiplied by JUSTICE welfare_function.calculate_discount_rate; regional time-discounting visibility, not full welfare aggregation",-31116.502585877628,"scalar from welfare_function.calculate_welfare(physical_damage, welfare_loss=True)"
2239,rsas / Rest of South Asia,Prioritarian,0.0,1.45,2.0,0.0,0.0,12.161504495354366,1.0,12.161504495354366,"physical_damage_per_capita multiplied by JUSTICE welfare_function.calculate_discount_rate; regional time-discounting visibility, not full welfare aggregation",-31116.502585877628,"scalar from welfare_function.calculate_welfare(physical_damage, welfare_loss=True)"
2240,rsas / Rest of South Asia,Prioritarian,0.0,1.45,2.0,0.0,0.0,12.161765325986082,1.0,12.161765325986082,"physical_damage_per_capita multiplied by JUSTICE welfare_function.calculate_discount_rate; regional time-discounting visibility, not full welfare aggregation",-31116.502585877628,"scalar from welfare_function.calculate_welfare(physical_damage, welfare_loss=True)"
2241,rsas / Rest of South Asia,Prioritarian,0.0,1.45,2.0,0.0,0.0,12.166168015260006,1.0,12.166168015260006,"physical_damage_per_capita multiplied by JUSTICE welfare_function.calculate_discount_rate; regional time-discounting visibility, not full welfare aggregation",-31116.502585877628,"scalar from welfare_function.calculate_welfare(physical_damage, welfare_loss=True)"
2242,rsas / Rest of South Asia,Prioritarian,0.0,1.45,2.0,0.0,0.0,12.17720194540124,1.0,12.17720194540124,"physical_damage_per_capita multiplied by JUSTICE welfare_function.calculate_discount_rate; regional time-discounting visibility, not full welfare aggregation",-31116.502585877628,"scalar from welfare_function.calculate_welfare(physical_damage, welfare_loss=True)"
2243,rsas / Rest of South Asia,Prioritarian,0.0,1.45,2.0,0.0,0.0,12.19940639176965,1.0,12.19940639176965,"physical_damage_per_capita multiplied by JUSTICE welfare_function.calculate_discount_rate; regional time-discounting visibility, not full welfare aggregation",-31116.502585877628,"scalar from welfare_function.calculate_welfare(physical_damage, welfare_loss=True)"
2244,rsas / Rest of South Asia,Prioritarian,0.0,1.45,2.0,0.0,0.0,12.231260978348834,1.0,12.231260978348834,"physical_damage_per_capita multiplied by JUSTICE welfare_function.calculate_discount_rate; regional time-discounting visibility, not full welfare aggregation",-31116.502585877628,"scalar from welfare_function.calculate_welfare(physical_damage, welfare_loss=True)"
2245,rsas / Rest of South Asia,Prioritarian,0.0,1.45,2.0,0.0,0.0,12.260358826074592,1.0,12.260358826074592,"physical_damage_per_capita multiplied by JUSTICE welfare_function.calculate_discount_rate; regional time-discounting visibility, not full welfare aggregation",-31116.502585877628,"scalar from welfare_function.calculate_welfare(physical_damage, welfare_loss=True)"
2246,rsas / Rest of South Asia,Prioritarian,0.0,1.45,2.0,0.0,0.0,12.279408854098339,1.0,12.279408854098339,"physical_damage_per_capita multiplied by JUSTICE welfare_function.calculate_discount_rate; regional time-discounting visibility, not full welfare aggregation",-31116.502585877628,"scalar from welfare_function.calculate_welfare(physical_damage, welfare_loss=True)"
2247,rsas / Rest of South Asia,Prioritarian,0.0,1.45,2.0,0.0,0.0,12.287118721215228,1.0,12.287118721215228,"physical_damage_per_capita multiplied by JUSTICE welfare_function.calculate_discount_rate; regional time-discounting visibility, not full welfare aggregation",-31116.502585877628,"scalar from welfare_function.calculate_welfare(physical_damage, welfare_loss=True)"
2248,rsas / Rest of South Asia,Prioritarian,0.0,1.45,2.0,0.0,0.0,12.284678989229326,1.0,12.284678989229326,"physical_damage_per_capita multiplied by JUSTICE welfare_function.calculate_discount_rate; regional time-discounting visibility, not full welfare aggregation",-31116.502585877628,"scalar from welfare_function.calculate_welfare(physical_damage, welfare_loss=True)"
2249,rsas / Rest of South Asia,Prioritarian,0.0,1.45,2.0,0.0,0.0,12.28038719213911,1.0,12.28038719213911,"physical_damage_per_capita multiplied by JUSTICE welfare_function.calculate_discount_rate; regional time-discounting visibility, not full welfare aggregation",-31116.502585877628,"scalar from welfare_function.calculate_welfare(physical_damage, welfare_loss=True)"
2250,rsas / Rest of South Asia,Prioritarian,0.0,1.45,2.0,0.0,0.0,12.276986141630521,1.0,12.276986141630521,"physical_damage_per_capita multiplied by JUSTICE welfare_function.calculate_discount_rate; regional time-discounting visibility, not full welfare aggregation",-31116.502585877628,"scalar from welfare_function.calculate_welfare(physical_damage, welfare_loss=True)"
2251,rsas / Rest of South Asia,Prioritarian,0.0,1.45,2.0,0.0,0.0,12.273533610355802,1.0,12.273533610355802,"physical_damage_per_capita multiplied by JUSTICE welfare_function.calculate_discount_rate; regional time-discounting visibility, not full welfare aggregation",-31116.502585877628,"scalar from welfare_function.calculate_welfare(physical_damage, welfare_loss=True)"
2252,rsas / Rest of South Asia,Prioritarian,0.0,1.45,2.0,0.0,0.0,12.271542399557182,1.0,12.271542399557182,"physical_damage_per_capita multiplied by JUSTICE welfare_function.calculate_discount_rate; regional time-discounting visibility, not full welfare aggregation",-31116.502585877628,"scalar from welfare_function.calculate_welfare(physical_damage, welfare_loss=True)"
2253,rsas / Rest of South Asia,Prioritarian,0.0,1.45,2.0,0.0,0.0,12.272072959930423,1.0,12.272072959930423,"physical_damage_per_capita multiplied by JUSTICE welfare_function.calculate_discount_rate; regional time-discounting visibility, not full welfare aggregation",-31116.502585877628,"scalar from welfare_function.calculate_welfare(physical_damage, welfare_loss=True)"
2254,rsas / Rest of South Asia,Prioritarian,0.0,1.45,2.0,0.0,0.0,12.277051911063209,1.0,12.277051911063209,"physical_damage_per_capita multiplied by JUSTICE welfare_function.calculate_discount_rate; regional time-discounting visibility, not full welfare aggregation",-31116.502585877628,"scalar from welfare_function.calculate_welfare(physical_damage, welfare_loss=True)"
2255,rsas / Rest of South Asia,Prioritarian,0.0,1.45,2.0,0.0,0.0,12.290131352139497,1.0,12.290131352139497,"physical_damage_per_capita multiplied by JUSTICE welfare_function.calculate_discount_rate; regional time-discounting visibility, not full welfare aggregation",-31116.502585877628,"scalar from welfare_function.calculate_welfare(physical_damage, welfare_loss=True)"
2256,rsas / Rest of South Asia,Prioritarian,0.0,1.45,2.0,0.0,0.0,12.311172258916312,1.0,12.311172258916312,"physical_damage_per_capita multiplied by JUSTICE welfare_function.calculate_discount_rate; regional time-discounting visibility, not full welfare aggregation",-31116.502585877628,"scalar from welfare_function.calculate_welfare(physical_damage, welfare_loss=True)"
2257,rsas / Rest of South Asia,Prioritarian,0.0,1.45,2.0,0.0,0.0,12.331572524723295,1.0,12.331572524723295,"physical_damage_per_capita multiplied by JUSTICE welfare_function.calculate_discount_rate; regional time-discounting visibility, not full welfare aggregation",-31116.502585877628,"scalar from welfare_function.calculate_welfare(physical_damage, welfare_loss=True)"
2258,rsas / Rest of South Asia,Prioritarian,0.0,1.45,2.0,0.0,0.0,12.346788428656366,1.0,12.346788428656366,"physical_damage_per_capita multiplied by JUSTICE welfare_function.calculate_discount_rate; regional time-discounting visibility, not full welfare aggregation",-31116.502585877628,"scalar from welfare_function.calculate_welfare(physical_damage, welfare_loss=True)"
2259,rsas / Rest of South Asia,Prioritarian,0.0,1.45,2.0,0.0,0.0,12.357579657725504,1.0,12.357579657725504,"physical_damage_per_capita multiplied by JUSTICE welfare_function.calculate_discount_rate; regional time-discounting visibility, not full welfare aggregation",-31116.502585877628,"scalar from welfare_function.calculate_welfare(physical_damage, welfare_loss=True)"
2260,rsas / Rest of South Asia,Prioritarian,0.0,1.45,2.0,0.0,0.0,12.36063318184622,1.0,12.36063318184622,"physical_damage_per_capita multiplied by JUSTICE welfare_function.calculate_discount_rate; regional time-discounting visibility, not full welfare aggregation",-31116.502585877628,"scalar from welfare_function.calculate_welfare(physical_damage, welfare_loss=True)"
2261,rsas / Rest of South Asia,Prioritarian,0.0,1.45,2.0,0.0,0.0,12.358020164927972,1.0,12.358020164927972,"physical_damage_per_capita multiplied by JUSTICE welfare_function.calculate_discount_rate; regional time-discounting visibility, not full welfare aggregation",-31116.502585877628,"scalar from welfare_function.calculate_welfare(physical_damage, welfare_loss=True)"
2262,rsas / Rest of South Asia,Prioritarian,0.0,1.45,2.0,0.0,0.0,12.351080578847569,1.0,12.351080578847569,"physical_damage_per_capita multiplied by JUSTICE welfare_function.calculate_discount_rate; regional time-discounting visibility, not full welfare aggregation",-31116.502585877628,"scalar from welfare_function.calculate_welfare(physical_damage, welfare_loss=True)"
2263,rsas / Rest of South Asia,Prioritarian,0.0,1.45,2.0,0.0,0.0,12.341930968804492,1.0,12.341930968804492,"physical_damage_per_capita multiplied by JUSTICE welfare_function.calculate_discount_rate; regional time-discounting visibility, not full welfare aggregation",-31116.502585877628,"scalar from welfare_function.calculate_welfare(physical_damage, welfare_loss=True)"
2264,rsas / Rest of South Asia,Prioritarian,0.0,1.45,2.0,0.0,0.0,12.337439412778696,1.0,12.337439412778696,"physical_damage_per_capita multiplied by JUSTICE welfare_function.calculate_discount_rate; regional time-discounting visibility, not full welfare aggregation",-31116.502585877628,"scalar from welfare_function.calculate_welfare(physical_damage, welfare_loss=True)"
2265,rsas / Rest of South Asia,Prioritarian,0.0,1.45,2.0,0.0,0.0,12.339047928955305,1.0,12.339047928955305,"physical_damage_per_capita multiplied by JUSTICE welfare_function.calculate_discount_rate; regional time-discounting visibility, not full welfare aggregation",-31116.502585877628,"scalar from welfare_function.calculate_welfare(physical_damage, welfare_loss=True)"
2266,rsas / Rest of South Asia,Prioritarian,0.0,1.45,2.0,0.0,0.0,12.348957747018806,1.0,12.348957747018806,"physical_damage_per_capita multiplied by JUSTICE welfare_function.calculate_discount_rate; regional time-discounting visibility, not full welfare aggregation",-31116.502585877628,"scalar from welfare_function.calculate_welfare(physical_damage, welfare_loss=True)"
2267,rsas / Rest of South Asia,Prioritarian,0.0,1.45,2.0,0.0,0.0,12.369997877317992,1.0,12.369997877317992,"physical_damage_per_capita multiplied by JUSTICE welfare_function.calculate_discount_rate; regional time-discounting visibility, not full welfare aggregation",-31116.502585877628,"scalar from welfare_function.calculate_welfare(physical_damage, welfare_loss=True)"
2268,rsas / Rest of South Asia,Prioritarian,0.0,1.45,2.0,0.0,0.0,12.397100673232725,1.0,12.397100673232725,"physical_damage_per_capita multiplied by JUSTICE welfare_function.calculate_discount_rate; regional time-discounting visibility, not full welfare aggregation",-31116.502585877628,"scalar from welfare_function.calculate_welfare(physical_damage, welfare_loss=True)"
2269,rsas / Rest of South Asia,Prioritarian,0.0,1.45,2.0,0.0,0.0,12.424927388096513,1.0,12.424927388096513,"physical_damage_per_capita multiplied by JUSTICE welfare_function.calculate_discount_rate; regional time-discounting visibility, not full welfare aggregation",-31116.502585877628,"scalar from welfare_function.calculate_welfare(physical_damage, welfare_loss=True)"
2270,rsas / Rest of South Asia,Prioritarian,0.0,1.45,2.0,0.0,0.0,12.440831187811643,1.0,12.440831187811643,"physical_damage_per_capita multiplied by JUSTICE welfare_function.calculate_discount_rate; regional time-discounting visibility, not full welfare aggregation",-31116.502585877628,"scalar from welfare_function.calculate_welfare(physical_damage, welfare_loss=True)"
2271,rsas / Rest of South Asia,Prioritarian,0.0,1.45,2.0,0.0,0.0,12.440166492515283,1.0,12.440166492515283,"physical_damage_per_capita multiplied by JUSTICE welfare_function.calculate_discount_rate; regional time-discounting visibility, not full welfare aggregation",-31116.502585877628,"scalar from welfare_function.calculate_welfare(physical_damage, welfare_loss=True)"
2272,rsas / Rest of South Asia,Prioritarian,0.0,1.45,2.0,0.0,0.0,12.431485244425525,1.0,12.431485244425525,"physical_damage_per_capita multiplied by JUSTICE welfare_function.calculate_discount_rate; regional time-discounting visibility, not full welfare aggregation",-31116.502585877628,"scalar from welfare_function.calculate_welfare(physical_damage, welfare_loss=True)"
2273,rsas / Rest of South Asia,Prioritarian,0.0,1.45,2.0,0.0,0.0,12.420113060627434,1.0,12.420113060627434,"physical_damage_per_capita multiplied by JUSTICE welfare_function.calculate_discount_rate; regional time-discounting visibility, not full welfare aggregation",-31116.502585877628,"scalar from welfare_function.calculate_welfare(physical_damage, welfare_loss=True)"
2274,rsas / Rest of South Asia,Prioritarian,0.0,1.45,2.0,0.0,0.0,12.409829720851727,1.0,12.409829720851727,"physical_damage_per_capita multiplied by JUSTICE welfare_function.calculate_discount_rate; regional time-discounting visibility, not full welfare aggregation",-31116.502585877628,"scalar from welfare_function.calculate_welfare(physical_damage, welfare_loss=True)"
2275,rsas / Rest of South Asia,Prioritarian,0.0,1.45,2.0,0.0,0.0,12.403475320702237,1.0,12.403475320702237,"physical_damage_per_capita multiplied by JUSTICE welfare_function.calculate_discount_rate; regional time-discounting visibility, not full welfare aggregation",-31116.502585877628,"scalar from welfare_function.calculate_welfare(physical_damage, welfare_loss=True)"
2276,rsas / Rest of South Asia,Prioritarian,0.0,1.45,2.0,0.0,0.0,12.4068476315348,1.0,12.4068476315348,"physical_damage_per_capita multiplied by JUSTICE welfare_function.calculate_discount_rate; regional time-discounting visibility, not full welfare aggregation",-31116.502585877628,"scalar from welfare_function.calculate_welfare(physical_damage, welfare_loss=True)"
2277,rsas / Rest of South Asia,Prioritarian,0.0,1.45,2.0,0.0,0.0,12.421376474198897,1.0,12.421376474198897,"physical_damage_per_capita multiplied by JUSTICE welfare_function.calculate_discount_rate; regional time-discounting visibility, not full welfare aggregation",-31116.502585877628,"scalar from welfare_function.calculate_welfare(physical_damage, welfare_loss=True)"
2278,rsas / Rest of South Asia,Prioritarian,0.0,1.45,2.0,0.0,0.0,12.441455697923432,1.0,12.441455697923432,"physical_damage_per_capita multiplied by JUSTICE welfare_function.calculate_discount_rate; regional time-discounting visibility, not full welfare aggregation",-31116.502585877628,"scalar from welfare_function.calculate_welfare(physical_damage, welfare_loss=True)"
2279,rsas / Rest of South Asia,Prioritarian,0.0,1.45,2.0,0.0,0.0,12.457552122109165,1.0,12.457552122109165,"physical_damage_per_capita multiplied by JUSTICE welfare_function.calculate_discount_rate; regional time-discounting visibility, not full welfare aggregation",-31116.502585877628,"scalar from welfare_function.calculate_welfare(physical_damage, welfare_loss=True)"
2280,rsas / Rest of South Asia,Prioritarian,0.0,1.45,2.0,0.0,0.0,12.466022219173439,1.0,12.466022219173439,"physical_damage_per_capita multiplied by JUSTICE welfare_function.calculate_discount_rate; regional time-discounting visibility, not full welfare aggregation",-31116.502585877628,"scalar from welfare_function.calculate_welfare(physical_damage, welfare_loss=True)"
2281,rsas / Rest of South Asia,Prioritarian,0.0,1.45,2.0,0.0,0.0,12.467663931522182,1.0,12.467663931522182,"physical_damage_per_capita multiplied by JUSTICE welfare_function.calculate_discount_rate; regional time-discounting visibility, not full welfare aggregation",-31116.502585877628,"scalar from welfare_function.calculate_welfare(physical_damage, welfare_loss=True)"
2282,rsas / Rest of South Asia,Prioritarian,0.0,1.45,2.0,0.0,0.0,12.460809083576569,1.0,12.460809083576569,"physical_damage_per_capita multiplied by JUSTICE welfare_function.calculate_discount_rate; regional time-discounting visibility, not full welfare aggregation",-31116.502585877628,"scalar from welfare_function.calculate_welfare(physical_damage, welfare_loss=True)"
2283,rsas / Rest of South Asia,Prioritarian,0.0,1.45,2.0,0.0,0.0,12.449818716620404,1.0,12.449818716620404,"physical_damage_per_capita multiplied by JUSTICE welfare_function.calculate_discount_rate; regional time-discounting visibility, not full welfare aggregation",-31116.502585877628,"scalar from welfare_function.calculate_welfare(physical_damage, welfare_loss=True)"
2284,rsas / Rest of South Asia,Prioritarian,0.0,1.45,2.0,0.0,0.0,12.441785141591872,1.0,12.441785141591872,"physical_damage_per_capita multiplied by JUSTICE welfare_function.calculate_discount_rate; regional time-discounting visibility, not full welfare aggregation",-31116.502585877628,"scalar from welfare_function.calculate_welfare(physical_damage, welfare_loss=True)"
2285,rsas / Rest of South Asia,Prioritarian,0.0,1.45,2.0,0.0,0.0,12.437658167540619,1.0,12.437658167540619,"physical_damage_per_capita multiplied by JUSTICE welfare_function.calculate_discount_rate; regional time-discounting visibility, not full welfare aggregation",-31116.502585877628,"scalar from welfare_function.calculate_welfare(physical_damage, welfare_loss=True)"
2286,rsas / Rest of South Asia,Prioritarian,0.0,1.45,2.0,0.0,0.0,12.439451844859503,1.0,12.439451844859503,"physical_damage_per_capita multiplied by JUSTICE welfare_function.calculate_discount_rate; regional time-discounting visibility, not full welfare aggregation",-31116.502585877628,"scalar from welfare_function.calculate_welfare(physical_damage, welfare_loss=True)"
2287,rsas / Rest of South Asia,Prioritarian,0.0,1.45,2.0,0.0,0.0,12.452462547665174,1.0,12.452462547665174,"physical_damage_per_capita multiplied by JUSTICE welfare_function.calculate_discount_rate; regional time-discounting visibility, not full welfare aggregation",-31116.502585877628,"scalar from welfare_function.calculate_welfare(physical_damage, welfare_loss=True)"
2288,rsas / Rest of South Asia,Prioritarian,0.0,1.45,2.0,0.0,0.0,12.476187193267913,1.0,12.476187193267913,"physical_damage_per_capita multiplied by JUSTICE welfare_function.calculate_discount_rate; regional time-discounting visibility, not full welfare aggregation",-31116.502585877628,"scalar from welfare_function.calculate_welfare(physical_damage, welfare_loss=True)"
2289,rsas / Rest of South Asia,Prioritarian,0.0,1.45,2.0,0.0,0.0,12.500141072760348,1.0,12.500141072760348,"physical_damage_per_capita multiplied by JUSTICE welfare_function.calculate_discount_rate; regional time-discounting visibility, not full welfare aggregation",-31116.502585877628,"scalar from welfare_function.calculate_welfare(physical_damage, welfare_loss=True)"
2290,rsas / Rest of South Asia,Prioritarian,0.0,1.45,2.0,0.0,0.0,12.515703505524565,1.0,12.515703505524565,"physical_damage_per_capita multiplied by JUSTICE welfare_function.calculate_discount_rate; regional time-discounting visibility, not full welfare aggregation",-31116.502585877628,"scalar from welfare_function.calculate_welfare(physical_damage, welfare_loss=True)"
2291,rsas / Rest of South Asia,Prioritarian,0.0,1.45,2.0,0.0,0.0,12.515355393439119,1.0,12.515355393439119,"physical_damage_per_capita multiplied by JUSTICE welfare_function.calculate_discount_rate; regional time-discounting visibility, not full welfare aggregation",-31116.502585877628,"scalar from welfare_function.calculate_welfare(physical_damage, welfare_loss=True)"
2292,rsas / Rest of South Asia,Prioritarian,0.0,1.45,2.0,0.0,0.0,12.50540792294645,1.0,12.50540792294645,"physical_damage_per_capita multiplied by JUSTICE welfare_function.calculate_discount_rate; regional time-discounting visibility, not full welfare aggregation",-31116.502585877628,"scalar from welfare_function.calculate_welfare(physical_damage, welfare_loss=True)"
2293,rsas / Rest of South Asia,Prioritarian,0.0,1.45,2.0,0.0,0.0,12.495434920589027,1.0,12.495434920589027,"physical_damage_per_capita multiplied by JUSTICE welfare_function.calculate_discount_rate; regional time-discounting visibility, not full welfare aggregation",-31116.502585877628,"scalar from welfare_function.calculate_welfare(physical_damage, welfare_loss=True)"
2294,rsas / Rest of South Asia,Prioritarian,0.0,1.45,2.0,0.0,0.0,12.483269506260312,1.0,12.483269506260312,"physical_damage_per_capita multiplied by JUSTICE welfare_function.calculate_discount_rate; regional time-discounting visibility, not full welfare aggregation",-31116.502585877628,"scalar from welfare_function.calculate_welfare(physical_damage, welfare_loss=True)"
2295,rsas / Rest of South Asia,Prioritarian,0.0,1.45,2.0,0.0,0.0,12.4719253415195,1.0,12.4719253415195,"physical_damage_per_capita multiplied by JUSTICE welfare_function.calculate_discount_rate; regional time-discounting visibility, not full welfare aggregation",-31116.502585877628,"scalar from welfare_function.calculate_welfare(physical_damage, welfare_loss=True)"
2296,rsas / Rest of South Asia,Prioritarian,0.0,1.45,2.0,0.0,0.0,12.466751716289602,1.0,12.466751716289602,"physical_damage_per_capita multiplied by JUSTICE welfare_function.calculate_discount_rate; regional time-discounting visibility, not full welfare aggregation",-31116.502585877628,"scalar from welfare_function.calculate_welfare(physical_damage, welfare_loss=True)"
2297,rsas / Rest of South Asia,Prioritarian,0.0,1.45,2.0,0.0,0.0,12.473979572522959,1.0,12.473979572522959,"physical_damage_per_capita multiplied by JUSTICE welfare_function.calculate_discount_rate; regional time-discounting visibility, not full welfare aggregation",-31116.502585877628,"scalar from welfare_function.calculate_welfare(physical_damage, welfare_loss=True)"
2298,rsas / Rest of South Asia,Prioritarian,0.0,1.45,2.0,0.0,0.0,12.491838663211821,1.0,12.491838663211821,"physical_damage_per_capita multiplied by JUSTICE welfare_function.calculate_discount_rate; regional time-discounting visibility, not full welfare aggregation",-31116.502585877628,"scalar from welfare_function.calculate_welfare(physical_damage, welfare_loss=True)"
2299,rsas / Rest of South Asia,Prioritarian,0.0,1.45,2.0,0.0,0.0,12.514478180689492,1.0,12.514478180689492,"physical_damage_per_capita multiplied by JUSTICE welfare_function.calculate_discount_rate; regional time-discounting visibility, not full welfare aggregation",-31116.502585877628,"scalar from welfare_function.calculate_welfare(physical_damage, welfare_loss=True)"
2300,rsas / Rest of South Asia,Prioritarian,0.0,1.45,2.0,0.0,0.0,12.533330067444956,1.0,12.533330067444956,"physical_damage_per_capita multiplied by JUSTICE welfare_function.calculate_discount_rate; regional time-discounting visibility, not full welfare aggregation",-31116.502585877628,"scalar from welfare_function.calculate_welfare(physical_damage, welfare_loss=True)"
2015,rjan57 / Pacific Islands,Utilitarian,0.015,1.45,0.0,0.0,0.0,0.0,1.0,0.0,"physical_damage_per_capita multiplied by JUSTICE welfare_function.calculate_discount_rate; regional time-discounting visibility, not full welfare aggregation",-4144.312094162514,"scalar from welfare_function.calculate_welfare(physical_damage, welfare_loss=True)"
2016,rjan57 / Pacific Islands,Utilitarian,0.015,1.45,0.0,0.0,0.0,0.0,0.9852216748768474,0.0,"physical_damage_per_capita multiplied by JUSTICE welfare_function.calculate_discount_rate; regional time-discounting visibility, not full welfare aggregation",-4144.312094162514,"scalar from welfare_function.calculate_welfare(physical_damage, welfare_loss=True)"
2017,rjan57 / Pacific Islands,Utilitarian,0.015,1.45,0.0,0.0,0.0,0.0,0.9706617486471405,0.0,"physical_damage_per_capita multiplied by JUSTICE welfare_function.calculate_discount_rate; regional time-discounting visibility, not full welfare aggregation",-4144.312094162514,"scalar from welfare_function.calculate_welfare(physical_damage, welfare_loss=True)"
2018,rjan57 / Pacific Islands,Utilitarian,0.015,1.45,0.0,0.0,0.0,1.0086836715802105e-06,0.9563169937410252,9.646213364412465e-07,"physical_damage_per_capita multiplied by JUSTICE welfare_function.calculate_discount_rate; regional time-discounting visibility, not full welfare aggregation",-4144.312094162514,"scalar from welfare_function.calculate_welfare(physical_damage, welfare_loss=True)"
2019,rjan57 / Pacific Islands,Utilitarian,0.015,1.45,0.0,0.0,0.0,0.006268612545165623,0.9421842302867243,0.005906187885832577,"physical_damage_per_capita multiplied by JUSTICE welfare_function.calculate_discount_rate; regional time-discounting visibility, not full welfare aggregation",-4144.312094162514,"scalar from welfare_function.calculate_welfare(physical_damage, welfare_loss=True)"
2020,rjan57 / Pacific Islands,Utilitarian,0.015,1.45,0.0,0.0,0.0,0.012405244089514666,0.9282603254056397,0.011515295915269274,"physical_damage_per_capita multiplied by JUSTICE welfare_function.calculate_discount_rate; regional time-discounting visibility, not full welfare aggregation",-4144.312094162514,"scalar from welfare_function.calculate_welfare(physical_damage, welfare_loss=True)"
2021,rjan57 / Pacific Islands,Utilitarian,0.015,1.45,0.0,0.0,0.0,0.018868412157474295,0.9145421925178719,0.017255959023827414,"physical_damage_per_capita multiplied by JUSTICE welfare_function.calculate_discount_rate; regional time-discounting visibility, not full welfare aggregation",-4144.312094162514,"scalar from welfare_function.calculate_welfare(physical_damage, welfare_loss=True)"
2022,rjan57 / Pacific Islands,Utilitarian,0.015,1.45,0.0,0.0,0.0,0.02565564309658419,0.9010267906580018,0.023116421761582375,"physical_damage_per_capita multiplied by JUSTICE welfare_function.calculate_discount_rate; regional time-discounting visibility, not full welfare aggregation",-4144.312094162514,"scalar from welfare_function.calculate_welfare(physical_damage, welfare_loss=True)"
2023,rjan57 / Pacific Islands,Utilitarian,0.015,1.45,0.0,0.0,0.0,0.03330666139277572,0.887711123800987,0.029566693815039884,"physical_damage_per_capita multiplied by JUSTICE welfare_function.calculate_discount_rate; regional time-discounting visibility, not full welfare aggregation",-4144.312094162514,"scalar from welfare_function.calculate_welfare(physical_damage, welfare_loss=True)"
2024,rjan57 / Pacific Islands,Utilitarian,0.015,1.45,0.0,0.0,0.0,0.041404034540144796,0.874592240198017,0.03621164732170131,"physical_damage_per_capita multiplied by JUSTICE welfare_function.calculate_discount_rate; regional time-discounting visibility, not full welfare aggregation",-4144.312094162514,"scalar from welfare_function.calculate_welfare(physical_damage, welfare_loss=True)"
2025,rjan57 / Pacific Islands,Utilitarian,0.015,1.45,0.0,0.0,0.0,0.04958607945384667,0.8616672317221843,0.042726699814952335,"physical_damage_per_capita multiplied by JUSTICE welfare_function.calculate_discount_rate; regional time-discounting visibility, not full welfare aggregation",-4144.312094162514,"scalar from welfare_function.calculate_welfare(physical_damage, welfare_loss=True)"
2026,rjan57 / Pacific Islands,Utilitarian,0.015,1.45,0.0,0.0,0.0,0.05752370916938063,0.848933233223827,0.0488337884121894,"physical_damage_per_capita multiplied by JUSTICE welfare_function.calculate_discount_rate; regional time-discounting visibility, not full welfare aggregation",-4144.312094162514,"scalar from welfare_function.calculate_welfare(physical_damage, welfare_loss=True)"
2027,rjan57 / Pacific Islands,Utilitarian,0.015,1.45,0.0,0.0,0.0,0.06476157813094173,0.836387421895396,0.05416576937081562,"physical_damage_per_capita multiplied by JUSTICE welfare_function.calculate_discount_rate; regional time-discounting visibility, not full welfare aggregation",-4144.312094162514,"scalar from welfare_function.calculate_welfare(physical_damage, welfare_loss=True)"
2028,rjan57 / Pacific Islands,Utilitarian,0.015,1.45,0.0,0.0,0.0,0.07129162766482976,0.8240270166457105,0.05874622725646647,"physical_damage_per_capita multiplied by JUSTICE welfare_function.calculate_discount_rate; regional time-discounting visibility, not full welfare aggregation",-4144.312094162514,"scalar from welfare_function.calculate_welfare(physical_damage, welfare_loss=True)"
2029,rjan57 / Pacific Islands,Utilitarian,0.015,1.45,0.0,0.0,0.0,0.07743831863565147,0.8118492774834588,0.06286824303388751,"physical_damage_per_capita multiplied by JUSTICE welfare_function.calculate_discount_rate; regional time-discounting visibility, not full welfare aggregation",-4144.312094162514,"scalar from welfare_function.calculate_welfare(physical_damage, welfare_loss=True)"
2030,rjan57 / Pacific Islands,Utilitarian,0.015,1.45,0.0,0.0,0.0,0.08368632585238356,0.7998515049098116,0.06693663367340186,"physical_damage_per_capita multiplied by JUSTICE welfare_function.calculate_discount_rate; regional time-discounting visibility, not full welfare aggregation",-4144.312094162514,"scalar from welfare_function.calculate_welfare(physical_damage, welfare_loss=True)"
2031,rjan57 / Pacific Islands,Utilitarian,0.015,1.45,0.0,0.0,0.0,0.09066875449005968,0.7880310393200115,0.07144979283465269,"physical_damage_per_capita multiplied by JUSTICE welfare_function.calculate_discount_rate; regional time-discounting visibility, not full welfare aggregation",-4144.312094162514,"scalar from welfare_function.calculate_welfare(physical_damage, welfare_loss=True)"
2032,rjan57 / Pacific Islands,Utilitarian,0.015,1.45,0.0,0.0,0.0,0.09784622387312601,0.7763852604138046,0.07596636600224436,"physical_damage_per_capita multiplied by JUSTICE welfare_function.calculate_discount_rate; regional time-discounting visibility, not full welfare aggregation",-4144.312094162514,"scalar from welfare_function.calculate_welfare(physical_damage, welfare_loss=True)"
2033,rjan57 / Pacific Islands,Utilitarian,0.015,1.45,0.0,0.0,0.0,0.1053119429787746,0.7649115866145859,0.08055432539335927,"physical_damage_per_capita multiplied by JUSTICE welfare_function.calculate_discount_rate; regional time-discounting visibility, not full welfare aggregation",-4144.312094162514,"scalar from welfare_function.calculate_welfare(physical_damage, welfare_loss=True)"
2034,rjan57 / Pacific Islands,Utilitarian,0.015,1.45,0.0,0.0,0.0,0.11347407501333567,0.7536074744971291,0.08551491109169768,"physical_damage_per_capita multiplied by JUSTICE welfare_function.calculate_discount_rate; regional time-discounting visibility, not full welfare aggregation",-4144.312094162514,"scalar from welfare_function.calculate_welfare(physical_damage, welfare_loss=True)"
2035,rjan57 / Pacific Islands,Utilitarian,0.015,1.45,0.0,0.0,0.0,0.12270409353320826,0.7424704182237725,0.09110415964337003,"physical_damage_per_capita multiplied by JUSTICE welfare_function.calculate_discount_rate; regional time-discounting visibility, not full welfare aggregation",-4144.312094162514,"scalar from welfare_function.calculate_welfare(physical_damage, welfare_loss=True)"
2036,rjan57 / Pacific Islands,Utilitarian,0.015,1.45,0.0,0.0,0.0,0.13324591658343604,0.7314979489889384,0.09746911469193463,"physical_damage_per_capita multiplied by JUSTICE welfare_function.calculate_discount_rate; regional time-discounting visibility, not full welfare aggregation",-4144.312094162514,"scalar from welfare_function.calculate_welfare(physical_damage, welfare_loss=True)"
2037,rjan57 / Pacific Islands,Utilitarian,0.015,1.45,0.0,0.0,0.0,0.1442690737793394,0.7206876344718607,0.10397293750947845,"physical_damage_per_capita multiplied by JUSTICE welfare_function.calculate_discount_rate; regional time-discounting visibility, not full welfare aggregation",-4144.312094162514,"scalar from welfare_function.calculate_welfare(physical_damage, welfare_loss=True)"
2038,rjan57 / Pacific Islands,Utilitarian,0.015,1.45,0.0,0.0,0.0,0.15519795623070812,0.7100370782973997,0.11019630339977972,"physical_damage_per_capita multiplied by JUSTICE welfare_function.calculate_discount_rate; regional time-discounting visibility, not full welfare aggregation",-4144.312094162514,"scalar from welfare_function.calculate_welfare(physical_damage, welfare_loss=True)"
2039,rjan57 / Pacific Islands,Utilitarian,0.015,1.45,0.0,0.0,0.0,0.16577521818098395,0.6995439195048273,0.11596704588309342,"physical_damage_per_capita multiplied by JUSTICE welfare_function.calculate_discount_rate; regional time-discounting visibility, not full welfare aggregation",-4144.312094162514,"scalar from welfare_function.calculate_welfare(physical_damage, welfare_loss=True)"
2040,rjan57 / Pacific Islands,Utilitarian,0.015,1.45,0.0,0.0,0.0,0.17593798307362468,0.6892058320244606,0.12125748400896297,"physical_damage_per_capita multiplied by JUSTICE welfare_function.calculate_discount_rate; regional time-discounting visibility, not full welfare aggregation",-4144.312094162514,"scalar from welfare_function.calculate_welfare(physical_damage, welfare_loss=True)"
2041,rjan57 / Pacific Islands,Utilitarian,0.015,1.45,0.0,0.0,0.0,0.1866577108571066,0.6790205241620302,0.12674441666507721,"physical_damage_per_capita multiplied by JUSTICE welfare_function.calculate_discount_rate; regional time-discounting visibility, not full welfare aggregation",-4144.312094162514,"scalar from welfare_function.calculate_welfare(physical_damage, welfare_loss=True)"
2042,rjan57 / Pacific Islands,Utilitarian,0.015,1.45,0.0,0.0,0.0,0.1969360396704985,0.6689857380906702,0.13174740185562195,"physical_damage_per_capita multiplied by JUSTICE welfare_function.calculate_discount_rate; regional time-discounting visibility, not full welfare aggregation",-4144.312094162514,"scalar from welfare_function.calculate_welfare(physical_damage, welfare_loss=True)"
2043,rjan57 / Pacific Islands,Utilitarian,0.015,1.45,0.0,0.0,0.0,0.20717918450134742,0.6590992493504141,0.13655164498586903,"physical_damage_per_capita multiplied by JUSTICE welfare_function.calculate_discount_rate; regional time-discounting visibility, not full welfare aggregation",-4144.312094162514,"scalar from welfare_function.calculate_welfare(physical_damage, welfare_loss=True)"
2044,rjan57 / Pacific Islands,Utilitarian,0.015,1.45,0.0,0.0,0.0,0.2179729208047638,0.6493588663550878,0.14154264874988876,"physical_damage_per_capita multiplied by JUSTICE welfare_function.calculate_discount_rate; regional time-discounting visibility, not full welfare aggregation",-4144.312094162514,"scalar from welfare_function.calculate_welfare(physical_damage, welfare_loss=True)"
2045,rjan57 / Pacific Islands,Utilitarian,0.015,1.45,0.0,0.0,0.0,0.22970180448124222,0.6397624299064905,0.1469545845888251,"physical_damage_per_capita multiplied by JUSTICE welfare_function.calculate_discount_rate; regional time-discounting visibility, not full welfare aggregation",-4144.312094162514,"scalar from welfare_function.calculate_welfare(physical_damage, welfare_loss=True)"
2046,rjan57 / Pacific Islands,Utilitarian,0.015,1.45,0.0,0.0,0.0,0.24294059057309964,0.6303078127157542,0.153127352264004,"physical_damage_per_capita multiplied by JUSTICE welfare_function.calculate_discount_rate; regional time-discounting visibility, not full welfare aggregation",-4144.312094162514,"scalar from welfare_function.calculate_welfare(physical_damage, welfare_loss=True)"
2047,rjan57 / Pacific Islands,Utilitarian,0.015,1.45,0.0,0.0,0.0,0.25773592270287293,0.6209929189317777,0.16005218295283208,"physical_damage_per_capita multiplied by JUSTICE welfare_function.calculate_discount_rate; regional time-discounting visibility, not full welfare aggregation",-4144.312094162514,"scalar from welfare_function.calculate_welfare(physical_damage, welfare_loss=True)"
2048,rjan57 / Pacific Islands,Utilitarian,0.015,1.45,0.0,0.0,0.0,0.2738784970226791,0.6118156836766282,0.16756315990025777,"physical_damage_per_capita multiplied by JUSTICE welfare_function.calculate_discount_rate; regional time-discounting visibility, not full welfare aggregation",-4144.312094162514,"scalar from welfare_function.calculate_welfare(physical_damage, welfare_loss=True)"
2049,rjan57 / Pacific Islands,Utilitarian,0.015,1.45,0.0,0.0,0.0,0.29073510708768885,0.6027740725878111,0.1752475845434996,"physical_damage_per_capita multiplied by JUSTICE welfare_function.calculate_discount_rate; regional time-discounting visibility, not full welfare aggregation",-4144.312094162514,"scalar from welfare_function.calculate_welfare(physical_damage, welfare_loss=True)"
2050,rjan57 / Pacific Islands,Utilitarian,0.015,1.45,0.0,0.0,0.0,0.3076420941212735,0.5938660813673017,0.1826982048994313,"physical_damage_per_capita multiplied by JUSTICE welfare_function.calculate_discount_rate; regional time-discounting visibility, not full welfare aggregation",-4144.312094162514,"scalar from welfare_function.calculate_welfare(physical_damage, welfare_loss=True)"
2051,rjan57 / Pacific Islands,Utilitarian,0.015,1.45,0.0,0.0,0.0,0.32390998614556565,0.5850897353372431,0.18951640806699907,"physical_damage_per_capita multiplied by JUSTICE welfare_function.calculate_discount_rate; regional time-discounting visibility, not full welfare aggregation",-4144.312094162514,"scalar from welfare_function.calculate_welfare(physical_damage, welfare_loss=True)"
2052,rjan57 / Pacific Islands,Utilitarian,0.015,1.45,0.0,0.0,0.0,0.33883006621705275,0.57644308900221,0.19531625001698125,"physical_damage_per_capita multiplied by JUSTICE welfare_function.calculate_discount_rate; regional time-discounting visibility, not full welfare aggregation",-4144.312094162514,"scalar from welfare_function.calculate_welfare(physical_damage, welfare_loss=True)"
2053,rjan57 / Pacific Islands,Utilitarian,0.015,1.45,0.0,0.0,0.0,0.35338830214505107,0.5679242256179409,0.20069777783816703,"physical_damage_per_capita multiplied by JUSTICE welfare_function.calculate_discount_rate; regional time-discounting visibility, not full welfare aggregation",-4144.312094162514,"scalar from welfare_function.calculate_welfare(physical_damage, welfare_loss=True)"
2054,rjan57 / Pacific Islands,Utilitarian,0.015,1.45,0.0,0.0,0.0,0.3682678639784396,0.5595312567664443,0.20605738075855026,"physical_damage_per_capita multiplied by JUSTICE welfare_function.calculate_discount_rate; regional time-discounting visibility, not full welfare aggregation",-4144.312094162514,"scalar from welfare_function.calculate_welfare(physical_damage, welfare_loss=True)"
2055,rjan57 / Pacific Islands,Utilitarian,0.015,1.45,0.0,0.0,0.0,0.383585184252034,0.5512623219373836,0.21145605933155534,"physical_damage_per_capita multiplied by JUSTICE welfare_function.calculate_discount_rate; regional time-discounting visibility, not full welfare aggregation",-4144.312094162514,"scalar from welfare_function.calculate_welfare(physical_damage, welfare_loss=True)"
2056,rjan57 / Pacific Islands,Utilitarian,0.015,1.45,0.0,0.0,0.0,0.40044368507280576,0.543115588115649,0.21748720752551462,"physical_damage_per_capita multiplied by JUSTICE welfare_function.calculate_discount_rate; regional time-discounting visibility, not full welfare aggregation",-4144.312094162514,"scalar from welfare_function.calculate_welfare(physical_damage, welfare_loss=True)"
2057,rjan57 / Pacific Islands,Utilitarian,0.015,1.45,0.0,0.0,0.0,0.4189438787069762,0.5350892493750237,0.22417236558757686,"physical_damage_per_capita multiplied by JUSTICE welfare_function.calculate_discount_rate; regional time-discounting visibility, not full welfare aggregation",-4144.312094162514,"scalar from welfare_function.calculate_welfare(physical_damage, welfare_loss=True)"
2058,rjan57 / Pacific Islands,Utilitarian,0.015,1.45,0.0,0.0,0.0,0.4391814823570611,0.5271815264778559,0.231528364269803,"physical_damage_per_capita multiplied by JUSTICE welfare_function.calculate_discount_rate; regional time-discounting visibility, not full welfare aggregation",-4144.312094162514,"scalar from welfare_function.calculate_welfare(physical_damage, welfare_loss=True)"
2059,rjan57 / Pacific Islands,Utilitarian,0.015,1.45,0.0,0.0,0.0,0.45990588483038986,0.5193906664806461,0.23887082404042748,"physical_damage_per_capita multiplied by JUSTICE welfare_function.calculate_discount_rate; regional time-discounting visibility, not full welfare aggregation",-4144.312094162514,"scalar from welfare_function.calculate_welfare(physical_damage, welfare_loss=True)"
2060,rjan57 / Pacific Islands,Utilitarian,0.015,1.45,0.0,0.0,0.0,0.480386927560229,0.5117149423454643,0.24582116893999734,"physical_damage_per_capita multiplied by JUSTICE welfare_function.calculate_discount_rate; regional time-discounting visibility, not full welfare aggregation",-4144.312094162514,"scalar from welfare_function.calculate_welfare(physical_damage, welfare_loss=True)"
2061,rjan57 / Pacific Islands,Utilitarian,0.015,1.45,0.0,0.0,0.0,0.5018965438945194,0.5041526525571077,0.25303247391366684,"physical_damage_per_capita multiplied by JUSTICE welfare_function.calculate_discount_rate; regional time-discounting visibility, not full welfare aggregation",-4144.312094162514,"scalar from welfare_function.calculate_welfare(physical_damage, welfare_loss=True)"
2062,rjan57 / Pacific Islands,Utilitarian,0.015,1.45,0.0,0.0,0.0,0.5229742794631149,0.49670212074591896,0.2597624337048981,"physical_damage_per_capita multiplied by JUSTICE welfare_function.calculate_discount_rate; regional time-discounting visibility, not full welfare aggregation",-4144.312094162514,"scalar from welfare_function.calculate_welfare(physical_damage, welfare_loss=True)"
2063,rjan57 / Pacific Islands,Utilitarian,0.015,1.45,0.0,0.0,0.0,0.5432650749925223,0.4893616953161764,0.2658531181044104,"physical_damage_per_capita multiplied by JUSTICE welfare_function.calculate_discount_rate; regional time-discounting visibility, not full welfare aggregation",-4144.312094162514,"scalar from welfare_function.calculate_welfare(physical_damage, welfare_loss=True)"
2064,rjan57 / Pacific Islands,Utilitarian,0.015,1.45,0.0,0.0,0.0,0.5635454768291452,0.4821297490799768,0.27170203933879167,"physical_damage_per_capita multiplied by JUSTICE welfare_function.calculate_discount_rate; regional time-discounting visibility, not full welfare aggregation",-4144.312094162514,"scalar from welfare_function.calculate_welfare(physical_damage, welfare_loss=True)"
2065,rjan57 / Pacific Islands,Utilitarian,0.015,1.45,0.0,0.0,0.0,0.5845160311012194,0.47500467889652886,0.2776478496631082,"physical_damage_per_capita multiplied by JUSTICE welfare_function.calculate_discount_rate; regional time-discounting visibility, not full welfare aggregation",-4144.312094162514,"scalar from welfare_function.calculate_welfare(physical_damage, welfare_loss=True)"
2066,rjan57 / Pacific Islands,Utilitarian,0.015,1.45,0.0,0.0,0.0,0.6072951212877237,0.4679849053167772,0.2842049498351761,"physical_damage_per_capita multiplied by JUSTICE welfare_function.calculate_discount_rate; regional time-discounting visibility, not full welfare aggregation",-4144.312094162514,"scalar from welfare_function.calculate_welfare(physical_damage, welfare_loss=True)"
2067,rjan57 / Pacific Islands,Utilitarian,0.015,1.45,0.0,0.0,0.0,0.631298675497423,0.46106887223327814,0.29107216835395905,"physical_damage_per_capita multiplied by JUSTICE welfare_function.calculate_discount_rate; regional time-discounting visibility, not full welfare aggregation",-4144.312094162514,"scalar from welfare_function.calculate_welfare(physical_damage, welfare_loss=True)"
2068,rjan57 / Pacific Islands,Utilitarian,0.015,1.45,0.0,0.0,0.0,0.6573876505118903,0.4542550465352495,0.29862165777497707,"physical_damage_per_capita multiplied by JUSTICE welfare_function.calculate_discount_rate; regional time-discounting visibility, not full welfare aggregation",-4144.312094162514,"scalar from welfare_function.calculate_welfare(physical_damage, welfare_loss=True)"
2069,rjan57 / Pacific Islands,Utilitarian,0.015,1.45,0.0,0.0,0.0,0.6856768030150053,0.44754191776871877,0.3068691113908595,"physical_damage_per_capita multiplied by JUSTICE welfare_function.calculate_discount_rate; regional time-discounting visibility, not full welfare aggregation",-4144.312094162514,"scalar from welfare_function.calculate_welfare(physical_damage, welfare_loss=True)"
2070,rjan57 / Pacific Islands,Utilitarian,0.015,1.45,0.0,0.0,0.0,0.714881930085908,0.4409279978016934,0.31521145809738954,"physical_damage_per_capita multiplied by JUSTICE welfare_function.calculate_discount_rate; regional time-discounting visibility, not full welfare aggregation",-4144.312094162514,"scalar from welfare_function.calculate_welfare(physical_damage, welfare_loss=True)"
2071,rjan57 / Pacific Islands,Utilitarian,0.015,1.45,0.0,0.0,0.0,0.7441334219052566,0.43441182049427923,0.32326035450050006,"physical_damage_per_capita multiplied by JUSTICE welfare_function.calculate_discount_rate; regional time-discounting visibility, not full welfare aggregation",-4144.312094162514,"scalar from welfare_function.calculate_welfare(physical_damage, welfare_loss=True)"
2072,rjan57 / Pacific Islands,Utilitarian,0.015,1.45,0.0,0.0,0.0,0.7722322373566968,0.42799194137367413,0.33050917445762856,"physical_damage_per_capita multiplied by JUSTICE welfare_function.calculate_discount_rate; regional time-discounting visibility, not full welfare aggregation",-4144.312094162514,"scalar from welfare_function.calculate_welfare(physical_damage, welfare_loss=True)"
2073,rjan57 / Pacific Islands,Utilitarian,0.015,1.45,0.0,0.0,0.0,0.7993348347098711,0.42166693731396476,0.3370530716404756,"physical_damage_per_capita multiplied by JUSTICE welfare_function.calculate_discount_rate; regional time-discounting visibility, not full welfare aggregation",-4144.312094162514,"scalar from welfare_function.calculate_welfare(physical_damage, welfare_loss=True)"
2074,rjan57 / Pacific Islands,Utilitarian,0.015,1.45,0.0,0.0,0.0,0.8264142102269523,0.41543540622065495,0.34332172313215564,"physical_damage_per_capita multiplied by JUSTICE welfare_function.calculate_discount_rate; regional time-discounting visibility, not full welfare aggregation",-4144.312094162514,"scalar from welfare_function.calculate_welfare(physical_damage, welfare_loss=True)"
2075,rjan57 / Pacific Islands,Utilitarian,0.015,1.45,0.0,0.0,0.0,0.8543784528092039,0.4092959667198571,0.3496936547871589,"physical_damage_per_capita multiplied by JUSTICE welfare_function.calculate_discount_rate; regional time-discounting visibility, not full welfare aggregation",-4144.312094162514,"scalar from welfare_function.calculate_welfare(physical_damage, welfare_loss=True)"
2076,rjan57 / Pacific Islands,Utilitarian,0.015,1.45,0.0,0.0,0.0,0.8836943534282149,0.403247257852076,0.35634732479929093,"physical_damage_per_capita multiplied by JUSTICE welfare_function.calculate_discount_rate; regional time-discounting visibility, not full welfare aggregation",-4144.312094162514,"scalar from welfare_function.calculate_welfare(physical_damage, welfare_loss=True)"
2077,rjan57 / Pacific Islands,Utilitarian,0.015,1.45,0.0,0.0,0.0,0.9136689489079836,0.3972879387705183,0.3629896534302788,"physical_damage_per_capita multiplied by JUSTICE welfare_function.calculate_discount_rate; regional time-discounting visibility, not full welfare aggregation",-4144.312094162514,"scalar from welfare_function.calculate_welfare(physical_damage, welfare_loss=True)"
2078,rjan57 / Pacific Islands,Utilitarian,0.015,1.45,0.0,0.0,0.0,0.9445443183468702,0.39141668844386046,0.36971040917579545,"physical_damage_per_capita multiplied by JUSTICE welfare_function.calculate_discount_rate; regional time-discounting visibility, not full welfare aggregation",-4144.312094162514,"scalar from welfare_function.calculate_welfare(physical_damage, welfare_loss=True)"
2079,rjan57 / Pacific Islands,Utilitarian,0.015,1.45,0.0,0.0,0.0,0.9766925545419223,0.3856322053634093,0.37664410377002344,"physical_damage_per_capita multiplied by JUSTICE welfare_function.calculate_discount_rate; regional time-discounting visibility, not full welfare aggregation",-4144.312094162514,"scalar from welfare_function.calculate_welfare(physical_damage, welfare_loss=True)"
2080,rjan57 / Pacific Islands,Utilitarian,0.015,1.45,0.0,0.0,0.0,1.01094386905359,0.37993320725459045,0.38409114652389514,"physical_damage_per_capita multiplied by JUSTICE welfare_function.calculate_discount_rate; regional time-discounting visibility, not full welfare aggregation",-4144.312094162514,"scalar from welfare_function.calculate_welfare(physical_damage, welfare_loss=True)"
2081,rjan57 / Pacific Islands,Utilitarian,0.015,1.45,0.0,0.0,0.0,1.0480016654401976,0.3743184307927,0.3922863388757109,"physical_damage_per_capita multiplied by JUSTICE welfare_function.calculate_discount_rate; regional time-discounting visibility, not full welfare aggregation",-4144.312094162514,"scalar from welfare_function.calculate_welfare(physical_damage, welfare_loss=True)"
2082,rjan57 / Pacific Islands,Utilitarian,0.015,1.45,0.0,0.0,0.0,1.0863314573151812,0.3687866313228572,0.40062451864331594,"physical_damage_per_capita multiplied by JUSTICE welfare_function.calculate_discount_rate; regional time-discounting visibility, not full welfare aggregation",-4144.312094162514,"scalar from welfare_function.calculate_welfare(physical_damage, welfare_loss=True)"
2083,rjan57 / Pacific Islands,Utilitarian,0.015,1.45,0.0,0.0,0.0,1.124769593216124,0.3633365825840958,0.40866994019365005,"physical_damage_per_capita multiplied by JUSTICE welfare_function.calculate_discount_rate; regional time-discounting visibility, not full welfare aggregation",-4144.312094162514,"scalar from welfare_function.calculate_welfare(physical_damage, welfare_loss=True)"
2084,rjan57 / Pacific Islands,Utilitarian,0.015,1.45,0.0,0.0,0.0,1.1628610625766733,0.35796707643753284,0.41626597487361466,"physical_damage_per_capita multiplied by JUSTICE welfare_function.calculate_discount_rate; regional time-discounting visibility, not full welfare aggregation",-4144.312094162514,"scalar from welfare_function.calculate_welfare(physical_damage, welfare_loss=True)"
2085,rjan57 / Pacific Islands,Utilitarian,0.015,1.45,0.0,0.0,0.0,1.2002960404810268,0.35267692259855454,0.4233167137640786,"physical_damage_per_capita multiplied by JUSTICE welfare_function.calculate_discount_rate; regional time-discounting visibility, not full welfare aggregation",-4144.312094162514,"scalar from welfare_function.calculate_welfare(physical_damage, welfare_loss=True)"
2086,rjan57 / Pacific Islands,Utilitarian,0.015,1.45,0.0,0.0,0.0,1.238219014112467,0.3474649483729602,0.430237705813006,"physical_damage_per_capita multiplied by JUSTICE welfare_function.calculate_discount_rate; regional time-discounting visibility, not full welfare aggregation",-4144.312094162514,"scalar from welfare_function.calculate_welfare(physical_damage, welfare_loss=True)"
2087,rjan57 / Pacific Islands,Utilitarian,0.015,1.45,0.0,0.0,0.0,1.2759328389208202,0.3423299983970051,0.43679008670245056,"physical_damage_per_capita multiplied by JUSTICE welfare_function.calculate_discount_rate; regional time-discounting visibility, not full welfare aggregation",-4144.312094162514,"scalar from welfare_function.calculate_welfare(physical_damage, welfare_loss=True)"
2088,rjan57 / Pacific Islands,Utilitarian,0.015,1.45,0.0,0.0,0.0,1.3134958222998945,0.3372709343812859,0.4430039632930009,"physical_damage_per_capita multiplied by JUSTICE welfare_function.calculate_discount_rate; regional time-discounting visibility, not full welfare aggregation",-4144.312094162514,"scalar from welfare_function.calculate_welfare(physical_damage, welfare_loss=True)"
2089,rjan57 / Pacific Islands,Utilitarian,0.015,1.45,0.0,0.0,0.0,1.352500559153559,0.3322866348584098,0.44941785944525375,"physical_damage_per_capita multiplied by JUSTICE welfare_function.calculate_discount_rate; regional time-discounting visibility, not full welfare aggregation",-4144.312094162514,"scalar from welfare_function.calculate_welfare(physical_damage, welfare_loss=True)"
2090,rjan57 / Pacific Islands,Utilitarian,0.015,1.45,0.0,0.0,0.0,1.393429598878162,0.3273759949343939,0.45617540130377165,"physical_damage_per_capita multiplied by JUSTICE welfare_function.calculate_discount_rate; regional time-discounting visibility, not full welfare aggregation",-4144.312094162514,"scalar from welfare_function.calculate_welfare(physical_damage, welfare_loss=True)"
2091,rjan57 / Pacific Islands,Utilitarian,0.015,1.45,0.0,0.0,0.0,1.4377897217786437,0.3225379260437378,0.46374171494948657,"physical_damage_per_capita multiplied by JUSTICE welfare_function.calculate_discount_rate; regional time-discounting visibility, not full welfare aggregation",-4144.312094162514,"scalar from welfare_function.calculate_welfare(physical_damage, welfare_loss=True)"
2092,rjan57 / Pacific Islands,Utilitarian,0.015,1.45,0.0,0.0,0.0,1.4855307888386187,0.31777135570811615,0.47205913271539507,"physical_damage_per_capita multiplied by JUSTICE welfare_function.calculate_discount_rate; regional time-discounting visibility, not full welfare aggregation",-4144.312094162514,"scalar from welfare_function.calculate_welfare(physical_damage, welfare_loss=True)"
2093,rjan57 / Pacific Islands,Utilitarian,0.015,1.45,0.0,0.0,0.0,1.53580275088205,0.3130752272986366,0.4808217953182692,"physical_damage_per_capita multiplied by JUSTICE welfare_function.calculate_discount_rate; regional time-discounting visibility, not full welfare aggregation",-4144.312094162514,"scalar from welfare_function.calculate_welfare(physical_damage, welfare_loss=True)"
2094,rjan57 / Pacific Islands,Utilitarian,0.015,1.45,0.0,0.0,0.0,1.5872850972369432,0.3084484998016125,0.4895957070001917,"physical_damage_per_capita multiplied by JUSTICE welfare_function.calculate_discount_rate; regional time-discounting visibility, not full welfare aggregation",-4144.312094162514,"scalar from welfare_function.calculate_welfare(physical_damage, welfare_loss=True)"
2095,rjan57 / Pacific Islands,Utilitarian,0.015,1.45,0.0,0.0,0.0,1.6378196208469546,0.30389014758779553,0.4977172463013684,"physical_damage_per_capita multiplied by JUSTICE welfare_function.calculate_discount_rate; regional time-discounting visibility, not full welfare aggregation",-4144.312094162514,"scalar from welfare_function.calculate_welfare(physical_damage, welfare_loss=True)"
2096,rjan57 / Pacific Islands,Utilitarian,0.015,1.45,0.0,0.0,0.0,1.688402084659633,0.29939916018502033,0.5055061662017317,"physical_damage_per_capita multiplied by JUSTICE welfare_function.calculate_discount_rate; regional time-discounting visibility, not full welfare aggregation",-4144.312094162514,"scalar from welfare_function.calculate_welfare(physical_damage, welfare_loss=True)"
2097,rjan57 / Pacific Islands,Utilitarian,0.015,1.45,0.0,0.0,0.0,1.7373586878334648,0.2949745420542072,0.5124765833275746,"physical_damage_per_capita multiplied by JUSTICE welfare_function.calculate_discount_rate; regional time-discounting visibility, not full welfare aggregation",-4144.312094162514,"scalar from welfare_function.calculate_welfare(physical_damage, welfare_loss=True)"
2098,rjan57 / Pacific Islands,Utilitarian,0.015,1.45,0.0,0.0,0.0,1.786126370258723,0.2906153123686771,0.5190756730226702,"physical_damage_per_capita multiplied by JUSTICE welfare_function.calculate_discount_rate; regional time-discounting visibility, not full welfare aggregation",-4144.312094162514,"scalar from welfare_function.calculate_welfare(physical_damage, welfare_loss=True)"
2099,rjan57 / Pacific Islands,Utilitarian,0.015,1.45,0.0,0.0,0.0,1.8359432021113606,0.2863205047967262,0.5256681844066428,"physical_damage_per_capita multiplied by JUSTICE welfare_function.calculate_discount_rate; regional time-discounting visibility, not full welfare aggregation",-4144.312094162514,"scalar from welfare_function.calculate_welfare(physical_damage, welfare_loss=True)"
2100,rjan57 / Pacific Islands,Utilitarian,0.015,1.45,0.0,0.0,0.0,1.8876922020266935,0.282089167287415,0.5324975213646568,"physical_damage_per_capita multiplied by JUSTICE welfare_function.calculate_discount_rate; regional time-discounting visibility, not full welfare aggregation",-4144.312094162514,"scalar from welfare_function.calculate_welfare(physical_damage, welfare_loss=True)"
2101,rjan57 / Pacific Islands,Utilitarian,0.015,1.45,0.0,0.0,0.0,1.9427228408067831,0.27792036185952224,0.5399222349097802,"physical_damage_per_capita multiplied by JUSTICE welfare_function.calculate_discount_rate; regional time-discounting visibility, not full welfare aggregation",-4144.312094162514,"scalar from welfare_function.calculate_welfare(physical_damage, welfare_loss=True)"
2102,rjan57 / Pacific Islands,Utilitarian,0.015,1.45,0.0,0.0,0.0,2.001835069849156,0.27381316439361797,0.5481287950695167,"physical_damage_per_capita multiplied by JUSTICE welfare_function.calculate_discount_rate; regional time-discounting visibility, not full welfare aggregation",-4144.312094162514,"scalar from welfare_function.calculate_welfare(physical_damage, welfare_loss=True)"
2103,rjan57 / Pacific Islands,Utilitarian,0.015,1.45,0.0,0.0,0.0,2.0649798635180168,0.26976666442720987,0.5570627298906105,"physical_damage_per_capita multiplied by JUSTICE welfare_function.calculate_discount_rate; regional time-discounting visibility, not full welfare aggregation",-4144.312094162514,"scalar from welfare_function.calculate_welfare(physical_damage, welfare_loss=True)"
2104,rjan57 / Pacific Islands,Utilitarian,0.015,1.45,0.0,0.0,0.0,2.1281761239412975,0.2657799649529161,0.5656265756347509,"physical_damage_per_capita multiplied by JUSTICE welfare_function.calculate_discount_rate; regional time-discounting visibility, not full welfare aggregation",-4144.312094162514,"scalar from welfare_function.calculate_welfare(physical_damage, welfare_loss=True)"
2105,rjan57 / Pacific Islands,Utilitarian,0.015,1.45,0.0,0.0,0.0,2.1896818531252222,0.26185218221962187,0.573372971607545,"physical_damage_per_capita multiplied by JUSTICE welfare_function.calculate_discount_rate; regional time-discounting visibility, not full welfare aggregation",-4144.312094162514,"scalar from welfare_function.calculate_welfare(physical_damage, welfare_loss=True)"
2106,rjan57 / Pacific Islands,Utilitarian,0.015,1.45,0.0,0.0,0.0,2.2505081700178113,0.25798244553657323,0.5805916014012331,"physical_damage_per_capita multiplied by JUSTICE welfare_function.calculate_discount_rate; regional time-discounting visibility, not full welfare aggregation",-4144.312094162514,"scalar from welfare_function.calculate_welfare(physical_damage, welfare_loss=True)"
2107,rjan57 / Pacific Islands,Utilitarian,0.015,1.45,0.0,0.0,0.0,2.309667929831652,0.25416989708036775,0.587048060015137,"physical_damage_per_capita multiplied by JUSTICE welfare_function.calculate_discount_rate; regional time-discounting visibility, not full welfare aggregation",-4144.312094162514,"scalar from welfare_function.calculate_welfare(physical_damage, welfare_loss=True)"
2108,rjan57 / Pacific Islands,Utilitarian,0.015,1.45,0.0,0.0,0.0,2.3682809141715038,0.2504136917047958,0.593049966711695,"physical_damage_per_capita multiplied by JUSTICE welfare_function.calculate_discount_rate; regional time-discounting visibility, not full welfare aggregation",-4144.312094162514,"scalar from welfare_function.calculate_welfare(physical_damage, welfare_loss=True)"
2109,rjan57 / Pacific Islands,Utilitarian,0.015,1.45,0.0,0.0,0.0,2.4280455463749666,0.24671299675349345,0.5990303930001414,"physical_damage_per_capita multiplied by JUSTICE welfare_function.calculate_discount_rate; regional time-discounting visibility, not full welfare aggregation",-4144.312094162514,"scalar from welfare_function.calculate_welfare(physical_damage, welfare_loss=True)"
2110,rjan57 / Pacific Islands,Utilitarian,0.015,1.45,0.0,0.0,0.0,2.489785597269893,0.24306699187536304,0.605184695542997,"physical_damage_per_capita multiplied by JUSTICE welfare_function.calculate_discount_rate; regional time-discounting visibility, not full welfare aggregation",-4144.312094162514,"scalar from welfare_function.calculate_welfare(physical_damage, welfare_loss=True)"
2111,rjan57 / Pacific Islands,Utilitarian,0.015,1.45,0.0,0.0,0.0,2.5547085073941114,0.23947486884272226,0.6117884847395916,"physical_damage_per_capita multiplied by JUSTICE welfare_function.calculate_discount_rate; regional time-discounting visibility, not full welfare aggregation",-4144.312094162514,"scalar from welfare_function.calculate_welfare(physical_damage, welfare_loss=True)"
2112,rjan57 / Pacific Islands,Utilitarian,0.015,1.45,0.0,0.0,0.0,2.6236758708753496,0.23593583137214016,0.6190191478459994,"physical_damage_per_capita multiplied by JUSTICE welfare_function.calculate_discount_rate; regional time-discounting visibility, not full welfare aggregation",-4144.312094162514,"scalar from welfare_function.calculate_welfare(physical_damage, welfare_loss=True)"
2113,rjan57 / Pacific Islands,Utilitarian,0.015,1.45,0.0,0.0,0.0,2.698911359294287,0.23244909494792138,0.6273595028126213,"physical_damage_per_capita multiplied by JUSTICE welfare_function.calculate_discount_rate; regional time-discounting visibility, not full welfare aggregation",-4144.312094162514,"scalar from welfare_function.calculate_welfare(physical_damage, welfare_loss=True)"
2114,rjan57 / Pacific Islands,Utilitarian,0.015,1.45,0.0,0.0,0.0,2.776303076763155,0.2290138866481984,0.6358119581228816,"physical_damage_per_capita multiplied by JUSTICE welfare_function.calculate_discount_rate; regional time-discounting visibility, not full welfare aggregation",-4144.312094162514,"scalar from welfare_function.calculate_welfare(physical_damage, welfare_loss=True)"
2115,rjan57 / Pacific Islands,Utilitarian,0.015,1.45,0.0,0.0,0.0,2.851275509437793,0.22562944497359452,0.6433317106612523,"physical_damage_per_capita multiplied by JUSTICE welfare_function.calculate_discount_rate; regional time-discounting visibility, not full welfare aggregation",-4144.312094162514,"scalar from welfare_function.calculate_welfare(physical_damage, welfare_loss=True)"
2116,rjan57 / Pacific Islands,Utilitarian,0.015,1.45,0.0,0.0,0.0,2.923067872205993,0.2222950196784183,0.6497834301733835,"physical_damage_per_capita multiplied by JUSTICE welfare_function.calculate_discount_rate; regional time-discounting visibility, not full welfare aggregation",-4144.312094162514,"scalar from welfare_function.calculate_welfare(physical_damage, welfare_loss=True)"
2117,rjan57 / Pacific Islands,Utilitarian,0.015,1.45,0.0,0.0,0.0,2.9928328151665027,0.219009871604353,0.6554599305829101,"physical_damage_per_capita multiplied by JUSTICE welfare_function.calculate_discount_rate; regional time-discounting visibility, not full welfare aggregation",-4144.312094162514,"scalar from welfare_function.calculate_welfare(physical_damage, welfare_loss=True)"
2118,rjan57 / Pacific Islands,Utilitarian,0.015,1.45,0.0,0.0,0.0,3.0625104644341423,0.21577327251660394,0.6608079050272995,"physical_damage_per_capita multiplied by JUSTICE welfare_function.calculate_discount_rate; regional time-discounting visibility, not full welfare aggregation",-4144.312094162514,"scalar from welfare_function.calculate_welfare(physical_damage, welfare_loss=True)"
2119,rjan57 / Pacific Islands,Utilitarian,0.015,1.45,0.0,0.0,0.0,3.1321537933896426,0.21258450494246697,0.6658473635714072,"physical_damage_per_capita multiplied by JUSTICE welfare_function.calculate_discount_rate; regional time-discounting visibility, not full welfare aggregation",-4144.312094162514,"scalar from welfare_function.calculate_welfare(physical_damage, welfare_loss=True)"
2120,rjan57 / Pacific Islands,Utilitarian,0.015,1.45,0.0,0.0,0.0,3.2035892235357535,0.20944286201228274,0.6709688956890348,"physical_damage_per_capita multiplied by JUSTICE welfare_function.calculate_discount_rate; regional time-discounting visibility, not full welfare aggregation",-4144.312094162514,"scalar from welfare_function.calculate_welfare(physical_damage, welfare_loss=True)"
2121,rjan57 / Pacific Islands,Utilitarian,0.015,1.45,0.0,0.0,0.0,3.2775511541339113,0.20634764730274166,0.6763149695699182,"physical_damage_per_capita multiplied by JUSTICE welfare_function.calculate_discount_rate; regional time-discounting visibility, not full welfare aggregation",-4144.312094162514,"scalar from welfare_function.calculate_welfare(physical_damage, welfare_loss=True)"
2122,rjan57 / Pacific Islands,Utilitarian,0.015,1.45,0.0,0.0,0.0,3.3562709401209254,0.2032981746825041,0.6823237558665162,"physical_damage_per_capita multiplied by JUSTICE welfare_function.calculate_discount_rate; regional time-discounting visibility, not full welfare aggregation",-4144.312094162514,"scalar from welfare_function.calculate_welfare(physical_damage, welfare_loss=True)"
2123,rjan57 / Pacific Islands,Utilitarian,0.015,1.45,0.0,0.0,0.0,3.441549635534362,0.20029376816010258,0.6893209448112051,"physical_damage_per_capita multiplied by JUSTICE welfare_function.calculate_discount_rate; regional time-discounting visibility, not full welfare aggregation",-4144.312094162514,"scalar from welfare_function.calculate_welfare(physical_damage, welfare_loss=True)"
2124,rjan57 / Pacific Islands,Utilitarian,0.015,1.45,0.0,0.0,0.0,3.532437818064331,0.19733376173409123,0.6970692427303998,"physical_damage_per_capita multiplied by JUSTICE welfare_function.calculate_discount_rate; regional time-discounting visibility, not full welfare aggregation",-4144.312094162514,"scalar from welfare_function.calculate_welfare(physical_damage, welfare_loss=True)"
2125,rjan57 / Pacific Islands,Utilitarian,0.015,1.45,0.0,0.0,0.0,3.621025986377945,0.1944174992454101,0.7039908169742445,"physical_damage_per_capita multiplied by JUSTICE welfare_function.calculate_discount_rate; regional time-discounting visibility, not full welfare aggregation",-4144.312094162514,"scalar from welfare_function.calculate_welfare(physical_damage, welfare_loss=True)"
2126,rjan57 / Pacific Islands,Utilitarian,0.015,1.45,0.0,0.0,0.0,3.7052337982462844,0.19154433423193118,0.7097165410587342,"physical_damage_per_capita multiplied by JUSTICE welfare_function.calculate_discount_rate; regional time-discounting visibility, not full welfare aggregation",-4144.312094162514,"scalar from welfare_function.calculate_welfare(physical_damage, welfare_loss=True)"
2127,rjan57 / Pacific Islands,Utilitarian,0.015,1.45,0.0,0.0,0.0,3.7872009681617897,0.18871362978515388,0.7146964414276603,"physical_damage_per_capita multiplied by JUSTICE welfare_function.calculate_discount_rate; regional time-discounting visibility, not full welfare aggregation",-4144.312094162514,"scalar from welfare_function.calculate_welfare(physical_damage, welfare_loss=True)"
2128,rjan57 / Pacific Islands,Utilitarian,0.015,1.45,0.0,0.0,0.0,3.8651813596924187,0.18592475840901862,0.718632910507855,"physical_damage_per_capita multiplied by JUSTICE welfare_function.calculate_discount_rate; regional time-discounting visibility, not full welfare aggregation",-4144.312094162514,"scalar from welfare_function.calculate_welfare(physical_damage, welfare_loss=True)"
2129,rjan57 / Pacific Islands,Utilitarian,0.015,1.45,0.0,0.0,0.0,3.9432759957875785,0.18317710188080652,0.7223178688245201,"physical_damage_per_capita multiplied by JUSTICE welfare_function.calculate_discount_rate; regional time-discounting visibility, not full welfare aggregation",-4144.312094162514,"scalar from welfare_function.calculate_welfare(physical_damage, welfare_loss=True)"
2130,rjan57 / Pacific Islands,Utilitarian,0.015,1.45,0.0,0.0,0.0,4.0236513888587755,0.18047005111409511,0.726148571812643,"physical_damage_per_capita multiplied by JUSTICE welfare_function.calculate_discount_rate; regional time-discounting visibility, not full welfare aggregation",-4144.312094162514,"scalar from welfare_function.calculate_welfare(physical_damage, welfare_loss=True)"
2131,rjan57 / Pacific Islands,Utilitarian,0.015,1.45,0.0,0.0,0.0,4.10666566953927,0.17780300602373905,0.7301775007785731,"physical_damage_per_capita multiplied by JUSTICE welfare_function.calculate_discount_rate; regional time-discounting visibility, not full welfare aggregation",-4144.312094162514,"scalar from welfare_function.calculate_welfare(physical_damage, welfare_loss=True)"
2132,rjan57 / Pacific Islands,Utilitarian,0.015,1.45,0.0,0.0,0.0,4.195586120596543,0.1751753753928464,0.7349633736685155,"physical_damage_per_capita multiplied by JUSTICE welfare_function.calculate_discount_rate; regional time-discounting visibility, not full welfare aggregation",-4144.312094162514,"scalar from welfare_function.calculate_welfare(physical_damage, welfare_loss=True)"
2133,rjan57 / Pacific Islands,Utilitarian,0.015,1.45,0.0,0.0,0.0,4.294719714495533,0.1725865767417206,0.7412109735899636,"physical_damage_per_capita multiplied by JUSTICE welfare_function.calculate_discount_rate; regional time-discounting visibility, not full welfare aggregation",-4144.312094162514,"scalar from welfare_function.calculate_welfare(physical_damage, welfare_loss=True)"
2134,rjan57 / Pacific Islands,Utilitarian,0.015,1.45,0.0,0.0,0.0,4.39828457832123,0.1700360361987395,0.7478668757717865,"physical_damage_per_capita multiplied by JUSTICE welfare_function.calculate_discount_rate; regional time-discounting visibility, not full welfare aggregation",-4144.312094162514,"scalar from welfare_function.calculate_welfare(physical_damage, welfare_loss=True)"
2135,rjan57 / Pacific Islands,Utilitarian,0.015,1.45,0.0,0.0,0.0,4.49884925863693,0.16752318837314237,0.7536615718170064,"physical_damage_per_capita multiplied by JUSTICE welfare_function.calculate_discount_rate; regional time-discounting visibility, not full welfare aggregation",-4144.312094162514,"scalar from welfare_function.calculate_welfare(physical_damage, welfare_loss=True)"
2136,rjan57 / Pacific Islands,Utilitarian,0.015,1.45,0.0,0.0,0.0,4.594000154749415,0.16504747622969693,0.7582281313402282,"physical_damage_per_capita multiplied by JUSTICE welfare_function.calculate_discount_rate; regional time-discounting visibility, not full welfare aggregation",-4144.312094162514,"scalar from welfare_function.calculate_welfare(physical_damage, welfare_loss=True)"
2137,rjan57 / Pacific Islands,Utilitarian,0.015,1.45,0.0,0.0,0.0,4.6827094396931805,0.1626083509652187,0.7614476600377713,"physical_damage_per_capita multiplied by JUSTICE welfare_function.calculate_discount_rate; regional time-discounting visibility, not full welfare aggregation",-4144.312094162514,"scalar from welfare_function.calculate_welfare(physical_damage, welfare_loss=True)"
2138,rjan57 / Pacific Islands,Utilitarian,0.015,1.45,0.0,0.0,0.0,4.766594207651366,0.16020527188691497,0.763633521011381,"physical_damage_per_capita multiplied by JUSTICE welfare_function.calculate_discount_rate; regional time-discounting visibility, not full welfare aggregation",-4144.312094162514,"scalar from welfare_function.calculate_welfare(physical_damage, welfare_loss=True)"
2139,rjan57 / Pacific Islands,Utilitarian,0.015,1.45,0.0,0.0,0.0,4.850755423390667,0.15783770629252708,0.765632109814019,"physical_damage_per_capita multiplied by JUSTICE welfare_function.calculate_discount_rate; regional time-discounting visibility, not full welfare aggregation",-4144.312094162514,"scalar from welfare_function.calculate_welfare(physical_damage, welfare_loss=True)"
2140,rjan57 / Pacific Islands,Utilitarian,0.015,1.45,0.0,0.0,0.0,4.938506481367594,0.15550512935224345,0.7679630891919603,"physical_damage_per_capita multiplied by JUSTICE welfare_function.calculate_discount_rate; regional time-discounting visibility, not full welfare aggregation",-4144.312094162514,"scalar from welfare_function.calculate_welfare(physical_damage, welfare_loss=True)"
2141,rjan57 / Pacific Islands,Utilitarian,0.015,1.45,0.0,0.0,0.0,5.027330275026358,0.15320702399235808,0.7702223100634714,"physical_damage_per_capita multiplied by JUSTICE welfare_function.calculate_discount_rate; regional time-discounting visibility, not full welfare aggregation",-4144.312094162514,"scalar from welfare_function.calculate_welfare(physical_damage, welfare_loss=True)"
2142,rjan57 / Pacific Islands,Utilitarian,0.015,1.45,0.0,0.0,0.0,5.119403399052945,0.15094288078064838,0.7727374969312947,"physical_damage_per_capita multiplied by JUSTICE welfare_function.calculate_discount_rate; regional time-discounting visibility, not full welfare aggregation",-4144.312094162514,"scalar from welfare_function.calculate_welfare(physical_damage, welfare_loss=True)"
2143,rjan57 / Pacific Islands,Utilitarian,0.015,1.45,0.0,0.0,0.0,5.21731529413699,0.1487121978134467,0.7758784240768208,"physical_damage_per_capita multiplied by JUSTICE welfare_function.calculate_discount_rate; regional time-discounting visibility, not full welfare aggregation",-4144.312094162514,"scalar from welfare_function.calculate_welfare(physical_damage, welfare_loss=True)"
2144,rjan57 / Pacific Islands,Utilitarian,0.015,1.45,0.0,0.0,0.0,5.321560397841868,0.146514480604381,0.7796856576946444,"physical_damage_per_capita multiplied by JUSTICE welfare_function.calculate_discount_rate; regional time-discounting visibility, not full welfare aggregation",-4144.312094162514,"scalar from welfare_function.calculate_welfare(physical_damage, welfare_loss=True)"
2145,rjan57 / Pacific Islands,Utilitarian,0.015,1.45,0.0,0.0,0.0,5.426763532271373,0.14434924197475962,0.7833492022596417,"physical_damage_per_capita multiplied by JUSTICE welfare_function.calculate_discount_rate; regional time-discounting visibility, not full welfare aggregation",-4144.312094162514,"scalar from welfare_function.calculate_welfare(physical_damage, welfare_loss=True)"
2146,rjan57 / Pacific Islands,Utilitarian,0.015,1.45,0.0,0.0,0.0,5.527997363416199,0.142216001945576,0.7861696837907372,"physical_damage_per_capita multiplied by JUSTICE welfare_function.calculate_discount_rate; regional time-discounting visibility, not full welfare aggregation",-4144.312094162514,"scalar from welfare_function.calculate_welfare(physical_damage, welfare_loss=True)"
2147,rjan57 / Pacific Islands,Utilitarian,0.015,1.45,0.0,0.0,0.0,5.627869567293551,0.14011428763110936,0.7885449353021357,"physical_damage_per_capita multiplied by JUSTICE welfare_function.calculate_discount_rate; regional time-discounting visibility, not full welfare aggregation",-4144.312094162514,"scalar from welfare_function.calculate_welfare(physical_damage, welfare_loss=True)"
2148,rjan57 / Pacific Islands,Utilitarian,0.015,1.45,0.0,0.0,0.0,5.723827882605116,0.1380436331340979,0.790137996349061,"physical_damage_per_capita multiplied by JUSTICE welfare_function.calculate_discount_rate; regional time-discounting visibility, not full welfare aggregation",-4144.312094162514,"scalar from welfare_function.calculate_welfare(physical_damage, welfare_loss=True)"
2149,rjan57 / Pacific Islands,Utilitarian,0.015,1.45,0.0,0.0,0.0,5.8183419008588535,0.136003579442461,0.7913153249368566,"physical_damage_per_capita multiplied by JUSTICE welfare_function.calculate_discount_rate; regional time-discounting visibility, not full welfare aggregation",-4144.312094162514,"scalar from welfare_function.calculate_welfare(physical_damage, welfare_loss=True)"
2150,rjan57 / Pacific Islands,Utilitarian,0.015,1.45,0.0,0.0,0.0,5.913564280853068,0.1339936743275478,0.7923802063636454,"physical_damage_per_capita multiplied by JUSTICE welfare_function.calculate_discount_rate; regional time-discounting visibility, not full welfare aggregation",-4144.312094162514,"scalar from welfare_function.calculate_welfare(physical_damage, welfare_loss=True)"
2151,rjan57 / Pacific Islands,Utilitarian,0.015,1.45,0.0,0.0,0.0,6.005631231004563,0.13201347224388946,0.7928242318212566,"physical_damage_per_capita multiplied by JUSTICE welfare_function.calculate_discount_rate; regional time-discounting visibility, not full welfare aggregation",-4144.312094162514,"scalar from welfare_function.calculate_welfare(physical_damage, welfare_loss=True)"
2152,rjan57 / Pacific Islands,Utilitarian,0.015,1.45,0.0,0.0,0.0,6.099139692659386,0.13006253423043299,0.7932695650527039,"physical_damage_per_capita multiplied by JUSTICE welfare_function.calculate_discount_rate; regional time-discounting visibility, not full welfare aggregation",-4144.312094162514,"scalar from welfare_function.calculate_welfare(physical_damage, welfare_loss=True)"
2153,rjan57 / Pacific Islands,Utilitarian,0.015,1.45,0.0,0.0,0.0,6.194827603082189,0.12814042781323448,0.7938078592881855,"physical_damage_per_capita multiplied by JUSTICE welfare_function.calculate_discount_rate; regional time-discounting visibility, not full welfare aggregation",-4144.312094162514,"scalar from welfare_function.calculate_welfare(physical_damage, welfare_loss=True)"
2154,rjan57 / Pacific Islands,Utilitarian,0.015,1.45,0.0,0.0,0.0,6.295533804530596,0.12624672690959063,0.7947905369706703,"physical_damage_per_capita multiplied by JUSTICE welfare_function.calculate_discount_rate; regional time-discounting visibility, not full welfare aggregation",-4144.312094162514,"scalar from welfare_function.calculate_welfare(physical_damage, welfare_loss=True)"
2155,rjan57 / Pacific Islands,Utilitarian,0.015,1.45,0.0,0.0,0.0,6.405341634994291,0.12438101173358686,0.7967028730598573,"physical_damage_per_capita multiplied by JUSTICE welfare_function.calculate_discount_rate; regional time-discounting visibility, not full welfare aggregation",-4144.312094162514,"scalar from welfare_function.calculate_welfare(physical_damage, welfare_loss=True)"
2156,rjan57 / Pacific Islands,Utilitarian,0.015,1.45,0.0,0.0,0.0,6.5181183697389065,0.12254286870304124,0.798748923573796,"physical_damage_per_capita multiplied by JUSTICE welfare_function.calculate_discount_rate; regional time-discounting visibility, not full welfare aggregation",-4144.312094162514,"scalar from welfare_function.calculate_welfare(physical_damage, welfare_loss=True)"
2157,rjan57 / Pacific Islands,Utilitarian,0.015,1.45,0.0,0.0,0.0,6.6279841489937175,0.12073189034782389,0.8002090555034244,"physical_damage_per_capita multiplied by JUSTICE welfare_function.calculate_discount_rate; regional time-discounting visibility, not full welfare aggregation",-4144.312094162514,"scalar from welfare_function.calculate_welfare(physical_damage, welfare_loss=True)"
2158,rjan57 / Pacific Islands,Utilitarian,0.015,1.45,0.0,0.0,0.0,6.730838909007189,0.11894767521953095,0.8006176405035692,"physical_damage_per_capita multiplied by JUSTICE welfare_function.calculate_discount_rate; regional time-discounting visibility, not full welfare aggregation",-4144.312094162514,"scalar from welfare_function.calculate_welfare(physical_damage, welfare_loss=True)"
2159,rjan57 / Pacific Islands,Utilitarian,0.015,1.45,0.0,0.0,0.0,6.82782808974708,0.11718982780249355,0.8001519981024888,"physical_damage_per_capita multiplied by JUSTICE welfare_function.calculate_discount_rate; regional time-discounting visibility, not full welfare aggregation",-4144.312094162514,"scalar from welfare_function.calculate_welfare(physical_damage, welfare_loss=True)"
2160,rjan57 / Pacific Islands,Utilitarian,0.015,1.45,0.0,0.0,0.0,6.918718309851282,0.11545795842610204,0.7988210909807203,"physical_damage_per_capita multiplied by JUSTICE welfare_function.calculate_discount_rate; regional time-discounting visibility, not full welfare aggregation",-4144.312094162514,"scalar from welfare_function.calculate_welfare(physical_damage, welfare_loss=True)"
2161,rjan57 / Pacific Islands,Utilitarian,0.015,1.45,0.0,0.0,0.0,7.0013268691311294,0.11375168317842566,0.796412715846003,"physical_damage_per_capita multiplied by JUSTICE welfare_function.calculate_discount_rate; regional time-discounting visibility, not full welfare aggregation",-4144.312094162514,"scalar from welfare_function.calculate_welfare(physical_damage, welfare_loss=True)"
2162,rjan57 / Pacific Islands,Utilitarian,0.015,1.45,0.0,0.0,0.0,7.084357221522711,0.11207062382110904,0.7939483331876289,"physical_damage_per_capita multiplied by JUSTICE welfare_function.calculate_discount_rate; regional time-discounting visibility, not full welfare aggregation",-4144.312094162514,"scalar from welfare_function.calculate_welfare(physical_damage, welfare_loss=True)"
2163,rjan57 / Pacific Islands,Utilitarian,0.015,1.45,0.0,0.0,0.0,7.17139045850979,0.11041440770552614,0.79182482990142,"physical_damage_per_capita multiplied by JUSTICE welfare_function.calculate_discount_rate; regional time-discounting visibility, not full welfare aggregation",-4144.312094162514,"scalar from welfare_function.calculate_welfare(physical_damage, welfare_loss=True)"
2164,rjan57 / Pacific Islands,Utilitarian,0.015,1.45,0.0,0.0,0.0,7.265787086610339,0.10878266769017356,0.7903917021502868,"physical_damage_per_capita multiplied by JUSTICE welfare_function.calculate_discount_rate; regional time-discounting visibility, not full welfare aggregation",-4144.312094162514,"scalar from welfare_function.calculate_welfare(physical_damage, welfare_loss=True)"
2165,rjan57 / Pacific Islands,Utilitarian,0.015,1.45,0.0,0.0,0.0,7.3707358623902515,0.10717504205928431,0.7899589260595504,"physical_damage_per_capita multiplied by JUSTICE welfare_function.calculate_discount_rate; regional time-discounting visibility, not full welfare aggregation",-4144.312094162514,"scalar from welfare_function.calculate_welfare(physical_damage, welfare_loss=True)"
2166,rjan57 / Pacific Islands,Utilitarian,0.015,1.45,0.0,0.0,0.0,7.479111966024295,0.10559117444264465,0.7897282162805423,"physical_damage_per_capita multiplied by JUSTICE welfare_function.calculate_discount_rate; regional time-discounting visibility, not full welfare aggregation",-4144.312094162514,"scalar from welfare_function.calculate_welfare(physical_damage, welfare_loss=True)"
2167,rjan57 / Pacific Islands,Utilitarian,0.015,1.45,0.0,0.0,0.0,7.582595851405901,0.10403071373659573,0.7888228583979057,"physical_damage_per_capita multiplied by JUSTICE welfare_function.calculate_discount_rate; regional time-discounting visibility, not full welfare aggregation",-4144.312094162514,"scalar from welfare_function.calculate_welfare(physical_damage, welfare_loss=True)"
2168,rjan57 / Pacific Islands,Utilitarian,0.015,1.45,0.0,0.0,0.0,7.67758928306222,0.10249331402620268,0.7869015693531044,"physical_damage_per_capita multiplied by JUSTICE welfare_function.calculate_discount_rate; regional time-discounting visibility, not full welfare aggregation",-4144.312094162514,"scalar from welfare_function.calculate_welfare(physical_damage, welfare_loss=True)"
2169,rjan57 / Pacific Islands,Utilitarian,0.015,1.45,0.0,0.0,0.0,7.76420946765824,0.10097863450857408,0.784019270082672,"physical_damage_per_capita multiplied by JUSTICE welfare_function.calculate_discount_rate; regional time-discounting visibility, not full welfare aggregation",-4144.312094162514,"scalar from welfare_function.calculate_welfare(physical_damage, welfare_loss=True)"
2170,rjan57 / Pacific Islands,Utilitarian,0.015,1.45,0.0,0.0,0.0,7.840774377147579,0.09948633941731437,0.7800499409794857,"physical_damage_per_capita multiplied by JUSTICE welfare_function.calculate_discount_rate; regional time-discounting visibility, not full welfare aggregation",-4144.312094162514,"scalar from welfare_function.calculate_welfare(physical_damage, welfare_loss=True)"
2171,rjan57 / Pacific Islands,Utilitarian,0.015,1.45,0.0,0.0,0.0,7.909024796779807,0.09801609794809299,0.7752117491550659,"physical_damage_per_capita multiplied by JUSTICE welfare_function.calculate_discount_rate; regional time-discounting visibility, not full welfare aggregation",-4144.312094162514,"scalar from welfare_function.calculate_welfare(physical_damage, welfare_loss=True)"
2172,rjan57 / Pacific Islands,Utilitarian,0.015,1.45,0.0,0.0,0.0,7.97896668620711,0.09656758418531329,0.7705095371821152,"physical_damage_per_capita multiplied by JUSTICE welfare_function.calculate_discount_rate; regional time-discounting visibility, not full welfare aggregation",-4144.312094162514,"scalar from welfare_function.calculate_welfare(physical_damage, welfare_loss=True)"
2173,rjan57 / Pacific Islands,Utilitarian,0.015,1.45,0.0,0.0,0.0,8.052164797526745,0.09514047702986533,0.7660867999597835,"physical_damage_per_capita multiplied by JUSTICE welfare_function.calculate_discount_rate; regional time-discounting visibility, not full welfare aggregation",-4144.312094162514,"scalar from welfare_function.calculate_welfare(physical_damage, welfare_loss=True)"
2174,rjan57 / Pacific Islands,Utilitarian,0.015,1.45,0.0,0.0,0.0,8.130643691809587,0.09373446012794615,0.7621214969444625,"physical_damage_per_capita multiplied by JUSTICE welfare_function.calculate_discount_rate; regional time-discounting visibility, not full welfare aggregation",-4144.312094162514,"scalar from welfare_function.calculate_welfare(physical_damage, welfare_loss=True)"
2175,rjan57 / Pacific Islands,Utilitarian,0.015,1.45,0.0,0.0,0.0,8.21858479294331,0.09234922180093218,0.7589799099332899,"physical_damage_per_capita multiplied by JUSTICE welfare_function.calculate_discount_rate; regional time-discounting visibility, not full welfare aggregation",-4144.312094162514,"scalar from welfare_function.calculate_welfare(physical_damage, welfare_loss=True)"
2176,rjan57 / Pacific Islands,Utilitarian,0.015,1.45,0.0,0.0,0.0,8.305676889203845,0.09098445497628786,0.7556874849733618,"physical_damage_per_capita multiplied by JUSTICE welfare_function.calculate_discount_rate; regional time-discounting visibility, not full welfare aggregation",-4144.312094162514,"scalar from welfare_function.calculate_welfare(physical_damage, welfare_loss=True)"
2177,rjan57 / Pacific Islands,Utilitarian,0.015,1.45,0.0,0.0,0.0,8.392383787098575,0.08963985711949544,0.7522920835674863,"physical_damage_per_capita multiplied by JUSTICE welfare_function.calculate_discount_rate; regional time-discounting visibility, not full welfare aggregation",-4144.312094162514,"scalar from welfare_function.calculate_welfare(physical_damage, welfare_loss=True)"
2178,rjan57 / Pacific Islands,Utilitarian,0.015,1.45,0.0,0.0,0.0,8.475092021511989,0.0883151301669906,0.7484788550570547,"physical_damage_per_capita multiplied by JUSTICE welfare_function.calculate_discount_rate; regional time-discounting visibility, not full welfare aggregation",-4144.312094162514,"scalar from welfare_function.calculate_welfare(physical_damage, welfare_loss=True)"
2179,rjan57 / Pacific Islands,Utilitarian,0.015,1.45,0.0,0.0,0.0,8.548965565654964,0.08700998046008926,0.7438453268216143,"physical_damage_per_capita multiplied by JUSTICE welfare_function.calculate_discount_rate; regional time-discounting visibility, not full welfare aggregation",-4144.312094162514,"scalar from welfare_function.calculate_welfare(physical_damage, welfare_loss=True)"
2180,rjan57 / Pacific Islands,Utilitarian,0.015,1.45,0.0,0.0,0.0,8.613134845202584,0.08572411867989091,0.7383533936760501,"physical_damage_per_capita multiplied by JUSTICE welfare_function.calculate_discount_rate; regional time-discounting visibility, not full welfare aggregation",-4144.312094162514,"scalar from welfare_function.calculate_welfare(physical_damage, welfare_loss=True)"
2181,rjan57 / Pacific Islands,Utilitarian,0.015,1.45,0.0,0.0,0.0,8.664744468388083,0.08445725978314376,0.7318005745212103,"physical_damage_per_capita multiplied by JUSTICE welfare_function.calculate_discount_rate; regional time-discounting visibility, not full welfare aggregation",-4144.312094162514,"scalar from welfare_function.calculate_welfare(physical_damage, welfare_loss=True)"
2182,rjan57 / Pacific Islands,Utilitarian,0.015,1.45,0.0,0.0,0.0,8.715297510675002,0.0832091229390579,0.7251922620162216,"physical_damage_per_capita multiplied by JUSTICE welfare_function.calculate_discount_rate; regional time-discounting visibility, not full welfare aggregation",-4144.312094162514,"scalar from welfare_function.calculate_welfare(physical_damage, welfare_loss=True)"
2183,rjan57 / Pacific Islands,Utilitarian,0.015,1.45,0.0,0.0,0.0,8.76568887339442,0.08197943146705212,0.7186061902579393,"physical_damage_per_capita multiplied by JUSTICE welfare_function.calculate_discount_rate; regional time-discounting visibility, not full welfare aggregation",-4144.312094162514,"scalar from welfare_function.calculate_welfare(physical_damage, welfare_loss=True)"
2184,rjan57 / Pacific Islands,Utilitarian,0.015,1.45,0.0,0.0,0.0,8.81685801625303,0.08076791277542082,0.7121192192099947,"physical_damage_per_capita multiplied by JUSTICE welfare_function.calculate_discount_rate; regional time-discounting visibility, not full welfare aggregation",-4144.312094162514,"scalar from welfare_function.calculate_welfare(physical_damage, welfare_loss=True)"
2185,rjan57 / Pacific Islands,Utilitarian,0.015,1.45,0.0,0.0,0.0,8.869107093141714,0.07957429830090723,0.705752973492351,"physical_damage_per_capita multiplied by JUSTICE welfare_function.calculate_discount_rate; regional time-discounting visibility, not full welfare aggregation",-4144.312094162514,"scalar from welfare_function.calculate_welfare(physical_damage, welfare_loss=True)"
2186,rjan57 / Pacific Islands,Utilitarian,0.015,1.45,0.0,0.0,0.0,8.915321515687081,0.07839832344916968,0.6989462598401774,"physical_damage_per_capita multiplied by JUSTICE welfare_function.calculate_discount_rate; regional time-discounting visibility, not full welfare aggregation",-4144.312094162514,"scalar from welfare_function.calculate_welfare(physical_damage, welfare_loss=True)"
2187,rjan57 / Pacific Islands,Utilitarian,0.015,1.45,0.0,0.0,0.0,8.965996949055851,0.07723972753612778,0.6925311614348268,"physical_damage_per_capita multiplied by JUSTICE welfare_function.calculate_discount_rate; regional time-discounting visibility, not full welfare aggregation",-4144.312094162514,"scalar from welfare_function.calculate_welfare(physical_damage, welfare_loss=True)"
2188,rjan57 / Pacific Islands,Utilitarian,0.015,1.45,0.0,0.0,0.0,9.025025612307074,0.07609825373017516,0.6867886889666731,"physical_damage_per_capita multiplied by JUSTICE welfare_function.calculate_discount_rate; regional time-discounting visibility, not full welfare aggregation",-4144.312094162514,"scalar from welfare_function.calculate_welfare(physical_damage, welfare_loss=True)"
2189,rjan57 / Pacific Islands,Utilitarian,0.015,1.45,0.0,0.0,0.0,9.086079788026792,0.07497364899524647,0.6812165567703242,"physical_damage_per_capita multiplied by JUSTICE welfare_function.calculate_discount_rate; regional time-discounting visibility, not full welfare aggregation",-4144.312094162514,"scalar from welfare_function.calculate_welfare(physical_damage, welfare_loss=True)"
2190,rjan57 / Pacific Islands,Utilitarian,0.015,1.45,0.0,0.0,0.0,9.142461059063026,0.07386566403472558,0.6753139570393109,"physical_damage_per_capita multiplied by JUSTICE welfare_function.calculate_discount_rate; regional time-discounting visibility, not full welfare aggregation",-4144.312094162514,"scalar from welfare_function.calculate_welfare(physical_damage, welfare_loss=True)"
2191,rjan57 / Pacific Islands,Utilitarian,0.015,1.45,0.0,0.0,0.0,9.187580640760679,0.07277405323618286,0.6686174826624406,"physical_damage_per_capita multiplied by JUSTICE welfare_function.calculate_discount_rate; regional time-discounting visibility, not full welfare aggregation",-4144.312094162514,"scalar from welfare_function.calculate_welfare(physical_damage, welfare_loss=True)"
2192,rjan57 / Pacific Islands,Utilitarian,0.015,1.45,0.0,0.0,0.0,9.22422744154569,0.07169857461692893,0.661363959501187,"physical_damage_per_capita multiplied by JUSTICE welfare_function.calculate_discount_rate; regional time-discounting visibility, not full welfare aggregation",-4144.312094162514,"scalar from welfare_function.calculate_welfare(physical_damage, welfare_loss=True)"
2193,rjan57 / Pacific Islands,Utilitarian,0.015,1.45,0.0,0.0,0.0,9.250056219122833,0.07063898977037333,0.653414626637996,"physical_damage_per_capita multiplied by JUSTICE welfare_function.calculate_discount_rate; regional time-discounting visibility, not full welfare aggregation",-4144.312094162514,"scalar from welfare_function.calculate_welfare(physical_damage, welfare_loss=True)"
2194,rjan57 / Pacific Islands,Utilitarian,0.015,1.45,0.0,0.0,0.0,9.272298767331952,0.0695950638131757,0.6453062244072977,"physical_damage_per_capita multiplied by JUSTICE welfare_function.calculate_discount_rate; regional time-discounting visibility, not full welfare aggregation",-4144.312094162514,"scalar from welfare_function.calculate_welfare(physical_damage, welfare_loss=True)"
2195,rjan57 / Pacific Islands,Utilitarian,0.015,1.45,0.0,0.0,0.0,9.295920983224951,0.06856656533317804,0.6373893734283542,"physical_damage_per_capita multiplied by JUSTICE welfare_function.calculate_discount_rate; regional time-discounting visibility, not full welfare aggregation",-4144.312094162514,"scalar from welfare_function.calculate_welfare(physical_damage, welfare_loss=True)"
2196,rjan57 / Pacific Islands,Utilitarian,0.015,1.45,0.0,0.0,0.0,9.312626556157982,0.06755326633810645,0.6290983420554631,"physical_damage_per_capita multiplied by JUSTICE welfare_function.calculate_discount_rate; regional time-discounting visibility, not full welfare aggregation",-4144.312094162514,"scalar from welfare_function.calculate_welfare(physical_damage, welfare_loss=True)"
2197,rjan57 / Pacific Islands,Utilitarian,0.015,1.45,0.0,0.0,0.0,9.332355165032247,0.066554942205031,0.6211143586455438,"physical_damage_per_capita multiplied by JUSTICE welfare_function.calculate_discount_rate; regional time-discounting visibility, not full welfare aggregation",-4144.312094162514,"scalar from welfare_function.calculate_welfare(physical_damage, welfare_loss=True)"
2198,rjan57 / Pacific Islands,Utilitarian,0.015,1.45,0.0,0.0,0.0,9.360002029318517,0.0655713716305724,0.6137481715273564,"physical_damage_per_capita multiplied by JUSTICE welfare_function.calculate_discount_rate; regional time-discounting visibility, not full welfare aggregation",-4144.312094162514,"scalar from welfare_function.calculate_welfare(physical_damage, welfare_loss=True)"
2199,rjan57 / Pacific Islands,Utilitarian,0.015,1.45,0.0,0.0,0.0,9.396297757856352,0.06460233658184475,0.6070227903762693,"physical_damage_per_capita multiplied by JUSTICE welfare_function.calculate_discount_rate; regional time-discounting visibility, not full welfare aggregation",-4144.312094162514,"scalar from welfare_function.calculate_welfare(physical_damage, welfare_loss=True)"
2200,rjan57 / Pacific Islands,Utilitarian,0.015,1.45,0.0,0.0,0.0,9.433726016195772,0.06364762224812291,0.6004342298711179,"physical_damage_per_capita multiplied by JUSTICE welfare_function.calculate_discount_rate; regional time-discounting visibility, not full welfare aggregation",-4144.312094162514,"scalar from welfare_function.calculate_welfare(physical_damage, welfare_loss=True)"
2201,rjan57 / Pacific Islands,Utilitarian,0.015,1.45,0.0,0.0,0.0,9.46609863733745,0.06270701699322455,0.5935908081110591,"physical_damage_per_capita multiplied by JUSTICE welfare_function.calculate_discount_rate; regional time-discounting visibility, not full welfare aggregation",-4144.312094162514,"scalar from welfare_function.calculate_welfare(physical_damage, welfare_loss=True)"
2202,rjan57 / Pacific Islands,Utilitarian,0.015,1.45,0.0,0.0,0.0,9.486827090201036,0.06178031230859562,0.5860991404502655,"physical_damage_per_capita multiplied by JUSTICE welfare_function.calculate_discount_rate; regional time-discounting visibility, not full welfare aggregation",-4144.312094162514,"scalar from welfare_function.calculate_welfare(physical_damage, welfare_loss=True)"
2203,rjan57 / Pacific Islands,Utilitarian,0.015,1.45,0.0,0.0,0.0,9.49773823284589,0.06086730276708929,0.5781017086211904,"physical_damage_per_capita multiplied by JUSTICE welfare_function.calculate_discount_rate; regional time-discounting visibility, not full welfare aggregation",-4144.312094162514,"scalar from welfare_function.calculate_welfare(physical_damage, welfare_loss=True)"
2204,rjan57 / Pacific Islands,Utilitarian,0.015,1.45,0.0,0.0,0.0,9.50457682385628,0.05996778597742788,0.5699684287790345,"physical_damage_per_capita multiplied by JUSTICE welfare_function.calculate_discount_rate; regional time-discounting visibility, not full welfare aggregation",-4144.312094162514,"scalar from welfare_function.calculate_welfare(physical_damage, welfare_loss=True)"
2205,rjan57 / Pacific Islands,Utilitarian,0.015,1.45,0.0,0.0,0.0,9.512902539895899,0.059081562539337815,0.562037146341485,"physical_damage_per_capita multiplied by JUSTICE welfare_function.calculate_discount_rate; regional time-discounting visibility, not full welfare aggregation",-4144.312094162514,"scalar from welfare_function.calculate_welfare(physical_damage, welfare_loss=True)"
2206,rjan57 / Pacific Islands,Utilitarian,0.015,1.45,0.0,0.0,0.0,9.522642689654568,0.0582084359993476,0.5542981375454132,"physical_damage_per_capita multiplied by JUSTICE welfare_function.calculate_discount_rate; regional time-discounting visibility, not full welfare aggregation",-4144.312094162514,"scalar from welfare_function.calculate_welfare(physical_damage, welfare_loss=True)"
2207,rjan57 / Pacific Islands,Utilitarian,0.015,1.45,0.0,0.0,0.0,9.532001542797628,0.05734821280723902,0.546643252955289,"physical_damage_per_capita multiplied by JUSTICE welfare_function.calculate_discount_rate; regional time-discounting visibility, not full welfare aggregation",-4144.312094162514,"scalar from welfare_function.calculate_welfare(physical_damage, welfare_loss=True)"
2208,rjan57 / Pacific Islands,Utilitarian,0.015,1.45,0.0,0.0,0.0,9.542387460754474,0.056500702273141905,0.5391515928950511,"physical_damage_per_capita multiplied by JUSTICE welfare_function.calculate_discount_rate; regional time-discounting visibility, not full welfare aggregation",-4144.312094162514,"scalar from welfare_function.calculate_welfare(physical_damage, welfare_loss=True)"
2209,rjan57 / Pacific Islands,Utilitarian,0.015,1.45,0.0,0.0,0.0,9.555351836387706,0.055665716525262955,0.5319055066235089,"physical_damage_per_capita multiplied by JUSTICE welfare_function.calculate_discount_rate; regional time-discounting visibility, not full welfare aggregation",-4144.312094162514,"scalar from welfare_function.calculate_welfare(physical_damage, welfare_loss=True)"
2210,rjan57 / Pacific Islands,Utilitarian,0.015,1.45,0.0,0.0,0.0,9.574721516070074,0.05484307046823938,0.5251071268195988,"physical_damage_per_capita multiplied by JUSTICE welfare_function.calculate_discount_rate; regional time-discounting visibility, not full welfare aggregation",-4144.312094162514,"scalar from welfare_function.calculate_welfare(physical_damage, welfare_loss=True)"
2211,rjan57 / Pacific Islands,Utilitarian,0.015,1.45,0.0,0.0,0.0,9.60150419835367,0.05403258174210777,0.5187940604447355,"physical_damage_per_capita multiplied by JUSTICE welfare_function.calculate_discount_rate; regional time-discounting visibility, not full welfare aggregation",-4144.312094162514,"scalar from welfare_function.calculate_welfare(physical_damage, welfare_loss=True)"
2212,rjan57 / Pacific Islands,Utilitarian,0.015,1.45,0.0,0.0,0.0,9.630495655151618,0.05323407068187958,0.5126704864078755,"physical_damage_per_capita multiplied by JUSTICE welfare_function.calculate_discount_rate; regional time-discounting visibility, not full welfare aggregation",-4144.312094162514,"scalar from welfare_function.calculate_welfare(physical_damage, welfare_loss=True)"
2213,rjan57 / Pacific Islands,Utilitarian,0.015,1.45,0.0,0.0,0.0,9.655874769953337,0.05244736027771388,0.5064251428562303,"physical_damage_per_capita multiplied by JUSTICE welfare_function.calculate_discount_rate; regional time-discounting visibility, not full welfare aggregation",-4144.312094162514,"scalar from welfare_function.calculate_welfare(physical_damage, welfare_loss=True)"
2214,rjan57 / Pacific Islands,Utilitarian,0.015,1.45,0.0,0.0,0.0,9.675526564151095,0.0516722761356787,0.49995648038090995,"physical_damage_per_capita multiplied by JUSTICE welfare_function.calculate_discount_rate; regional time-discounting visibility, not full welfare aggregation",-4144.312094162514,"scalar from welfare_function.calculate_welfare(physical_damage, welfare_loss=True)"
2215,rjan57 / Pacific Islands,Utilitarian,0.015,1.45,0.0,0.0,0.0,9.688932145152846,0.05090864643909232,0.49325042094994254,"physical_damage_per_capita multiplied by JUSTICE welfare_function.calculate_discount_rate; regional time-discounting visibility, not full welfare aggregation",-4144.312094162514,"scalar from welfare_function.calculate_welfare(physical_damage, welfare_loss=True)"
2216,rjan57 / Pacific Islands,Utilitarian,0.015,1.45,0.0,0.0,0.0,9.69842548836514,0.05015630191043579,0.48643715685030764,"physical_damage_per_capita multiplied by JUSTICE welfare_function.calculate_discount_rate; regional time-discounting visibility, not full welfare aggregation",-4144.312094162514,"scalar from welfare_function.calculate_welfare(physical_damage, welfare_loss=True)"
2217,rjan57 / Pacific Islands,Utilitarian,0.015,1.45,0.0,0.0,0.0,9.703786305576532,0.049415075773828365,0.47951333558310233,"physical_damage_per_capita multiplied by JUSTICE welfare_function.calculate_discount_rate; regional time-discounting visibility, not full welfare aggregation",-4144.312094162514,"scalar from welfare_function.calculate_welfare(physical_damage, welfare_loss=True)"
2218,rjan57 / Pacific Islands,Utilitarian,0.015,1.45,0.0,0.0,0.0,9.705709502409867,0.048684803718057515,0.47252056206931004,"physical_damage_per_capita multiplied by JUSTICE welfare_function.calculate_discount_rate; regional time-discounting visibility, not full welfare aggregation",-4144.312094162514,"scalar from welfare_function.calculate_welfare(physical_damage, welfare_loss=True)"
2219,rjan57 / Pacific Islands,Utilitarian,0.015,1.45,0.0,0.0,0.0,9.710454250467782,0.04796532386015518,0.4657650829529076,"physical_damage_per_capita multiplied by JUSTICE welfare_function.calculate_discount_rate; regional time-discounting visibility, not full welfare aggregation",-4144.312094162514,"scalar from welfare_function.calculate_welfare(physical_damage, welfare_loss=True)"
2220,rjan57 / Pacific Islands,Utilitarian,0.015,1.45,0.0,0.0,0.0,9.719832690914727,0.0472564767095125,0.45932504717857003,"physical_damage_per_capita multiplied by JUSTICE welfare_function.calculate_discount_rate; regional time-discounting visibility, not full welfare aggregation",-4144.312094162514,"scalar from welfare_function.calculate_welfare(physical_damage, welfare_loss=True)"
2221,rjan57 / Pacific Islands,Utilitarian,0.015,1.45,0.0,0.0,0.0,9.735736518227517,0.04655810513252464,0.4532774443581961,"physical_damage_per_capita multiplied by JUSTICE welfare_function.calculate_discount_rate; regional time-discounting visibility, not full welfare aggregation",-4144.312094162514,"scalar from welfare_function.calculate_welfare(physical_damage, welfare_loss=True)"
2222,rjan57 / Pacific Islands,Utilitarian,0.015,1.45,0.0,0.0,0.0,9.760109880318291,0.04587005431775827,0.44769677035748917,"physical_damage_per_capita multiplied by JUSTICE welfare_function.calculate_discount_rate; regional time-discounting visibility, not full welfare aggregation",-4144.312094162514,"scalar from welfare_function.calculate_welfare(physical_damage, welfare_loss=True)"
2223,rjan57 / Pacific Islands,Utilitarian,0.015,1.45,0.0,0.0,0.0,9.789279791950982,0.045192171741633765,0.44239881358475364,"physical_damage_per_capita multiplied by JUSTICE welfare_function.calculate_discount_rate; regional time-discounting visibility, not full welfare aggregation",-4144.312094162514,"scalar from welfare_function.calculate_welfare(physical_damage, welfare_loss=True)"
2224,rjan57 / Pacific Islands,Utilitarian,0.015,1.45,0.0,0.0,0.0,9.821282529668668,0.044524307134614555,0.43728579980679194,"physical_damage_per_capita multiplied by JUSTICE welfare_function.calculate_discount_rate; regional time-discounting visibility, not full welfare aggregation",-4144.312094162514,"scalar from welfare_function.calculate_welfare(physical_damage, welfare_loss=True)"
2225,rjan57 / Pacific Islands,Utilitarian,0.015,1.45,0.0,0.0,0.0,9.847368213402936,0.04386631244789612,0.4319677308386138,"physical_damage_per_capita multiplied by JUSTICE welfare_function.calculate_discount_rate; regional time-discounting visibility, not full welfare aggregation",-4144.312094162514,"scalar from welfare_function.calculate_welfare(physical_damage, welfare_loss=True)"
2226,rjan57 / Pacific Islands,Utilitarian,0.015,1.45,0.0,0.0,0.0,9.858960683866187,0.04321804182058731,0.4260849751428549,"physical_damage_per_capita multiplied by JUSTICE welfare_function.calculate_discount_rate; regional time-discounting visibility, not full welfare aggregation",-4144.312094162514,"scalar from welfare_function.calculate_welfare(physical_damage, welfare_loss=True)"
2227,rjan57 / Pacific Islands,Utilitarian,0.015,1.45,0.0,0.0,0.0,9.861831563124857,0.04257935154737666,0.41991039302730837,"physical_damage_per_capita multiplied by JUSTICE welfare_function.calculate_discount_rate; regional time-discounting visibility, not full welfare aggregation",-4144.312094162514,"scalar from welfare_function.calculate_welfare(physical_damage, welfare_loss=True)"
2228,rjan57 / Pacific Islands,Utilitarian,0.015,1.45,0.0,0.0,0.0,9.860410515096962,0.04195010004667652,0.41364520760961876,"physical_damage_per_capita multiplied by JUSTICE welfare_function.calculate_discount_rate; regional time-discounting visibility, not full welfare aggregation",-4144.312094162514,"scalar from welfare_function.calculate_welfare(physical_damage, welfare_loss=True)"
2229,rjan57 / Pacific Islands,Utilitarian,0.015,1.45,0.0,0.0,0.0,9.859543138918276,0.041330147829237954,0.40749637546024114,"physical_damage_per_capita multiplied by JUSTICE welfare_function.calculate_discount_rate; regional time-discounting visibility, not full welfare aggregation",-4144.312094162514,"scalar from welfare_function.calculate_welfare(physical_damage, welfare_loss=True)"
2230,rjan57 / Pacific Islands,Utilitarian,0.015,1.45,0.0,0.0,0.0,9.861644105699785,0.04071935746722952,0.4015598115545865,"physical_damage_per_capita multiplied by JUSTICE welfare_function.calculate_discount_rate; regional time-discounting visibility, not full welfare aggregation",-4144.312094162514,"scalar from welfare_function.calculate_welfare(physical_damage, welfare_loss=True)"
2231,rjan57 / Pacific Islands,Utilitarian,0.015,1.45,0.0,0.0,0.0,9.868559563768002,0.040117593563772924,0.39590286163912897,"physical_damage_per_capita multiplied by JUSTICE welfare_function.calculate_discount_rate; regional time-discounting visibility, not full welfare aggregation",-4144.312094162514,"scalar from welfare_function.calculate_welfare(physical_damage, welfare_loss=True)"
2232,rjan57 / Pacific Islands,Utilitarian,0.015,1.45,0.0,0.0,0.0,9.885260481852765,0.03952472272292899,0.39071217958915794,"physical_damage_per_capita multiplied by JUSTICE welfare_function.calculate_discount_rate; regional time-discounting visibility, not full welfare aggregation",-4144.312094162514,"scalar from welfare_function.calculate_welfare(physical_damage, welfare_loss=True)"
2233,rjan57 / Pacific Islands,Utilitarian,0.015,1.45,0.0,0.0,0.0,9.908102446558052,0.03894061352012709,0.38582758808924283,"physical_damage_per_capita multiplied by JUSTICE welfare_function.calculate_discount_rate; regional time-discounting visibility, not full welfare aggregation",-4144.312094162514,"scalar from welfare_function.calculate_welfare(physical_damage, welfare_loss=True)"
2234,rjan57 / Pacific Islands,Utilitarian,0.015,1.45,0.0,0.0,0.0,9.928940489235423,0.03836513647303162,0.38092515690212636,"physical_damage_per_capita multiplied by JUSTICE welfare_function.calculate_discount_rate; regional time-discounting visibility, not full welfare aggregation",-4144.312094162514,"scalar from welfare_function.calculate_welfare(physical_damage, welfare_loss=True)"
2235,rjan57 / Pacific Islands,Utilitarian,0.015,1.45,0.0,0.0,0.0,9.947103179042436,0.03779816401283904,0.3759822374140786,"physical_damage_per_capita multiplied by JUSTICE welfare_function.calculate_discount_rate; regional time-discounting visibility, not full welfare aggregation",-4144.312094162514,"scalar from welfare_function.calculate_welfare(physical_damage, welfare_loss=True)"
2236,rjan57 / Pacific Islands,Utilitarian,0.015,1.45,0.0,0.0,0.0,9.960763698520566,0.03723957045599906,0.37093456154661436,"physical_damage_per_capita multiplied by JUSTICE welfare_function.calculate_discount_rate; regional time-discounting visibility, not full welfare aggregation",-4144.312094162514,"scalar from welfare_function.calculate_welfare(physical_damage, welfare_loss=True)"
2237,rjan57 / Pacific Islands,Utilitarian,0.015,1.45,0.0,0.0,0.0,9.967656739763287,0.03668923197635376,0.36570567038584123,"physical_damage_per_capita multiplied by JUSTICE welfare_function.calculate_discount_rate; regional time-discounting visibility, not full welfare aggregation",-4144.312094162514,"scalar from welfare_function.calculate_welfare(physical_damage, welfare_loss=True)"
2238,rjan57 / Pacific Islands,Utilitarian,0.015,1.45,0.0,0.0,0.0,9.96853983622173,0.03614702657768843,0.36033307440065276,"physical_damage_per_capita multiplied by JUSTICE welfare_function.calculate_discount_rate; regional time-discounting visibility, not full welfare aggregation",-4144.312094162514,"scalar from welfare_function.calculate_welfare(physical_damage, welfare_loss=True)"
2239,rjan57 / Pacific Islands,Utilitarian,0.015,1.45,0.0,0.0,0.0,9.966617871128694,0.03561283406668811,0.35493950845059447,"physical_damage_per_capita multiplied by JUSTICE welfare_function.calculate_discount_rate; regional time-discounting visibility, not full welfare aggregation",-4144.312094162514,"scalar from welfare_function.calculate_welfare(physical_damage, welfare_loss=True)"
2240,rjan57 / Pacific Islands,Utilitarian,0.015,1.45,0.0,0.0,0.0,9.96703982894501,0.03508653602629371,0.3497089020337834,"physical_damage_per_capita multiplied by JUSTICE welfare_function.calculate_discount_rate; regional time-discounting visibility, not full welfare aggregation",-4144.312094162514,"scalar from welfare_function.calculate_welfare(physical_damage, welfare_loss=True)"
2241,rjan57 / Pacific Islands,Utilitarian,0.015,1.45,0.0,0.0,0.0,9.970832203022871,0.034568015789451935,0.34467188502807045,"physical_damage_per_capita multiplied by JUSTICE welfare_function.calculate_discount_rate; regional time-discounting visibility, not full welfare aggregation",-4144.312094162514,"scalar from welfare_function.calculate_welfare(physical_damage, welfare_loss=True)"
2242,rjan57 / Pacific Islands,Utilitarian,0.015,1.45,0.0,0.0,0.0,9.980029095661402,0.03405715841325314,0.33989143187981585,"physical_damage_per_capita multiplied by JUSTICE welfare_function.calculate_discount_rate; regional time-discounting visibility, not full welfare aggregation",-4144.312094162514,"scalar from welfare_function.calculate_welfare(physical_damage, welfare_loss=True)"
2243,rjan57 / Pacific Islands,Utilitarian,0.015,1.45,0.0,0.0,0.0,9.998343450502883,0.03355385065345137,0.3354829229200874,"physical_damage_per_capita multiplied by JUSTICE welfare_function.calculate_discount_rate; regional time-discounting visibility, not full welfare aggregation",-4144.312094162514,"scalar from welfare_function.calculate_welfare(physical_damage, welfare_loss=True)"
2244,rjan57 / Pacific Islands,Utilitarian,0.015,1.45,0.0,0.0,0.0,10.024544759376942,0.033057980939360965,0.3313912095812538,"physical_damage_per_capita multiplied by JUSTICE welfare_function.calculate_discount_rate; regional time-discounting visibility, not full welfare aggregation",-4144.312094162514,"scalar from welfare_function.calculate_welfare(physical_damage, welfare_loss=True)"
2245,rjan57 / Pacific Islands,Utilitarian,0.015,1.45,0.0,0.0,0.0,10.048510852261035,0.0325694393491241,0.32727436475173116,"physical_damage_per_capita multiplied by JUSTICE welfare_function.calculate_discount_rate; regional time-discounting visibility, not full welfare aggregation",-4144.312094162514,"scalar from welfare_function.calculate_welfare(physical_damage, welfare_loss=True)"
2246,rjan57 / Pacific Islands,Utilitarian,0.015,1.45,0.0,0.0,0.0,10.064288185145331,0.032088117585343946,0.32294406269773124,"physical_damage_per_capita multiplied by JUSTICE welfare_function.calculate_discount_rate; regional time-discounting visibility, not full welfare aggregation",-4144.312094162514,"scalar from welfare_function.calculate_welfare(physical_damage, welfare_loss=True)"
2247,rjan57 / Pacific Islands,Utilitarian,0.015,1.45,0.0,0.0,0.0,10.07080768104789,0.03161390895107778,0.31837759709246277,"physical_damage_per_capita multiplied by JUSTICE welfare_function.calculate_discount_rate; regional time-discounting visibility, not full welfare aggregation",-4144.312094162514,"scalar from welfare_function.calculate_welfare(physical_damage, welfare_loss=True)"
2248,rjan57 / Pacific Islands,Utilitarian,0.015,1.45,0.0,0.0,0.0,10.069030655711835,0.031146708326185015,0.31361716096087194,"physical_damage_per_capita multiplied by JUSTICE welfare_function.calculate_discount_rate; regional time-discounting visibility, not full welfare aggregation",-4144.312094162514,"scalar from welfare_function.calculate_welfare(physical_damage, welfare_loss=True)"
2249,rjan57 / Pacific Islands,Utilitarian,0.015,1.45,0.0,0.0,0.0,10.065723807609277,0.030686412144024643,0.3088809492882193,"physical_damage_per_capita multiplied by JUSTICE welfare_function.calculate_discount_rate; regional time-discounting visibility, not full welfare aggregation",-4144.312094162514,"scalar from welfare_function.calculate_welfare(physical_damage, welfare_loss=True)"
2250,rjan57 / Pacific Islands,Utilitarian,0.015,1.45,0.0,0.0,0.0,10.063126302348634,0.030232918368497192,0.3042376760307832,"physical_damage_per_capita multiplied by JUSTICE welfare_function.calculate_discount_rate; regional time-discounting visibility, not full welfare aggregation",-4144.312094162514,"scalar from welfare_function.calculate_welfare(physical_damage, welfare_loss=True)"
2251,rjan57 / Pacific Islands,Utilitarian,0.015,1.45,0.0,0.0,0.0,10.060474604372398,0.029786126471425808,0.29966256892840376,"physical_damage_per_capita multiplied by JUSTICE welfare_function.calculate_discount_rate; regional time-discounting visibility, not full welfare aggregation",-4144.312094162514,"scalar from welfare_function.calculate_welfare(physical_damage, welfare_loss=True)"
2252,rjan57 / Pacific Islands,Utilitarian,0.015,1.45,0.0,0.0,0.0,10.059001196044651,0.029345937410271732,0.2951908195089748,"physical_damage_per_capita multiplied by JUSTICE welfare_function.calculate_discount_rate; regional time-discounting visibility, not full welfare aggregation",-4144.312094162514,"scalar from welfare_function.calculate_welfare(physical_damage, welfare_loss=True)"
2253,rjan57 / Pacific Islands,Utilitarian,0.015,1.45,0.0,0.0,0.0,10.059574374855952,0.02891225360617905,0.2908449654960554,"physical_damage_per_capita multiplied by JUSTICE welfare_function.calculate_discount_rate; regional time-discounting visibility, not full welfare aggregation",-4144.312094162514,"scalar from welfare_function.calculate_welfare(physical_damage, welfare_loss=True)"
2254,rjan57 / Pacific Islands,Utilitarian,0.015,1.45,0.0,0.0,0.0,10.063770635220378,0.028484978922343897,0.2866662944235559,"physical_damage_per_capita multiplied by JUSTICE welfare_function.calculate_discount_rate; regional time-discounting visibility, not full welfare aggregation",-4144.312094162514,"scalar from welfare_function.calculate_welfare(physical_damage, welfare_loss=True)"
2255,rjan57 / Pacific Islands,Utilitarian,0.015,1.45,0.0,0.0,0.0,10.074577197641483,0.02806401864270335,0.2827331222919646,"physical_damage_per_capita multiplied by JUSTICE welfare_function.calculate_discount_rate; regional time-discounting visibility, not full welfare aggregation",-4144.312094162514,"scalar from welfare_function.calculate_welfare(physical_damage, welfare_loss=True)"
2256,rjan57 / Pacific Islands,Utilitarian,0.015,1.45,0.0,0.0,0.0,10.091892475606404,0.027649279450939264,0.27903355524687273,"physical_damage_per_capita multiplied by JUSTICE welfare_function.calculate_discount_rate; regional time-discounting visibility, not full welfare aggregation",-4144.312094162514,"scalar from welfare_function.calculate_welfare(physical_damage, welfare_loss=True)"
2257,rjan57 / Pacific Islands,Utilitarian,0.015,1.45,0.0,0.0,0.0,10.108694306367457,0.02724066940979238,0.2753675997644064,"physical_damage_per_capita multiplied by JUSTICE welfare_function.calculate_discount_rate; regional time-discounting visibility, not full welfare aggregation",-4144.312094162514,"scalar from welfare_function.calculate_welfare(physical_damage, welfare_loss=True)"
2258,rjan57 / Pacific Islands,Utilitarian,0.015,1.45,0.0,0.0,0.0,10.12127050804578,0.02683809794068215,0.2716356491790704,"physical_damage_per_capita multiplied by JUSTICE welfare_function.calculate_discount_rate; regional time-discounting visibility, not full welfare aggregation",-4144.312094162514,"scalar from welfare_function.calculate_welfare(physical_damage, welfare_loss=True)"
2259,rjan57 / Pacific Islands,Utilitarian,0.015,1.45,0.0,0.0,0.0,10.130236109475677,0.026441475803627736,0.2678583929737371,"physical_damage_per_capita multiplied by JUSTICE welfare_function.calculate_discount_rate; regional time-discounting visibility, not full welfare aggregation",-4144.312094162514,"scalar from welfare_function.calculate_welfare(physical_damage, welfare_loss=True)"
2260,rjan57 / Pacific Islands,Utilitarian,0.015,1.45,0.0,0.0,0.0,10.132880846634535,0.02605071507746575,0.2639687918495862,"physical_damage_per_capita multiplied by JUSTICE welfare_function.calculate_discount_rate; regional time-discounting visibility, not full welfare aggregation",-4144.312094162514,"scalar from welfare_function.calculate_welfare(physical_damage, welfare_loss=True)"
2261,rjan57 / Pacific Islands,Utilitarian,0.015,1.45,0.0,0.0,0.0,10.130893332602872,0.025665729140360347,0.2600167642244679,"physical_damage_per_capita multiplied by JUSTICE welfare_function.calculate_discount_rate; regional time-discounting visibility, not full welfare aggregation",-4144.312094162514,"scalar from welfare_function.calculate_welfare(physical_damage, welfare_loss=True)"
2262,rjan57 / Pacific Islands,Utilitarian,0.015,1.45,0.0,0.0,0.0,10.125359068776968,0.02528643265060133,0.2560342101557842,"physical_damage_per_capita multiplied by JUSTICE welfare_function.calculate_discount_rate; regional time-discounting visibility, not full welfare aggregation",-4144.312094162514,"scalar from welfare_function.calculate_welfare(physical_damage, welfare_loss=True)"
2263,rjan57 / Pacific Islands,Utilitarian,0.015,1.45,0.0,0.0,0.0,10.118003551676974,0.024912741527686043,0.25206720725913784,"physical_damage_per_capita multiplied by JUSTICE welfare_function.calculate_discount_rate; regional time-discounting visibility, not full welfare aggregation",-4144.312094162514,"scalar from welfare_function.calculate_welfare(physical_damage, welfare_loss=True)"
2264,rjan57 / Pacific Islands,Utilitarian,0.015,1.45,0.0,0.0,0.0,10.114435420145346,0.024544572933680835,0.2482544978527622,"physical_damage_per_capita multiplied by JUSTICE welfare_function.calculate_discount_rate; regional time-discounting visibility, not full welfare aggregation",-4144.312094162514,"scalar from welfare_function.calculate_welfare(physical_damage, welfare_loss=True)"
2265,rjan57 / Pacific Islands,Utilitarian,0.015,1.45,0.0,0.0,0.0,10.115837855349307,0.024181845254857965,0.24461962564129122,"physical_damage_per_capita multiplied by JUSTICE welfare_function.calculate_discount_rate; regional time-discounting visibility, not full welfare aggregation",-4144.312094162514,"scalar from welfare_function.calculate_welfare(physical_damage, welfare_loss=True)"
2266,rjan57 / Pacific Islands,Utilitarian,0.015,1.45,0.0,0.0,0.0,10.124019328125431,0.023824478083603908,0.2411994766009067,"physical_damage_per_capita multiplied by JUSTICE welfare_function.calculate_discount_rate; regional time-discounting visibility, not full welfare aggregation",-4144.312094162514,"scalar from welfare_function.calculate_welfare(physical_damage, welfare_loss=True)"
2267,rjan57 / Pacific Islands,Utilitarian,0.015,1.45,0.0,0.0,0.0,10.141294374756189,0.023472392200594987,0.23804043898596497,"physical_damage_per_capita multiplied by JUSTICE welfare_function.calculate_discount_rate; regional time-discounting visibility, not full welfare aggregation",-4144.312094162514,"scalar from welfare_function.calculate_welfare(physical_damage, welfare_loss=True)"
2268,rjan57 / Pacific Islands,Utilitarian,0.015,1.45,0.0,0.0,0.0,10.163533900760008,0.02312550955723644,0.2350369003573221,"physical_damage_per_capita multiplied by JUSTICE welfare_function.calculate_discount_rate; regional time-discounting visibility, not full welfare aggregation",-4144.312094162514,"scalar from welfare_function.calculate_welfare(physical_damage, welfare_loss=True)"
2269,rjan57 / Pacific Islands,Utilitarian,0.015,1.45,0.0,0.0,0.0,10.186382053106984,0.022783753258361027,0.23208401529338654,"physical_damage_per_capita multiplied by JUSTICE welfare_function.calculate_discount_rate; regional time-discounting visibility, not full welfare aggregation",-4144.312094162514,"scalar from welfare_function.calculate_welfare(physical_damage, welfare_loss=True)"
2270,rjan57 / Pacific Islands,Utilitarian,0.015,1.45,0.0,0.0,0.0,10.199507938956112,0.02244704754518328,0.22894883964322219,"physical_damage_per_capita multiplied by JUSTICE welfare_function.calculate_discount_rate; regional time-discounting visibility, not full welfare aggregation",-4144.312094162514,"scalar from welfare_function.calculate_welfare(physical_damage, welfare_loss=True)"
2271,rjan57 / Pacific Islands,Utilitarian,0.015,1.45,0.0,0.0,0.0,10.199108912032429,0.0221153177785057,0.2255565346471867,"physical_damage_per_capita multiplied by JUSTICE welfare_function.calculate_discount_rate; regional time-discounting visibility, not full welfare aggregation",-4144.312094162514,"scalar from welfare_function.calculate_welfare(physical_damage, welfare_loss=True)"
2272,rjan57 / Pacific Islands,Utilitarian,0.015,1.45,0.0,0.0,0.0,10.192150524159844,0.021788490422173103,0.22207157407700334,"physical_damage_per_capita multiplied by JUSTICE welfare_function.calculate_discount_rate; regional time-discounting visibility, not full welfare aggregation",-4144.312094162514,"scalar from welfare_function.calculate_welfare(physical_damage, welfare_loss=True)"
2273,rjan57 / Pacific Islands,Utilitarian,0.015,1.45,0.0,0.0,0.0,10.182976216089589,0.021466493026771533,0.21859278793446751,"physical_damage_per_capita multiplied by JUSTICE welfare_function.calculate_discount_rate; regional time-discounting visibility, not full welfare aggregation",-4144.312094162514,"scalar from welfare_function.calculate_welfare(physical_damage, welfare_loss=True)"
2274,rjan57 / Pacific Islands,Utilitarian,0.015,1.45,0.0,0.0,0.0,10.174672189921047,0.021149254213568017,0.21518672868436103,"physical_damage_per_capita multiplied by JUSTICE welfare_function.calculate_discount_rate; regional time-discounting visibility, not full welfare aggregation",-4144.312094162514,"scalar from welfare_function.calculate_welfare(physical_damage, welfare_loss=True)"
2275,rjan57 / Pacific Islands,Utilitarian,0.015,1.45,0.0,0.0,0.0,10.169560676092747,0.020836703658687703,0.21190012214678833,"physical_damage_per_capita multiplied by JUSTICE welfare_function.calculate_discount_rate; regional time-discounting visibility, not full welfare aggregation",-4144.312094162514,"scalar from welfare_function.calculate_welfare(physical_damage, welfare_loss=True)"
2276,rjan57 / Pacific Islands,Utilitarian,0.015,1.45,0.0,0.0,0.0,10.172386675356254,0.02052877207752483,0.2088266075428391,"physical_damage_per_capita multiplied by JUSTICE welfare_function.calculate_discount_rate; regional time-discounting visibility, not full welfare aggregation",-4144.312094162514,"scalar from welfare_function.calculate_welfare(physical_damage, welfare_loss=True)"
2277,rjan57 / Pacific Islands,Utilitarian,0.015,1.45,0.0,0.0,0.0,10.184323757073466,0.02022539120938407,0.20598193218983504,"physical_damage_per_capita multiplied by JUSTICE welfare_function.calculate_discount_rate; regional time-discounting visibility, not full welfare aggregation",-4144.312094162514,"scalar from welfare_function.calculate_welfare(physical_damage, welfare_loss=True)"
2278,rjan57 / Pacific Islands,Utilitarian,0.015,1.45,0.0,0.0,0.0,10.200802782558258,0.01992649380234884,0.2032662334256299,"physical_damage_per_capita multiplied by JUSTICE welfare_function.calculate_discount_rate; regional time-discounting visibility, not full welfare aggregation",-4144.312094162514,"scalar from welfare_function.calculate_welfare(physical_damage, welfare_loss=True)"
2279,rjan57 / Pacific Islands,Utilitarian,0.015,1.45,0.0,0.0,0.0,10.214040674192887,0.019632013598373244,0.20052218541009217,"physical_damage_per_capita multiplied by JUSTICE welfare_function.calculate_discount_rate; regional time-discounting visibility, not full welfare aggregation",-4144.312094162514,"scalar from welfare_function.calculate_welfare(physical_damage, welfare_loss=True)"
2280,rjan57 / Pacific Islands,Utilitarian,0.015,1.45,0.0,0.0,0.0,10.221056449488586,0.01934188531859433,0.19769450168088717,"physical_damage_per_capita multiplied by JUSTICE welfare_function.calculate_discount_rate; regional time-discounting visibility, not full welfare aggregation",-4144.312094162514,"scalar from welfare_function.calculate_welfare(physical_damage, welfare_loss=True)"
2281,rjan57 / Pacific Islands,Utilitarian,0.015,1.45,0.0,0.0,0.0,10.222498508316622,0.019056044648861414,0.19480038799740076,"physical_damage_per_capita multiplied by JUSTICE welfare_function.calculate_discount_rate; regional time-discounting visibility, not full welfare aggregation",-4144.312094162514,"scalar from welfare_function.calculate_welfare(physical_damage, welfare_loss=True)"
2282,rjan57 / Pacific Islands,Utilitarian,0.015,1.45,0.0,0.0,0.0,10.216993495094354,0.018774428225479225,0.19181821105383706,"physical_damage_per_capita multiplied by JUSTICE welfare_function.calculate_discount_rate; regional time-discounting visibility, not full welfare aggregation",-4144.312094162514,"scalar from welfare_function.calculate_welfare(physical_damage, welfare_loss=True)"
2283,rjan57 / Pacific Islands,Utilitarian,0.015,1.45,0.0,0.0,0.0,10.208096494734917,0.018496973621161802,0.18881889158538603,"physical_damage_per_capita multiplied by JUSTICE welfare_function.calculate_discount_rate; regional time-discounting visibility, not full welfare aggregation",-4144.312094162514,"scalar from welfare_function.calculate_welfare(physical_damage, welfare_loss=True)"
2284,rjan57 / Pacific Islands,Utilitarian,0.015,1.45,0.0,0.0,0.0,10.201598467897124,0.018223619331193895,0.18591004704864805,"physical_damage_per_capita multiplied by JUSTICE welfare_function.calculate_discount_rate; regional time-discounting visibility, not full welfare aggregation",-4144.312094162514,"scalar from welfare_function.calculate_welfare(physical_damage, welfare_loss=True)"
2285,rjan57 / Pacific Islands,Utilitarian,0.015,1.45,0.0,0.0,0.0,10.198279125639377,0.01795430475979694,0.18310301144720487,"physical_damage_per_capita multiplied by JUSTICE welfare_function.calculate_discount_rate; regional time-discounting visibility, not full welfare aggregation",-4144.312094162514,"scalar from welfare_function.calculate_welfare(physical_damage, welfare_loss=True)"
2286,rjan57 / Pacific Islands,Utilitarian,0.015,1.45,0.0,0.0,0.0,10.199792392634754,0.017688970206696495,0.18042382374780572,"physical_damage_per_capita multiplied by JUSTICE welfare_function.calculate_discount_rate; regional time-discounting visibility, not full welfare aggregation",-4144.312094162514,"scalar from welfare_function.calculate_welfare(physical_damage, welfare_loss=True)"
2287,rjan57 / Pacific Islands,Utilitarian,0.015,1.45,0.0,0.0,0.0,10.210466926148401,0.017427556853888176,0.1779434928601961,"physical_damage_per_capita multiplied by JUSTICE welfare_function.calculate_discount_rate; regional time-discounting visibility, not full welfare aggregation",-4144.312094162514,"scalar from welfare_function.calculate_welfare(physical_damage, welfare_loss=True)"
2288,rjan57 / Pacific Islands,Utilitarian,0.015,1.45,0.0,0.0,0.0,10.22990227549236,0.01717000675259919,0.17564749114863365,"physical_damage_per_capita multiplied by JUSTICE welfare_function.calculate_discount_rate; regional time-discounting visibility, not full welfare aggregation",-4144.312094162514,"scalar from welfare_function.calculate_welfare(physical_damage, welfare_loss=True)"
2289,rjan57 / Pacific Islands,Utilitarian,0.015,1.45,0.0,0.0,0.0,10.249542287645552,0.01691626281044255,0.17338395102455673,"physical_damage_per_capita multiplied by JUSTICE welfare_function.calculate_discount_rate; regional time-discounting visibility, not full welfare aggregation",-4144.312094162514,"scalar from welfare_function.calculate_welfare(physical_damage, welfare_loss=True)"
2290,rjan57 / Pacific Islands,Utilitarian,0.015,1.45,0.0,0.0,0.0,10.262343170130311,0.016666268778761137,0.1710349695732754,"physical_damage_per_capita multiplied by JUSTICE welfare_function.calculate_discount_rate; regional time-discounting visibility, not full welfare aggregation",-4144.312094162514,"scalar from welfare_function.calculate_welfare(physical_damage, welfare_loss=True)"
2291,rjan57 / Pacific Islands,Utilitarian,0.015,1.45,0.0,0.0,0.0,10.262157270889293,0.016419969240158757,0.16850430672567374,"physical_damage_per_capita multiplied by JUSTICE welfare_function.calculate_discount_rate; regional time-discounting visibility, not full welfare aggregation",-4144.312094162514,"scalar from welfare_function.calculate_welfare(physical_damage, welfare_loss=True)"
2292,rjan57 / Pacific Islands,Utilitarian,0.015,1.45,0.0,0.0,0.0,10.254121177882238,0.016177309596215526,0.1658840929317112,"physical_damage_per_capita multiplied by JUSTICE welfare_function.calculate_discount_rate; regional time-discounting visibility, not full welfare aggregation",-4144.312094162514,"scalar from welfare_function.calculate_welfare(physical_damage, welfare_loss=True)"
2293,rjan57 / Pacific Islands,Utilitarian,0.015,1.45,0.0,0.0,0.0,10.246048052003465,0.015938236055384757,0.16330393248764638,"physical_damage_per_capita multiplied by JUSTICE welfare_function.calculate_discount_rate; regional time-discounting visibility, not full welfare aggregation",-4144.312094162514,"scalar from welfare_function.calculate_welfare(physical_damage, welfare_loss=True)"
2294,rjan57 / Pacific Islands,Utilitarian,0.015,1.45,0.0,0.0,0.0,10.23616858282322,0.015702695621068727,0.16073543958201944,"physical_damage_per_capita multiplied by JUSTICE welfare_function.calculate_discount_rate; regional time-discounting visibility, not full welfare aggregation",-4144.312094162514,"scalar from welfare_function.calculate_welfare(physical_damage, welfare_loss=True)"
2295,rjan57 / Pacific Islands,Utilitarian,0.015,1.45,0.0,0.0,0.0,10.226943850861634,0.01547063607987067,0.1582173265259515,"physical_damage_per_capita multiplied by JUSTICE welfare_function.calculate_discount_rate; regional time-discounting visibility, not full welfare aggregation",-4144.312094162514,"scalar from welfare_function.calculate_welfare(physical_damage, welfare_loss=True)"
2296,rjan57 / Pacific Islands,Utilitarian,0.015,1.45,0.0,0.0,0.0,10.222750111408176,0.015242005990020364,0.15581521843256477,"physical_damage_per_capita multiplied by JUSTICE welfare_function.calculate_discount_rate; regional time-discounting visibility, not full welfare aggregation",-4144.312094162514,"scalar from welfare_function.calculate_welfare(physical_damage, welfare_loss=True)"
2297,rjan57 / Pacific Islands,Utilitarian,0.015,1.45,0.0,0.0,0.0,10.228680576407507,0.015016754669970803,0.15360158681340708,"physical_damage_per_capita multiplied by JUSTICE welfare_function.calculate_discount_rate; regional time-discounting visibility, not full welfare aggregation",-4144.312094162514,"scalar from welfare_function.calculate_welfare(physical_damage, welfare_loss=True)"
2298,rjan57 / Pacific Islands,Utilitarian,0.015,1.45,0.0,0.0,0.0,10.243300800366733,0.014794832187163355,0.1515479163840619,"physical_damage_per_capita multiplied by JUSTICE welfare_function.calculate_discount_rate; regional time-discounting visibility, not full welfare aggregation",-4144.312094162514,"scalar from welfare_function.calculate_welfare(physical_damage, welfare_loss=True)"
2299,rjan57 / Pacific Islands,Utilitarian,0.015,1.45,0.0,0.0,0.0,10.261840221777026,0.01457618934695897,0.14957852612086137,"physical_damage_per_capita multiplied by JUSTICE welfare_function.calculate_discount_rate; regional time-discounting visibility, not full welfare aggregation",-4144.312094162514,"scalar from welfare_function.calculate_welfare(physical_damage, welfare_loss=True)"
2300,rjan57 / Pacific Islands,Utilitarian,0.015,1.45,0.0,0.0,0.0,10.277302140712735,0.014360777681732979,0.147590051210774,"physical_damage_per_capita multiplied by JUSTICE welfare_function.calculate_discount_rate; regional time-discounting visibility, not full welfare aggregation",-4144.312094162514,"scalar from welfare_function.calculate_welfare(physical_damage, welfare_loss=True)"
2015,rsas / Rest of South Asia,Utilitarian,0.015,1.45,0.0,0.0,0.0,0.0,1.0,0.0,"physical_damage_per_capita multiplied by JUSTICE welfare_function.calculate_discount_rate; regional time-discounting visibility, not full welfare aggregation",-4144.312094162514,"scalar from welfare_function.calculate_welfare(physical_damage, welfare_loss=True)"
2016,rsas / Rest of South Asia,Utilitarian,0.015,1.45,0.0,0.0,0.0,0.0,0.9852216748768474,0.0,"physical_damage_per_capita multiplied by JUSTICE welfare_function.calculate_discount_rate; regional time-discounting visibility, not full welfare aggregation",-4144.312094162514,"scalar from welfare_function.calculate_welfare(physical_damage, welfare_loss=True)"
2017,rsas / Rest of South Asia,Utilitarian,0.015,1.45,0.0,0.0,0.0,0.0,0.9706617486471405,0.0,"physical_damage_per_capita multiplied by JUSTICE welfare_function.calculate_discount_rate; regional time-discounting visibility, not full welfare aggregation",-4144.312094162514,"scalar from welfare_function.calculate_welfare(physical_damage, welfare_loss=True)"
2018,rsas / Rest of South Asia,Utilitarian,0.015,1.45,0.0,0.0,0.0,1.0799759551840204e-06,0.9563169937410252,1.0327993587741744e-06,"physical_damage_per_capita multiplied by JUSTICE welfare_function.calculate_discount_rate; regional time-discounting visibility, not full welfare aggregation",-4144.312094162514,"scalar from welfare_function.calculate_welfare(physical_damage, welfare_loss=True)"
2019,rsas / Rest of South Asia,Utilitarian,0.015,1.45,0.0,0.0,0.0,0.002701662558483344,0.9421842302867243,0.0025454638581590915,"physical_damage_per_capita multiplied by JUSTICE welfare_function.calculate_discount_rate; regional time-discounting visibility, not full welfare aggregation",-4144.312094162514,"scalar from welfare_function.calculate_welfare(physical_damage, welfare_loss=True)"
2020,rsas / Rest of South Asia,Utilitarian,0.015,1.45,0.0,0.0,0.0,0.005483652756718996,0.9282603254056397,0.005090257292363508,"physical_damage_per_capita multiplied by JUSTICE welfare_function.calculate_discount_rate; regional time-discounting visibility, not full welfare aggregation",-4144.312094162514,"scalar from welfare_function.calculate_welfare(physical_damage, welfare_loss=True)"
2021,rsas / Rest of South Asia,Utilitarian,0.015,1.45,0.0,0.0,0.0,0.008630155804209682,0.9145421925178719,0.007892641610952761,"physical_damage_per_capita multiplied by JUSTICE welfare_function.calculate_discount_rate; regional time-discounting visibility, not full welfare aggregation",-4144.312094162514,"scalar from welfare_function.calculate_welfare(physical_damage, welfare_loss=True)"
2022,rsas / Rest of South Asia,Utilitarian,0.015,1.45,0.0,0.0,0.0,0.012135638594454056,0.9010267906580018,0.010934535495346322,"physical_damage_per_capita multiplied by JUSTICE welfare_function.calculate_discount_rate; regional time-discounting visibility, not full welfare aggregation",-4144.312094162514,"scalar from welfare_function.calculate_welfare(physical_damage, welfare_loss=True)"
2023,rsas / Rest of South Asia,Utilitarian,0.015,1.45,0.0,0.0,0.0,0.016283559957812534,0.887711123800987,0.014455097309630517,"physical_damage_per_capita multiplied by JUSTICE welfare_function.calculate_discount_rate; regional time-discounting visibility, not full welfare aggregation",-4144.312094162514,"scalar from welfare_function.calculate_welfare(physical_damage, welfare_loss=True)"
2024,rsas / Rest of South Asia,Utilitarian,0.015,1.45,0.0,0.0,0.0,0.020909190385584777,0.874592240198017,0.018287015660055427,"physical_damage_per_capita multiplied by JUSTICE welfare_function.calculate_discount_rate; regional time-discounting visibility, not full welfare aggregation",-4144.312094162514,"scalar from welfare_function.calculate_welfare(physical_damage, welfare_loss=True)"
2025,rsas / Rest of South Asia,Utilitarian,0.015,1.45,0.0,0.0,0.0,0.025850141573998866,0.8616672317221843,0.02227421992969415,"physical_damage_per_capita multiplied by JUSTICE welfare_function.calculate_discount_rate; regional time-discounting visibility, not full welfare aggregation",-4144.312094162514,"scalar from welfare_function.calculate_welfare(physical_damage, welfare_loss=True)"
2026,rsas / Rest of South Asia,Utilitarian,0.015,1.45,0.0,0.0,0.0,0.030664200114235617,0.848933233223827,0.026031858547200488,"physical_damage_per_capita multiplied by JUSTICE welfare_function.calculate_discount_rate; regional time-discounting visibility, not full welfare aggregation",-4144.312094162514,"scalar from welfare_function.calculate_welfare(physical_damage, welfare_loss=True)"
2027,rsas / Rest of South Asia,Utilitarian,0.015,1.45,0.0,0.0,0.0,0.03527891270105434,0.836387421895396,0.029506838841307583,"physical_damage_per_capita multiplied by JUSTICE welfare_function.calculate_discount_rate; regional time-discounting visibility, not full welfare aggregation",-4144.312094162514,"scalar from welfare_function.calculate_welfare(physical_damage, welfare_loss=True)"
2028,rsas / Rest of South Asia,Utilitarian,0.015,1.45,0.0,0.0,0.0,0.0396632745887847,0.8240270166457105,0.03268360982979588,"physical_damage_per_capita multiplied by JUSTICE welfare_function.calculate_discount_rate; regional time-discounting visibility, not full welfare aggregation",-4144.312094162514,"scalar from welfare_function.calculate_welfare(physical_damage, welfare_loss=True)"
2029,rsas / Rest of South Asia,Utilitarian,0.015,1.45,0.0,0.0,0.0,0.04397508609534186,0.8118492774834588,0.03570114187377619,"physical_damage_per_capita multiplied by JUSTICE welfare_function.calculate_discount_rate; regional time-discounting visibility, not full welfare aggregation",-4144.312094162514,"scalar from welfare_function.calculate_welfare(physical_damage, welfare_loss=True)"
2030,rsas / Rest of South Asia,Utilitarian,0.015,1.45,0.0,0.0,0.0,0.04848016463274828,0.7998515049098116,0.03877693263977913,"physical_damage_per_capita multiplied by JUSTICE welfare_function.calculate_discount_rate; regional time-discounting visibility, not full welfare aggregation",-4144.312094162514,"scalar from welfare_function.calculate_welfare(physical_damage, welfare_loss=True)"
2031,rsas / Rest of South Asia,Utilitarian,0.015,1.45,0.0,0.0,0.0,0.05301253631440063,0.7880310393200115,0.04177552408882698,"physical_damage_per_capita multiplied by JUSTICE welfare_function.calculate_discount_rate; regional time-discounting visibility, not full welfare aggregation",-4144.312094162514,"scalar from welfare_function.calculate_welfare(physical_damage, welfare_loss=True)"
2032,rsas / Rest of South Asia,Utilitarian,0.015,1.45,0.0,0.0,0.0,0.05770233715039882,0.7763852604138046,0.044799244054997536,"physical_damage_per_capita multiplied by JUSTICE welfare_function.calculate_discount_rate; regional time-discounting visibility, not full welfare aggregation",-4144.312094162514,"scalar from welfare_function.calculate_welfare(physical_damage, welfare_loss=True)"
2033,rsas / Rest of South Asia,Utilitarian,0.015,1.45,0.0,0.0,0.0,0.06260323192600632,0.7649115866145859,0.047885937459722396,"physical_damage_per_capita multiplied by JUSTICE welfare_function.calculate_discount_rate; regional time-discounting visibility, not full welfare aggregation",-4144.312094162514,"scalar from welfare_function.calculate_welfare(physical_damage, welfare_loss=True)"
2034,rsas / Rest of South Asia,Utilitarian,0.015,1.45,0.0,0.0,0.0,0.0679595311356481,0.7536074744971291,0.051214810627144766,"physical_damage_per_capita multiplied by JUSTICE welfare_function.calculate_discount_rate; regional time-discounting visibility, not full welfare aggregation",-4144.312094162514,"scalar from welfare_function.calculate_welfare(physical_damage, welfare_loss=True)"
2035,rsas / Rest of South Asia,Utilitarian,0.015,1.45,0.0,0.0,0.0,0.07400034011811389,0.7424704182237725,0.05494306347619743,"physical_damage_per_capita multiplied by JUSTICE welfare_function.calculate_discount_rate; regional time-discounting visibility, not full welfare aggregation",-4144.312094162514,"scalar from welfare_function.calculate_welfare(physical_damage, welfare_loss=True)"
2036,rsas / Rest of South Asia,Utilitarian,0.015,1.45,0.0,0.0,0.0,0.08131337607841897,0.7314979489889384,0.05948056782672968,"physical_damage_per_capita multiplied by JUSTICE welfare_function.calculate_discount_rate; regional time-discounting visibility, not full welfare aggregation",-4144.312094162514,"scalar from welfare_function.calculate_welfare(physical_damage, welfare_loss=True)"
2037,rsas / Rest of South Asia,Utilitarian,0.015,1.45,0.0,0.0,0.0,0.08905348126261747,0.7206876344718607,0.06417974275263996,"physical_damage_per_capita multiplied by JUSTICE welfare_function.calculate_discount_rate; regional time-discounting visibility, not full welfare aggregation",-4144.312094162514,"scalar from welfare_function.calculate_welfare(physical_damage, welfare_loss=True)"
2038,rsas / Rest of South Asia,Utilitarian,0.015,1.45,0.0,0.0,0.0,0.09686706866612829,0.7100370782973997,0.06877921041893133,"physical_damage_per_capita multiplied by JUSTICE welfare_function.calculate_discount_rate; regional time-discounting visibility, not full welfare aggregation",-4144.312094162514,"scalar from welfare_function.calculate_welfare(physical_damage, welfare_loss=True)"
2039,rsas / Rest of South Asia,Utilitarian,0.015,1.45,0.0,0.0,0.0,0.10458563157987529,0.6995439195048273,0.0731622426392738,"physical_damage_per_capita multiplied by JUSTICE welfare_function.calculate_discount_rate; regional time-discounting visibility, not full welfare aggregation",-4144.312094162514,"scalar from welfare_function.calculate_welfare(physical_damage, welfare_loss=True)"
2040,rsas / Rest of South Asia,Utilitarian,0.015,1.45,0.0,0.0,0.0,0.11215816321816117,0.6892058320244606,0.07730006019910803,"physical_damage_per_capita multiplied by JUSTICE welfare_function.calculate_discount_rate; regional time-discounting visibility, not full welfare aggregation",-4144.312094162514,"scalar from welfare_function.calculate_welfare(physical_damage, welfare_loss=True)"
2041,rsas / Rest of South Asia,Utilitarian,0.015,1.45,0.0,0.0,0.0,0.120076174935949,0.6790205241620302,0.08153418724437972,"physical_damage_per_capita multiplied by JUSTICE welfare_function.calculate_discount_rate; regional time-discounting visibility, not full welfare aggregation",-4144.312094162514,"scalar from welfare_function.calculate_welfare(physical_damage, welfare_loss=True)"
2042,rsas / Rest of South Asia,Utilitarian,0.015,1.45,0.0,0.0,0.0,0.12779963404387254,0.6689857380906702,0.08549613250855762,"physical_damage_per_capita multiplied by JUSTICE welfare_function.calculate_discount_rate; regional time-discounting visibility, not full welfare aggregation",-4144.312094162514,"scalar from welfare_function.calculate_welfare(physical_damage, welfare_loss=True)"
2043,rsas / Rest of South Asia,Utilitarian,0.015,1.45,0.0,0.0,0.0,0.13558331756829,0.6590992493504141,0.08936286283369875,"physical_damage_per_capita multiplied by JUSTICE welfare_function.calculate_discount_rate; regional time-discounting visibility, not full welfare aggregation",-4144.312094162514,"scalar from welfare_function.calculate_welfare(physical_damage, welfare_loss=True)"
2044,rsas / Rest of South Asia,Utilitarian,0.015,1.45,0.0,0.0,0.0,0.1438100062612469,0.6493588663550878,0.09338430263632136,"physical_damage_per_capita multiplied by JUSTICE welfare_function.calculate_discount_rate; regional time-discounting visibility, not full welfare aggregation",-4144.312094162514,"scalar from welfare_function.calculate_welfare(physical_damage, welfare_loss=True)"
2045,rsas / Rest of South Asia,Utilitarian,0.015,1.45,0.0,0.0,0.0,0.15274075733236472,0.6397624299064905,0.09771779805671126,"physical_damage_per_capita multiplied by JUSTICE welfare_function.calculate_discount_rate; regional time-discounting visibility, not full welfare aggregation",-4144.312094162514,"scalar from welfare_function.calculate_welfare(physical_damage, welfare_loss=True)"
2046,rsas / Rest of South Asia,Utilitarian,0.015,1.45,0.0,0.0,0.0,0.1629112577368572,0.6303078127157542,0.10268423853089094,"physical_damage_per_capita multiplied by JUSTICE welfare_function.calculate_discount_rate; regional time-discounting visibility, not full welfare aggregation",-4144.312094162514,"scalar from welfare_function.calculate_welfare(physical_damage, welfare_loss=True)"
2047,rsas / Rest of South Asia,Utilitarian,0.015,1.45,0.0,0.0,0.0,0.17424874471855356,0.6209929189317777,0.10820723660297275,"physical_damage_per_capita multiplied by JUSTICE welfare_function.calculate_discount_rate; regional time-discounting visibility, not full welfare aggregation",-4144.312094162514,"scalar from welfare_function.calculate_welfare(physical_damage, welfare_loss=True)"
2048,rsas / Rest of South Asia,Utilitarian,0.015,1.45,0.0,0.0,0.0,0.18662959380863928,0.6118156836766282,0.11418291253032406,"physical_damage_per_capita multiplied by JUSTICE welfare_function.calculate_discount_rate; regional time-discounting visibility, not full welfare aggregation",-4144.312094162514,"scalar from welfare_function.calculate_welfare(physical_damage, welfare_loss=True)"
2049,rsas / Rest of South Asia,Utilitarian,0.015,1.45,0.0,0.0,0.0,0.1996335318560387,0.6027740725878111,0.12033391702195297,"physical_damage_per_capita multiplied by JUSTICE welfare_function.calculate_discount_rate; regional time-discounting visibility, not full welfare aggregation",-4144.312094162514,"scalar from welfare_function.calculate_welfare(physical_damage, welfare_loss=True)"
2050,rsas / Rest of South Asia,Utilitarian,0.015,1.45,0.0,0.0,0.0,0.2128054957391097,0.5938660813673017,0.1263779658480111,"physical_damage_per_capita multiplied by JUSTICE welfare_function.calculate_discount_rate; regional time-discounting visibility, not full welfare aggregation",-4144.312094162514,"scalar from welfare_function.calculate_welfare(physical_damage, welfare_loss=True)"
2051,rsas / Rest of South Asia,Utilitarian,0.015,1.45,0.0,0.0,0.0,0.22604018548244553,0.5850897353372431,0.1322537922995054,"physical_damage_per_capita multiplied by JUSTICE welfare_function.calculate_discount_rate; regional time-discounting visibility, not full welfare aggregation",-4144.312094162514,"scalar from welfare_function.calculate_welfare(physical_damage, welfare_loss=True)"
2052,rsas / Rest of South Asia,Utilitarian,0.015,1.45,0.0,0.0,0.0,0.23848230155526576,0.57644308900221,0.13747147458087394,"physical_damage_per_capita multiplied by JUSTICE welfare_function.calculate_discount_rate; regional time-discounting visibility, not full welfare aggregation",-4144.312094162514,"scalar from welfare_function.calculate_welfare(physical_damage, welfare_loss=True)"
2053,rsas / Rest of South Asia,Utilitarian,0.015,1.45,0.0,0.0,0.0,0.2508036003219105,0.5679242256179409,0.14243744049501258,"physical_damage_per_capita multiplied by JUSTICE welfare_function.calculate_discount_rate; regional time-discounting visibility, not full welfare aggregation",-4144.312094162514,"scalar from welfare_function.calculate_welfare(physical_damage, welfare_loss=True)"
2054,rsas / Rest of South Asia,Utilitarian,0.015,1.45,0.0,0.0,0.0,0.26348263242933456,0.5595312567664443,0.14742676845931668,"physical_damage_per_capita multiplied by JUSTICE welfare_function.calculate_discount_rate; regional time-discounting visibility, not full welfare aggregation",-4144.312094162514,"scalar from welfare_function.calculate_welfare(physical_damage, welfare_loss=True)"
2055,rsas / Rest of South Asia,Utilitarian,0.015,1.45,0.0,0.0,0.0,0.2766042145230404,0.5512623219373836,0.1524814815556374,"physical_damage_per_capita multiplied by JUSTICE welfare_function.calculate_discount_rate; regional time-discounting visibility, not full welfare aggregation",-4144.312094162514,"scalar from welfare_function.calculate_welfare(physical_damage, welfare_loss=True)"
2056,rsas / Rest of South Asia,Utilitarian,0.015,1.45,0.0,0.0,0.0,0.2913807019435924,0.543115588115649,0.1582534013016448,"physical_damage_per_capita multiplied by JUSTICE welfare_function.calculate_discount_rate; regional time-discounting visibility, not full welfare aggregation",-4144.312094162514,"scalar from welfare_function.calculate_welfare(physical_damage, welfare_loss=True)"
2057,rsas / Rest of South Asia,Utilitarian,0.015,1.45,0.0,0.0,0.0,0.3075376594612823,0.5350892493750237,0.1645600953556892,"physical_damage_per_capita multiplied by JUSTICE welfare_function.calculate_discount_rate; regional time-discounting visibility, not full welfare aggregation",-4144.312094162514,"scalar from welfare_function.calculate_welfare(physical_damage, welfare_loss=True)"
2058,rsas / Rest of South Asia,Utilitarian,0.015,1.45,0.0,0.0,0.0,0.325169634831645,0.5271815264778559,0.17142342445479358,"physical_damage_per_capita multiplied by JUSTICE welfare_function.calculate_discount_rate; regional time-discounting visibility, not full welfare aggregation",-4144.312094162514,"scalar from welfare_function.calculate_welfare(physical_damage, welfare_loss=True)"
2059,rsas / Rest of South Asia,Utilitarian,0.015,1.45,0.0,0.0,0.0,0.3433658093950431,0.5193906664806461,0.17834099658835792,"physical_damage_per_capita multiplied by JUSTICE welfare_function.calculate_discount_rate; regional time-discounting visibility, not full welfare aggregation",-4144.312094162514,"scalar from welfare_function.calculate_welfare(physical_damage, welfare_loss=True)"
2060,rsas / Rest of South Asia,Utilitarian,0.015,1.45,0.0,0.0,0.0,0.36157733574686957,0.5117149423454643,0.18502452551513596,"physical_damage_per_capita multiplied by JUSTICE welfare_function.calculate_discount_rate; regional time-discounting visibility, not full welfare aggregation",-4144.312094162514,"scalar from welfare_function.calculate_welfare(physical_damage, welfare_loss=True)"
2061,rsas / Rest of South Asia,Utilitarian,0.015,1.45,0.0,0.0,0.0,0.38113468109222715,0.5041526525571077,0.19215006045415364,"physical_damage_per_capita multiplied by JUSTICE welfare_function.calculate_discount_rate; regional time-discounting visibility, not full welfare aggregation",-4144.312094162514,"scalar from welfare_function.calculate_welfare(physical_damage, welfare_loss=True)"
2062,rsas / Rest of South Asia,Utilitarian,0.015,1.45,0.0,0.0,0.0,0.4005835283351891,0.49670212074591896,0.19897068805997137,"physical_damage_per_capita multiplied by JUSTICE welfare_function.calculate_discount_rate; regional time-discounting visibility, not full welfare aggregation",-4144.312094162514,"scalar from welfare_function.calculate_welfare(physical_damage, welfare_loss=True)"
2063,rsas / Rest of South Asia,Utilitarian,0.015,1.45,0.0,0.0,0.0,0.4196324366279041,0.4893616953161764,0.2053520405978891,"physical_damage_per_capita multiplied by JUSTICE welfare_function.calculate_discount_rate; regional time-discounting visibility, not full welfare aggregation",-4144.312094162514,"scalar from welfare_function.calculate_welfare(physical_damage, welfare_loss=True)"
2064,rsas / Rest of South Asia,Utilitarian,0.015,1.45,0.0,0.0,0.0,0.43886518615230213,0.4821297490799768,0.21158996207954672,"physical_damage_per_capita multiplied by JUSTICE welfare_function.calculate_discount_rate; regional time-discounting visibility, not full welfare aggregation",-4144.312094162514,"scalar from welfare_function.calculate_welfare(physical_damage, welfare_loss=True)"
2065,rsas / Rest of South Asia,Utilitarian,0.015,1.45,0.0,0.0,0.0,0.4588257157237435,0.47500467889652886,0.2179443617668268,"physical_damage_per_capita multiplied by JUSTICE welfare_function.calculate_discount_rate; regional time-discounting visibility, not full welfare aggregation",-4144.312094162514,"scalar from welfare_function.calculate_welfare(physical_damage, welfare_loss=True)"
2066,rsas / Rest of South Asia,Utilitarian,0.015,1.45,0.0,0.0,0.0,0.48091530018235074,0.4679849053167772,0.2250611012212269,"physical_damage_per_capita multiplied by JUSTICE welfare_function.calculate_discount_rate; regional time-discounting visibility, not full welfare aggregation",-4144.312094162514,"scalar from welfare_function.calculate_welfare(physical_damage, welfare_loss=True)"
2067,rsas / Rest of South Asia,Utilitarian,0.015,1.45,0.0,0.0,0.0,0.5042234065221705,0.46106887223327814,0.2324817173987989,"physical_damage_per_capita multiplied by JUSTICE welfare_function.calculate_discount_rate; regional time-discounting visibility, not full welfare aggregation",-4144.312094162514,"scalar from welfare_function.calculate_welfare(physical_damage, welfare_loss=True)"
2068,rsas / Rest of South Asia,Utilitarian,0.015,1.45,0.0,0.0,0.0,0.5294607806762823,0.4542550465352495,0.24051023156469417,"physical_damage_per_capita multiplied by JUSTICE welfare_function.calculate_discount_rate; regional time-discounting visibility, not full welfare aggregation",-4144.312094162514,"scalar from welfare_function.calculate_welfare(physical_damage, welfare_loss=True)"
2069,rsas / Rest of South Asia,Utilitarian,0.015,1.45,0.0,0.0,0.0,0.5567510292555455,0.44754191776871877,0.2491694233527349,"physical_damage_per_capita multiplied by JUSTICE welfare_function.calculate_discount_rate; regional time-discounting visibility, not full welfare aggregation",-4144.312094162514,"scalar from welfare_function.calculate_welfare(physical_damage, welfare_loss=True)"
2070,rsas / Rest of South Asia,Utilitarian,0.015,1.45,0.0,0.0,0.0,0.5850715679378744,0.4409279978016934,0.2579744350215444,"physical_damage_per_capita multiplied by JUSTICE welfare_function.calculate_discount_rate; regional time-discounting visibility, not full welfare aggregation",-4144.312094162514,"scalar from welfare_function.calculate_welfare(physical_damage, welfare_loss=True)"
2071,rsas / Rest of South Asia,Utilitarian,0.015,1.45,0.0,0.0,0.0,0.6143582024398916,0.43441182049427923,0.26688446515750625,"physical_damage_per_capita multiplied by JUSTICE welfare_function.calculate_discount_rate; regional time-discounting visibility, not full welfare aggregation",-4144.312094162514,"scalar from welfare_function.calculate_welfare(physical_damage, welfare_loss=True)"
2072,rsas / Rest of South Asia,Utilitarian,0.015,1.45,0.0,0.0,0.0,0.6430077581424425,0.42799194137367413,0.27520213872571786,"physical_damage_per_capita multiplied by JUSTICE welfare_function.calculate_discount_rate; regional time-discounting visibility, not full welfare aggregation",-4144.312094162514,"scalar from welfare_function.calculate_welfare(physical_damage, welfare_loss=True)"
2073,rsas / Rest of South Asia,Utilitarian,0.015,1.45,0.0,0.0,0.0,0.6711168876668818,0.42166693731396476,0.2829878026021742,"physical_damage_per_capita multiplied by JUSTICE welfare_function.calculate_discount_rate; regional time-discounting visibility, not full welfare aggregation",-4144.312094162514,"scalar from welfare_function.calculate_welfare(physical_damage, welfare_loss=True)"
2074,rsas / Rest of South Asia,Utilitarian,0.015,1.45,0.0,0.0,0.0,0.6994809968373565,0.41543540622065495,0.2905891720647559,"physical_damage_per_capita multiplied by JUSTICE welfare_function.calculate_discount_rate; regional time-discounting visibility, not full welfare aggregation",-4144.312094162514,"scalar from welfare_function.calculate_welfare(physical_damage, welfare_loss=True)"
2075,rsas / Rest of South Asia,Utilitarian,0.015,1.45,0.0,0.0,0.0,0.7288665804992632,0.4092959667198571,0.29832215167524245,"physical_damage_per_capita multiplied by JUSTICE welfare_function.calculate_discount_rate; regional time-discounting visibility, not full welfare aggregation",-4144.312094162514,"scalar from welfare_function.calculate_welfare(physical_damage, welfare_loss=True)"
2076,rsas / Rest of South Asia,Utilitarian,0.015,1.45,0.0,0.0,0.0,0.760093990574929,0.403247257852076,0.3065058174091818,"physical_damage_per_capita multiplied by JUSTICE welfare_function.calculate_discount_rate; regional time-discounting visibility, not full welfare aggregation",-4144.312094162514,"scalar from welfare_function.calculate_welfare(physical_damage, welfare_loss=True)"
2077,rsas / Rest of South Asia,Utilitarian,0.015,1.45,0.0,0.0,0.0,0.7921942396888494,0.3972879387705183,0.3147292165918609,"physical_damage_per_capita multiplied by JUSTICE welfare_function.calculate_discount_rate; regional time-discounting visibility, not full welfare aggregation",-4144.312094162514,"scalar from welfare_function.calculate_welfare(physical_damage, welfare_loss=True)"
2078,rsas / Rest of South Asia,Utilitarian,0.015,1.45,0.0,0.0,0.0,0.825381700931635,0.39141668844386046,0.3230681720808214,"physical_damage_per_capita multiplied by JUSTICE welfare_function.calculate_discount_rate; regional time-discounting visibility, not full welfare aggregation",-4144.312094162514,"scalar from welfare_function.calculate_welfare(physical_damage, welfare_loss=True)"
2079,rsas / Rest of South Asia,Utilitarian,0.015,1.45,0.0,0.0,0.0,0.8599920218943793,0.3856322053634093,0.3316406199980669,"physical_damage_per_capita multiplied by JUSTICE welfare_function.calculate_discount_rate; regional time-discounting visibility, not full welfare aggregation",-4144.312094162514,"scalar from welfare_function.calculate_welfare(physical_damage, welfare_loss=True)"
2080,rsas / Rest of South Asia,Utilitarian,0.015,1.45,0.0,0.0,0.0,0.8967776130900005,0.37993320725459045,0.3407155947354001,"physical_damage_per_capita multiplied by JUSTICE welfare_function.calculate_discount_rate; regional time-discounting visibility, not full welfare aggregation",-4144.312094162514,"scalar from welfare_function.calculate_welfare(physical_damage, welfare_loss=True)"
2081,rsas / Rest of South Asia,Utilitarian,0.015,1.45,0.0,0.0,0.0,0.9369130383562378,0.3743184307927,0.3507038183067277,"physical_damage_per_capita multiplied by JUSTICE welfare_function.calculate_discount_rate; regional time-discounting visibility, not full welfare aggregation",-4144.312094162514,"scalar from welfare_function.calculate_welfare(physical_damage, welfare_loss=True)"
2082,rsas / Rest of South Asia,Utilitarian,0.015,1.45,0.0,0.0,0.0,0.9785813671148275,0.3687866313228572,0.36088772585359347,"physical_damage_per_capita multiplied by JUSTICE welfare_function.calculate_discount_rate; regional time-discounting visibility, not full welfare aggregation",-4144.312094162514,"scalar from welfare_function.calculate_welfare(physical_damage, welfare_loss=True)"
2083,rsas / Rest of South Asia,Utilitarian,0.015,1.45,0.0,0.0,0.0,1.0207347667745112,0.3633365825840958,0.37087028188462495,"physical_damage_per_capita multiplied by JUSTICE welfare_function.calculate_discount_rate; regional time-discounting visibility, not full welfare aggregation",-4144.312094162514,"scalar from welfare_function.calculate_welfare(physical_damage, welfare_loss=True)"
2084,rsas / Rest of South Asia,Utilitarian,0.015,1.45,0.0,0.0,0.0,1.062944496859601,0.35796707643753284,0.38049913395619567,"physical_damage_per_capita multiplied by JUSTICE welfare_function.calculate_discount_rate; regional time-discounting visibility, not full welfare aggregation",-4144.312094162514,"scalar from welfare_function.calculate_welfare(physical_damage, welfare_loss=True)"
2085,rsas / Rest of South Asia,Utilitarian,0.015,1.45,0.0,0.0,0.0,1.1049047487123935,0.35267692259855454,0.3896744065404162,"physical_damage_per_capita multiplied by JUSTICE welfare_function.calculate_discount_rate; regional time-discounting visibility, not full welfare aggregation",-4144.312094162514,"scalar from welfare_function.calculate_welfare(physical_damage, welfare_loss=True)"
2086,rsas / Rest of South Asia,Utilitarian,0.015,1.45,0.0,0.0,0.0,1.148440349043409,0.3474649483729602,0.3990427665897925,"physical_damage_per_capita multiplied by JUSTICE welfare_function.calculate_discount_rate; regional time-discounting visibility, not full welfare aggregation",-4144.312094162514,"scalar from welfare_function.calculate_welfare(physical_damage, welfare_loss=True)"
2087,rsas / Rest of South Asia,Utilitarian,0.015,1.45,0.0,0.0,0.0,1.1921684398493744,0.3423299983970051,0.4081150201025964,"physical_damage_per_capita multiplied by JUSTICE welfare_function.calculate_discount_rate; regional time-discounting visibility, not full welfare aggregation",-4144.312094162514,"scalar from welfare_function.calculate_welfare(physical_damage, welfare_loss=True)"
2088,rsas / Rest of South Asia,Utilitarian,0.015,1.45,0.0,0.0,0.0,1.2361265557045835,0.3372709343812859,0.4169095584560056,"physical_damage_per_capita multiplied by JUSTICE welfare_function.calculate_discount_rate; regional time-discounting visibility, not full welfare aggregation",-4144.312094162514,"scalar from welfare_function.calculate_welfare(physical_damage, welfare_loss=True)"
2089,rsas / Rest of South Asia,Utilitarian,0.015,1.45,0.0,0.0,0.0,1.2818135418209011,0.3322866348584098,0.4259295083276068,"physical_damage_per_capita multiplied by JUSTICE welfare_function.calculate_discount_rate; regional time-discounting visibility, not full welfare aggregation",-4144.312094162514,"scalar from welfare_function.calculate_welfare(physical_damage, welfare_loss=True)"
2090,rsas / Rest of South Asia,Utilitarian,0.015,1.45,0.0,0.0,0.0,1.3297064190914327,0.3273759949343939,0.4353139619207079,"physical_damage_per_capita multiplied by JUSTICE welfare_function.calculate_discount_rate; regional time-discounting visibility, not full welfare aggregation",-4144.312094162514,"scalar from welfare_function.calculate_welfare(physical_damage, welfare_loss=True)"
2091,rsas / Rest of South Asia,Utilitarian,0.015,1.45,0.0,0.0,0.0,1.3819959488590643,0.3225379260437378,0.44574610714585017,"physical_damage_per_capita multiplied by JUSTICE welfare_function.calculate_discount_rate; regional time-discounting visibility, not full welfare aggregation",-4144.312094162514,"scalar from welfare_function.calculate_welfare(physical_damage, welfare_loss=True)"
2092,rsas / Rest of South Asia,Utilitarian,0.015,1.45,0.0,0.0,0.0,1.4380214273758567,0.31777135570811615,0.45696201851454626,"physical_damage_per_capita multiplied by JUSTICE welfare_function.calculate_discount_rate; regional time-discounting visibility, not full welfare aggregation",-4144.312094162514,"scalar from welfare_function.calculate_welfare(physical_damage, welfare_loss=True)"
2093,rsas / Rest of South Asia,Utilitarian,0.015,1.45,0.0,0.0,0.0,1.4970010179602276,0.3130752272986366,0.46867393396418866,"physical_damage_per_capita multiplied by JUSTICE welfare_function.calculate_discount_rate; regional time-discounting visibility, not full welfare aggregation",-4144.312094162514,"scalar from welfare_function.calculate_welfare(physical_damage, welfare_loss=True)"
2094,rsas / Rest of South Asia,Utilitarian,0.015,1.45,0.0,0.0,0.0,1.557665652472928,0.3084484998016125,0.4804596336977745,"physical_damage_per_capita multiplied by JUSTICE welfare_function.calculate_discount_rate; regional time-discounting visibility, not full welfare aggregation",-4144.312094162514,"scalar from welfare_function.calculate_welfare(physical_damage, welfare_loss=True)"
2095,rsas / Rest of South Asia,Utilitarian,0.015,1.45,0.0,0.0,0.0,1.6178819906372761,0.30389014758779553,0.4916583969143983,"physical_damage_per_capita multiplied by JUSTICE welfare_function.calculate_discount_rate; regional time-discounting visibility, not full welfare aggregation",-4144.312094162514,"scalar from welfare_function.calculate_welfare(physical_damage, welfare_loss=True)"
2096,rsas / Rest of South Asia,Utilitarian,0.015,1.45,0.0,0.0,0.0,1.6768685875607827,0.29939916018502033,0.5020530468563396,"physical_damage_per_capita multiplied by JUSTICE welfare_function.calculate_discount_rate; regional time-discounting visibility, not full welfare aggregation",-4144.312094162514,"scalar from welfare_function.calculate_welfare(physical_damage, welfare_loss=True)"
2097,rsas / Rest of South Asia,Utilitarian,0.015,1.45,0.0,0.0,0.0,1.7345175466211102,0.2949745420542072,0.5116385189995489,"physical_damage_per_capita multiplied by JUSTICE welfare_function.calculate_discount_rate; regional time-discounting visibility, not full welfare aggregation",-4144.312094162514,"scalar from welfare_function.calculate_welfare(physical_damage, welfare_loss=True)"
2098,rsas / Rest of South Asia,Utilitarian,0.015,1.45,0.0,0.0,0.0,1.7922390778551258,0.2906153123686771,0.5208521194502171,"physical_damage_per_capita multiplied by JUSTICE welfare_function.calculate_discount_rate; regional time-discounting visibility, not full welfare aggregation",-4144.312094162514,"scalar from welfare_function.calculate_welfare(physical_damage, welfare_loss=True)"
2099,rsas / Rest of South Asia,Utilitarian,0.015,1.45,0.0,0.0,0.0,1.8512716883758353,0.2863205047967262,0.5300570443316568,"physical_damage_per_capita multiplied by JUSTICE welfare_function.calculate_discount_rate; regional time-discounting visibility, not full welfare aggregation",-4144.312094162514,"scalar from welfare_function.calculate_welfare(physical_damage, welfare_loss=True)"
2100,rsas / Rest of South Asia,Utilitarian,0.015,1.45,0.0,0.0,0.0,1.9125166141410315,0.282089167287415,0.53950021910639,"physical_damage_per_capita multiplied by JUSTICE welfare_function.calculate_discount_rate; regional time-discounting visibility, not full welfare aggregation",-4144.312094162514,"scalar from welfare_function.calculate_welfare(physical_damage, welfare_loss=True)"
2101,rsas / Rest of South Asia,Utilitarian,0.015,1.45,0.0,0.0,0.0,1.9781379488492985,0.27792036185952224,0.5497648145522501,"physical_damage_per_capita multiplied by JUSTICE welfare_function.calculate_discount_rate; regional time-discounting visibility, not full welfare aggregation",-4144.312094162514,"scalar from welfare_function.calculate_welfare(physical_damage, welfare_loss=True)"
2102,rsas / Rest of South Asia,Utilitarian,0.015,1.45,0.0,0.0,0.0,2.0482754224730444,0.27381316439361797,0.560844774977019,"physical_damage_per_capita multiplied by JUSTICE welfare_function.calculate_discount_rate; regional time-discounting visibility, not full welfare aggregation",-4144.312094162514,"scalar from welfare_function.calculate_welfare(physical_damage, welfare_loss=True)"
2103,rsas / Rest of South Asia,Utilitarian,0.015,1.45,0.0,0.0,0.0,2.1229193253223815,0.26976666442720987,0.5726928652402816,"physical_damage_per_capita multiplied by JUSTICE welfare_function.calculate_discount_rate; regional time-discounting visibility, not full welfare aggregation",-4144.312094162514,"scalar from welfare_function.calculate_welfare(physical_damage, welfare_loss=True)"
2104,rsas / Rest of South Asia,Utilitarian,0.015,1.45,0.0,0.0,0.0,2.1979831142278803,0.2657799649529161,0.5841798750665874,"physical_damage_per_capita multiplied by JUSTICE welfare_function.calculate_discount_rate; regional time-discounting visibility, not full welfare aggregation",-4144.312094162514,"scalar from welfare_function.calculate_welfare(physical_damage, welfare_loss=True)"
2105,rsas / Rest of South Asia,Utilitarian,0.015,1.45,0.0,0.0,0.0,2.271639173911757,0.26185218221962187,0.5948336749043727,"physical_damage_per_capita multiplied by JUSTICE welfare_function.calculate_discount_rate; regional time-discounting visibility, not full welfare aggregation",-4144.312094162514,"scalar from welfare_function.calculate_welfare(physical_damage, welfare_loss=True)"
2106,rsas / Rest of South Asia,Utilitarian,0.015,1.45,0.0,0.0,0.0,2.3457145714130805,0.25798244553657323,0.6051531816639213,"physical_damage_per_capita multiplied by JUSTICE welfare_function.calculate_discount_rate; regional time-discounting visibility, not full welfare aggregation",-4144.312094162514,"scalar from welfare_function.calculate_welfare(physical_damage, welfare_loss=True)"
2107,rsas / Rest of South Asia,Utilitarian,0.015,1.45,0.0,0.0,0.0,2.4184001320389945,0.25416989708036775,0.614684512659499,"physical_damage_per_capita multiplied by JUSTICE welfare_function.calculate_discount_rate; regional time-discounting visibility, not full welfare aggregation",-4144.312094162514,"scalar from welfare_function.calculate_welfare(physical_damage, welfare_loss=True)"
2108,rsas / Rest of South Asia,Utilitarian,0.015,1.45,0.0,0.0,0.0,2.4908421095392916,0.2504136917047958,0.6237409681034954,"physical_damage_per_capita multiplied by JUSTICE welfare_function.calculate_discount_rate; regional time-discounting visibility, not full welfare aggregation",-4144.312094162514,"scalar from welfare_function.calculate_welfare(physical_damage, welfare_loss=True)"
2109,rsas / Rest of South Asia,Utilitarian,0.015,1.45,0.0,0.0,0.0,2.5648217959502806,0.24671299675349345,0.6327748714175708,"physical_damage_per_capita multiplied by JUSTICE welfare_function.calculate_discount_rate; regional time-discounting visibility, not full welfare aggregation",-4144.312094162514,"scalar from welfare_function.calculate_welfare(physical_damage, welfare_loss=True)"
2110,rsas / Rest of South Asia,Utilitarian,0.015,1.45,0.0,0.0,0.0,2.6412191053688137,0.24306699187536304,0.641993182825735,"physical_damage_per_capita multiplied by JUSTICE welfare_function.calculate_discount_rate; regional time-discounting visibility, not full welfare aggregation",-4144.312094162514,"scalar from welfare_function.calculate_welfare(physical_damage, welfare_loss=True)"
2111,rsas / Rest of South Asia,Utilitarian,0.015,1.45,0.0,0.0,0.0,2.721924378432696,0.23947486884272226,0.6518324835249781,"physical_damage_per_capita multiplied by JUSTICE welfare_function.calculate_discount_rate; regional time-discounting visibility, not full welfare aggregation",-4144.312094162514,"scalar from welfare_function.calculate_welfare(physical_damage, welfare_loss=True)"
2112,rsas / Rest of South Asia,Utilitarian,0.015,1.45,0.0,0.0,0.0,2.8073465868650183,0.23593583137214016,0.6623536509217381,"physical_damage_per_capita multiplied by JUSTICE welfare_function.calculate_discount_rate; regional time-discounting visibility, not full welfare aggregation",-4144.312094162514,"scalar from welfare_function.calculate_welfare(physical_damage, welfare_loss=True)"
2113,rsas / Rest of South Asia,Utilitarian,0.015,1.45,0.0,0.0,0.0,2.8999194381528324,0.23244909494792138,0.6740836488205105,"physical_damage_per_capita multiplied by JUSTICE welfare_function.calculate_discount_rate; regional time-discounting visibility, not full welfare aggregation",-4144.312094162514,"scalar from welfare_function.calculate_welfare(physical_damage, welfare_loss=True)"
2114,rsas / Rest of South Asia,Utilitarian,0.015,1.45,0.0,0.0,0.0,2.9952510087742157,0.2290138866481984,0.6859540750063202,"physical_damage_per_capita multiplied by JUSTICE welfare_function.calculate_discount_rate; regional time-discounting visibility, not full welfare aggregation",-4144.312094162514,"scalar from welfare_function.calculate_welfare(physical_damage, welfare_loss=True)"
2115,rsas / Rest of South Asia,Utilitarian,0.015,1.45,0.0,0.0,0.0,3.0883782362997203,0.22562944497359452,0.6968290673248346,"physical_damage_per_capita multiplied by JUSTICE welfare_function.calculate_discount_rate; regional time-discounting visibility, not full welfare aggregation",-4144.312094162514,"scalar from welfare_function.calculate_welfare(physical_damage, welfare_loss=True)"
2116,rsas / Rest of South Asia,Utilitarian,0.015,1.45,0.0,0.0,0.0,3.1788067755912257,0.2222950196784183,0.706632914733941,"physical_damage_per_capita multiplied by JUSTICE welfare_function.calculate_discount_rate; regional time-discounting visibility, not full welfare aggregation",-4144.312094162514,"scalar from welfare_function.calculate_welfare(physical_damage, welfare_loss=True)"
2117,rsas / Rest of South Asia,Utilitarian,0.015,1.45,0.0,0.0,0.0,3.267396097925936,0.219009871604353,0.7155919998873232,"physical_damage_per_capita multiplied by JUSTICE welfare_function.calculate_discount_rate; regional time-discounting visibility, not full welfare aggregation",-4144.312094162514,"scalar from welfare_function.calculate_welfare(physical_damage, welfare_loss=True)"
2118,rsas / Rest of South Asia,Utilitarian,0.015,1.45,0.0,0.0,0.0,3.356243720072653,0.21577327251660394,0.7241876908433772,"physical_damage_per_capita multiplied by JUSTICE welfare_function.calculate_discount_rate; regional time-discounting visibility, not full welfare aggregation",-4144.312094162514,"scalar from welfare_function.calculate_welfare(physical_damage, welfare_loss=True)"
2119,rsas / Rest of South Asia,Utilitarian,0.015,1.45,0.0,0.0,0.0,3.445394668898884,0.21258450494246697,0.7324375200192842,"physical_damage_per_capita multiplied by JUSTICE welfare_function.calculate_discount_rate; regional time-discounting visibility, not full welfare aggregation",-4144.312094162514,"scalar from welfare_function.calculate_welfare(physical_damage, welfare_loss=True)"
2120,rsas / Rest of South Asia,Utilitarian,0.015,1.45,0.0,0.0,0.0,3.536861339228583,0.20944286201228274,0.7407703614286296,"physical_damage_per_capita multiplied by JUSTICE welfare_function.calculate_discount_rate; regional time-discounting visibility, not full welfare aggregation",-4144.312094162514,"scalar from welfare_function.calculate_welfare(physical_damage, welfare_loss=True)"
2121,rsas / Rest of South Asia,Utilitarian,0.015,1.45,0.0,0.0,0.0,3.6316301814887,0.20634764730274166,0.749378343823822,"physical_damage_per_capita multiplied by JUSTICE welfare_function.calculate_discount_rate; regional time-discounting visibility, not full welfare aggregation",-4144.312094162514,"scalar from welfare_function.calculate_welfare(physical_damage, welfare_loss=True)"
2122,rsas / Rest of South Asia,Utilitarian,0.015,1.45,0.0,0.0,0.0,3.732062640038998,0.2032981746825041,0.7587215225206956,"physical_damage_per_capita multiplied by JUSTICE welfare_function.calculate_discount_rate; regional time-discounting visibility, not full welfare aggregation",-4144.312094162514,"scalar from welfare_function.calculate_welfare(physical_damage, welfare_loss=True)"
2123,rsas / Rest of South Asia,Utilitarian,0.015,1.45,0.0,0.0,0.0,3.840215467145176,0.20029376816010258,0.7691712264612159,"physical_damage_per_capita multiplied by JUSTICE welfare_function.calculate_discount_rate; regional time-discounting visibility, not full welfare aggregation",-4144.312094162514,"scalar from welfare_function.calculate_welfare(physical_damage, welfare_loss=True)"
2124,rsas / Rest of South Asia,Utilitarian,0.015,1.45,0.0,0.0,0.0,3.9550731859385997,0.19733376173409123,0.7804694697149007,"physical_damage_per_capita multiplied by JUSTICE welfare_function.calculate_discount_rate; regional time-discounting visibility, not full welfare aggregation",-4144.312094162514,"scalar from welfare_function.calculate_welfare(physical_damage, welfare_loss=True)"
2125,rsas / Rest of South Asia,Utilitarian,0.015,1.45,0.0,0.0,0.0,4.067761697019609,0.1944174992454101,0.7908440566608179,"physical_damage_per_capita multiplied by JUSTICE welfare_function.calculate_discount_rate; regional time-discounting visibility, not full welfare aggregation",-4144.312094162514,"scalar from welfare_function.calculate_welfare(physical_damage, welfare_loss=True)"
2126,rsas / Rest of South Asia,Utilitarian,0.015,1.45,0.0,0.0,0.0,4.175825576646426,0.19154433423193118,0.7998557299474098,"physical_damage_per_capita multiplied by JUSTICE welfare_function.calculate_discount_rate; regional time-discounting visibility, not full welfare aggregation",-4144.312094162514,"scalar from welfare_function.calculate_welfare(physical_damage, welfare_loss=True)"
2127,rsas / Rest of South Asia,Utilitarian,0.015,1.45,0.0,0.0,0.0,4.281704305688416,0.18871362978515388,0.8080159611931831,"physical_damage_per_capita multiplied by JUSTICE welfare_function.calculate_discount_rate; regional time-discounting visibility, not full welfare aggregation",-4144.312094162514,"scalar from welfare_function.calculate_welfare(physical_damage, welfare_loss=True)"
2128,rsas / Rest of South Asia,Utilitarian,0.015,1.45,0.0,0.0,0.0,4.383376685106833,0.18592475840901862,0.8149782511942127,"physical_damage_per_capita multiplied by JUSTICE welfare_function.calculate_discount_rate; regional time-discounting visibility, not full welfare aggregation",-4144.312094162514,"scalar from welfare_function.calculate_welfare(physical_damage, welfare_loss=True)"
2129,rsas / Rest of South Asia,Utilitarian,0.015,1.45,0.0,0.0,0.0,4.485479172395598,0.18317710188080652,0.8216370753461442,"physical_damage_per_capita multiplied by JUSTICE welfare_function.calculate_discount_rate; regional time-discounting visibility, not full welfare aggregation",-4144.312094162514,"scalar from welfare_function.calculate_welfare(physical_damage, welfare_loss=True)"
2130,rsas / Rest of South Asia,Utilitarian,0.015,1.45,0.0,0.0,0.0,4.590485413084698,0.18047005111409511,0.8284451371379035,"physical_damage_per_capita multiplied by JUSTICE welfare_function.calculate_discount_rate; regional time-discounting visibility, not full welfare aggregation",-4144.312094162514,"scalar from welfare_function.calculate_welfare(physical_damage, welfare_loss=True)"
2131,rsas / Rest of South Asia,Utilitarian,0.015,1.45,0.0,0.0,0.0,4.698523991852152,0.17780300602373905,0.8354116896259707,"physical_damage_per_capita multiplied by JUSTICE welfare_function.calculate_discount_rate; regional time-discounting visibility, not full welfare aggregation",-4144.312094162514,"scalar from welfare_function.calculate_welfare(physical_damage, welfare_loss=True)"
2132,rsas / Rest of South Asia,Utilitarian,0.015,1.45,0.0,0.0,0.0,4.813660088469766,0.1751753753928464,0.8432347130112534,"physical_damage_per_capita multiplied by JUSTICE welfare_function.calculate_discount_rate; regional time-discounting visibility, not full welfare aggregation",-4144.312094162514,"scalar from welfare_function.calculate_welfare(physical_damage, welfare_loss=True)"
2133,rsas / Rest of South Asia,Utilitarian,0.015,1.45,0.0,0.0,0.0,4.940907242336901,0.1725865767417206,0.8527342669533006,"physical_damage_per_capita multiplied by JUSTICE welfare_function.calculate_discount_rate; regional time-discounting visibility, not full welfare aggregation",-4144.312094162514,"scalar from welfare_function.calculate_welfare(physical_damage, welfare_loss=True)"
2134,rsas / Rest of South Asia,Utilitarian,0.015,1.45,0.0,0.0,0.0,5.073639948060774,0.1700360361987395,0.8627016258678325,"physical_damage_per_capita multiplied by JUSTICE welfare_function.calculate_discount_rate; regional time-discounting visibility, not full welfare aggregation",-4144.312094162514,"scalar from welfare_function.calculate_welfare(physical_damage, welfare_loss=True)"
2135,rsas / Rest of South Asia,Utilitarian,0.015,1.45,0.0,0.0,0.0,5.203256644533831,0.16752318837314237,0.8716661430160457,"physical_damage_per_capita multiplied by JUSTICE welfare_function.calculate_discount_rate; regional time-discounting visibility, not full welfare aggregation",-4144.312094162514,"scalar from welfare_function.calculate_welfare(physical_damage, welfare_loss=True)"
2136,rsas / Rest of South Asia,Utilitarian,0.015,1.45,0.0,0.0,0.0,5.3263887106103125,0.16504747622969693,0.8791070141045816,"physical_damage_per_capita multiplied by JUSTICE welfare_function.calculate_discount_rate; regional time-discounting visibility, not full welfare aggregation",-4144.312094162514,"scalar from welfare_function.calculate_welfare(physical_damage, welfare_loss=True)"
2137,rsas / Rest of South Asia,Utilitarian,0.015,1.45,0.0,0.0,0.0,5.442288655271417,0.1626083509652187,0.8849615837104027,"physical_damage_per_capita multiplied by JUSTICE welfare_function.calculate_discount_rate; regional time-discounting visibility, not full welfare aggregation",-4144.312094162514,"scalar from welfare_function.calculate_welfare(physical_damage, welfare_loss=True)"
2138,rsas / Rest of South Asia,Utilitarian,0.015,1.45,0.0,0.0,0.0,5.552793848208095,0.16020527188691497,0.8895868481841668,"physical_damage_per_capita multiplied by JUSTICE welfare_function.calculate_discount_rate; regional time-discounting visibility, not full welfare aggregation",-4144.312094162514,"scalar from welfare_function.calculate_welfare(physical_damage, welfare_loss=True)"
2139,rsas / Rest of South Asia,Utilitarian,0.015,1.45,0.0,0.0,0.0,5.6638449947542595,0.15783770629252708,0.8939683027684224,"physical_damage_per_capita multiplied by JUSTICE welfare_function.calculate_discount_rate; regional time-discounting visibility, not full welfare aggregation",-4144.312094162514,"scalar from welfare_function.calculate_welfare(physical_damage, welfare_loss=True)"
2140,rsas / Rest of South Asia,Utilitarian,0.015,1.45,0.0,0.0,0.0,5.779331964093737,0.15550512935224345,0.8987157646459518,"physical_damage_per_capita multiplied by JUSTICE welfare_function.calculate_discount_rate; regional time-discounting visibility, not full welfare aggregation",-4144.312094162514,"scalar from welfare_function.calculate_welfare(physical_damage, welfare_loss=True)"
2141,rsas / Rest of South Asia,Utilitarian,0.015,1.45,0.0,0.0,0.0,5.8955810746702495,0.15320702399235808,0.9032444311558971,"physical_damage_per_capita multiplied by JUSTICE welfare_function.calculate_discount_rate; regional time-discounting visibility, not full welfare aggregation",-4144.312094162514,"scalar from welfare_function.calculate_welfare(physical_damage, welfare_loss=True)"
2142,rsas / Rest of South Asia,Utilitarian,0.015,1.45,0.0,0.0,0.0,6.01586111847023,0.15094288078064838,0.90805140759819,"physical_damage_per_capita multiplied by JUSTICE welfare_function.calculate_discount_rate; regional time-discounting visibility, not full welfare aggregation",-4144.312094162514,"scalar from welfare_function.calculate_welfare(physical_damage, welfare_loss=True)"
2143,rsas / Rest of South Asia,Utilitarian,0.015,1.45,0.0,0.0,0.0,6.143249475959337,0.1487121978134467,0.9135761312862176,"physical_damage_per_capita multiplied by JUSTICE welfare_function.calculate_discount_rate; regional time-discounting visibility, not full welfare aggregation",-4144.312094162514,"scalar from welfare_function.calculate_welfare(physical_damage, welfare_loss=True)"
2144,rsas / Rest of South Asia,Utilitarian,0.015,1.45,0.0,0.0,0.0,6.278359825366239,0.146514480604381,0.9198706288609467,"physical_damage_per_capita multiplied by JUSTICE welfare_function.calculate_discount_rate; regional time-discounting visibility, not full welfare aggregation",-4144.312094162514,"scalar from welfare_function.calculate_welfare(physical_damage, welfare_loss=True)"
2145,rsas / Rest of South Asia,Utilitarian,0.015,1.45,0.0,0.0,0.0,6.4148435424225205,0.14434924197475962,0.9259778027353727,"physical_damage_per_capita multiplied by JUSTICE welfare_function.calculate_discount_rate; regional time-discounting visibility, not full welfare aggregation",-4144.312094162514,"scalar from welfare_function.calculate_welfare(physical_damage, welfare_loss=True)"
2146,rsas / Rest of South Asia,Utilitarian,0.015,1.45,0.0,0.0,0.0,6.545934943586451,0.142216001945576,0.9309366966727045,"physical_damage_per_capita multiplied by JUSTICE welfare_function.calculate_discount_rate; regional time-discounting visibility, not full welfare aggregation",-4144.312094162514,"scalar from welfare_function.calculate_welfare(physical_damage, welfare_loss=True)"
2147,rsas / Rest of South Asia,Utilitarian,0.015,1.45,0.0,0.0,0.0,6.6755819185051175,0.14011428763110936,0.9353444050344589,"physical_damage_per_capita multiplied by JUSTICE welfare_function.calculate_discount_rate; regional time-discounting visibility, not full welfare aggregation",-4144.312094162514,"scalar from welfare_function.calculate_welfare(physical_damage, welfare_loss=True)"
2148,rsas / Rest of South Asia,Utilitarian,0.015,1.45,0.0,0.0,0.0,6.800730340822896,0.1380436331340979,0.9387975242124844,"physical_damage_per_capita multiplied by JUSTICE welfare_function.calculate_discount_rate; regional time-discounting visibility, not full welfare aggregation",-4144.312094162514,"scalar from welfare_function.calculate_welfare(physical_damage, welfare_loss=True)"
2149,rsas / Rest of South Asia,Utilitarian,0.015,1.45,0.0,0.0,0.0,6.924310216098846,0.136003579442461,0.9417309745594437,"physical_damage_per_capita multiplied by JUSTICE welfare_function.calculate_discount_rate; regional time-discounting visibility, not full welfare aggregation",-4144.312094162514,"scalar from welfare_function.calculate_welfare(physical_damage, welfare_loss=True)"
2150,rsas / Rest of South Asia,Utilitarian,0.015,1.45,0.0,0.0,0.0,7.048888940402946,0.1339936743275478,0.9445065290514058,"physical_damage_per_capita multiplied by JUSTICE welfare_function.calculate_discount_rate; regional time-discounting visibility, not full welfare aggregation",-4144.312094162514,"scalar from welfare_function.calculate_welfare(physical_damage, welfare_loss=True)"
2151,rsas / Rest of South Asia,Utilitarian,0.015,1.45,0.0,0.0,0.0,7.168798158036077,0.13201347224388946,0.9463779366579416,"physical_damage_per_capita multiplied by JUSTICE welfare_function.calculate_discount_rate; regional time-discounting visibility, not full welfare aggregation",-4144.312094162514,"scalar from welfare_function.calculate_welfare(physical_damage, welfare_loss=True)"
2152,rsas / Rest of South Asia,Utilitarian,0.015,1.45,0.0,0.0,0.0,7.290538116742778,0.13006253423043299,0.948225863367134,"physical_damage_per_capita multiplied by JUSTICE welfare_function.calculate_discount_rate; regional time-discounting visibility, not full welfare aggregation",-4144.312094162514,"scalar from welfare_function.calculate_welfare(physical_damage, welfare_loss=True)"
2153,rsas / Rest of South Asia,Utilitarian,0.015,1.45,0.0,0.0,0.0,7.4150014645574505,0.12814042781323448,0.9501614599041519,"physical_damage_per_capita multiplied by JUSTICE welfare_function.calculate_discount_rate; regional time-discounting visibility, not full welfare aggregation",-4144.312094162514,"scalar from welfare_function.calculate_welfare(physical_damage, welfare_loss=True)"
2154,rsas / Rest of South Asia,Utilitarian,0.015,1.45,0.0,0.0,0.0,7.545613883189167,0.12624672690959063,0.9526090552761984,"physical_damage_per_capita multiplied by JUSTICE welfare_function.calculate_discount_rate; regional time-discounting visibility, not full welfare aggregation",-4144.312094162514,"scalar from welfare_function.calculate_welfare(physical_damage, welfare_loss=True)"
2155,rsas / Rest of South Asia,Utilitarian,0.015,1.45,0.0,0.0,0.0,7.687313049734567,0.12438101173358686,0.9561557746387905,"physical_damage_per_capita multiplied by JUSTICE welfare_function.calculate_discount_rate; regional time-discounting visibility, not full welfare aggregation",-4144.312094162514,"scalar from welfare_function.calculate_welfare(physical_damage, welfare_loss=True)"
2156,rsas / Rest of South Asia,Utilitarian,0.015,1.45,0.0,0.0,0.0,7.831604360890671,0.12254286870304124,0.9597072649307906,"physical_damage_per_capita multiplied by JUSTICE welfare_function.calculate_discount_rate; regional time-discounting visibility, not full welfare aggregation",-4144.312094162514,"scalar from welfare_function.calculate_welfare(physical_damage, welfare_loss=True)"
2157,rsas / Rest of South Asia,Utilitarian,0.015,1.45,0.0,0.0,0.0,7.972467947588786,0.12073189034782389,0.9625311260498299,"physical_damage_per_capita multiplied by JUSTICE welfare_function.calculate_discount_rate; regional time-discounting visibility, not full welfare aggregation",-4144.312094162514,"scalar from welfare_function.calculate_welfare(physical_damage, welfare_loss=True)"
2158,rsas / Rest of South Asia,Utilitarian,0.015,1.45,0.0,0.0,0.0,8.104940413290736,0.11894767521953095,0.9640638199537575,"physical_damage_per_capita multiplied by JUSTICE welfare_function.calculate_discount_rate; regional time-discounting visibility, not full welfare aggregation",-4144.312094162514,"scalar from welfare_function.calculate_welfare(physical_damage, welfare_loss=True)"
2159,rsas / Rest of South Asia,Utilitarian,0.015,1.45,0.0,0.0,0.0,8.23038975783744,0.11718982780249355,0.9645179584683762,"physical_damage_per_capita multiplied by JUSTICE welfare_function.calculate_discount_rate; regional time-discounting visibility, not full welfare aggregation",-4144.312094162514,"scalar from welfare_function.calculate_welfare(physical_damage, welfare_loss=True)"
2160,rsas / Rest of South Asia,Utilitarian,0.015,1.45,0.0,0.0,0.0,8.348518828508178,0.11545795842610204,0.9639029398214274,"physical_damage_per_capita multiplied by JUSTICE welfare_function.calculate_discount_rate; regional time-discounting visibility, not full welfare aggregation",-4144.312094162514,"scalar from welfare_function.calculate_welfare(physical_damage, welfare_loss=True)"
2161,rsas / Rest of South Asia,Utilitarian,0.015,1.45,0.0,0.0,0.0,8.455522436133982,0.11375168317842566,0.9618299092631827,"physical_damage_per_capita multiplied by JUSTICE welfare_function.calculate_discount_rate; regional time-discounting visibility, not full welfare aggregation",-4144.312094162514,"scalar from welfare_function.calculate_welfare(physical_damage, welfare_loss=True)"
2162,rsas / Rest of South Asia,Utilitarian,0.015,1.45,0.0,0.0,0.0,8.56305333908804,0.11207062382110904,0.9596667295250273,"physical_damage_per_capita multiplied by JUSTICE welfare_function.calculate_discount_rate; regional time-discounting visibility, not full welfare aggregation",-4144.312094162514,"scalar from welfare_function.calculate_welfare(physical_damage, welfare_loss=True)"
2163,rsas / Rest of South Asia,Utilitarian,0.015,1.45,0.0,0.0,0.0,8.675465659934002,0.11041440770552614,0.9578964024112443,"physical_damage_per_capita multiplied by JUSTICE welfare_function.calculate_discount_rate; regional time-discounting visibility, not full welfare aggregation",-4144.312094162514,"scalar from welfare_function.calculate_welfare(physical_damage, welfare_loss=True)"
2164,rsas / Rest of South Asia,Utilitarian,0.015,1.45,0.0,0.0,0.0,8.796855533808849,0.10878266769017356,0.9569454122527923,"physical_damage_per_capita multiplied by JUSTICE welfare_function.calculate_discount_rate; regional time-discounting visibility, not full welfare aggregation",-4144.312094162514,"scalar from welfare_function.calculate_welfare(physical_damage, welfare_loss=True)"
2165,rsas / Rest of South Asia,Utilitarian,0.015,1.45,0.0,0.0,0.0,8.931117674581396,0.10717504205928431,0.9571929124096785,"physical_damage_per_capita multiplied by JUSTICE welfare_function.calculate_discount_rate; regional time-discounting visibility, not full welfare aggregation",-4144.312094162514,"scalar from welfare_function.calculate_welfare(physical_damage, welfare_loss=True)"
2166,rsas / Rest of South Asia,Utilitarian,0.015,1.45,0.0,0.0,0.0,9.06847656303386,0.10559117444264465,0.9575510906963429,"physical_damage_per_capita multiplied by JUSTICE welfare_function.calculate_discount_rate; regional time-discounting visibility, not full welfare aggregation",-4144.312094162514,"scalar from welfare_function.calculate_welfare(physical_damage, welfare_loss=True)"
2167,rsas / Rest of South Asia,Utilitarian,0.015,1.45,0.0,0.0,0.0,9.199875527448041,0.10403071373659573,0.9570696174082598,"physical_damage_per_capita multiplied by JUSTICE welfare_function.calculate_discount_rate; regional time-discounting visibility, not full welfare aggregation",-4144.312094162514,"scalar from welfare_function.calculate_welfare(physical_damage, welfare_loss=True)"
2168,rsas / Rest of South Asia,Utilitarian,0.015,1.45,0.0,0.0,0.0,9.320927334537943,0.10249331402620268,0.9553327323142138,"physical_damage_per_capita multiplied by JUSTICE welfare_function.calculate_discount_rate; regional time-discounting visibility, not full welfare aggregation",-4144.312094162514,"scalar from welfare_function.calculate_welfare(physical_damage, welfare_loss=True)"
2169,rsas / Rest of South Asia,Utilitarian,0.015,1.45,0.0,0.0,0.0,9.431769196145808,0.10097863450857408,0.9524071744268351,"physical_damage_per_capita multiplied by JUSTICE welfare_function.calculate_discount_rate; regional time-discounting visibility, not full welfare aggregation",-4144.312094162514,"scalar from welfare_function.calculate_welfare(physical_damage, welfare_loss=True)"
2170,rsas / Rest of South Asia,Utilitarian,0.015,1.45,0.0,0.0,0.0,9.530342991560493,0.09948633941731437,0.9481389376218105,"physical_damage_per_capita multiplied by JUSTICE welfare_function.calculate_discount_rate; regional time-discounting visibility, not full welfare aggregation",-4144.312094162514,"scalar from welfare_function.calculate_welfare(physical_damage, welfare_loss=True)"
2171,rsas / Rest of South Asia,Utilitarian,0.015,1.45,0.0,0.0,0.0,9.617734291898339,0.09801609794809299,0.9426927863934403,"physical_damage_per_capita multiplied by JUSTICE welfare_function.calculate_discount_rate; regional time-discounting visibility, not full welfare aggregation",-4144.312094162514,"scalar from welfare_function.calculate_welfare(physical_damage, welfare_loss=True)"
2172,rsas / Rest of South Asia,Utilitarian,0.015,1.45,0.0,0.0,0.0,9.70716832978453,0.09656758418531329,0.9373977948874745,"physical_damage_per_capita multiplied by JUSTICE welfare_function.calculate_discount_rate; regional time-discounting visibility, not full welfare aggregation",-4144.312094162514,"scalar from welfare_function.calculate_welfare(physical_damage, welfare_loss=True)"
2173,rsas / Rest of South Asia,Utilitarian,0.015,1.45,0.0,0.0,0.0,9.80056146229987,0.09514047702986533,0.9324300926837241,"physical_damage_per_capita multiplied by JUSTICE welfare_function.calculate_discount_rate; regional time-discounting visibility, not full welfare aggregation",-4144.312094162514,"scalar from welfare_function.calculate_welfare(physical_damage, welfare_loss=True)"
2174,rsas / Rest of South Asia,Utilitarian,0.015,1.45,0.0,0.0,0.0,9.900393859711844,0.09373446012794615,0.9280080734941227,"physical_damage_per_capita multiplied by JUSTICE welfare_function.calculate_discount_rate; regional time-discounting visibility, not full welfare aggregation",-4144.312094162514,"scalar from welfare_function.calculate_welfare(physical_damage, welfare_loss=True)"
2175,rsas / Rest of South Asia,Utilitarian,0.015,1.45,0.0,0.0,0.0,10.011784563673858,0.09234922180093218,0.9245805132938661,"physical_damage_per_capita multiplied by JUSTICE welfare_function.calculate_discount_rate; regional time-discounting visibility, not full welfare aggregation",-4144.312094162514,"scalar from welfare_function.calculate_welfare(physical_damage, welfare_loss=True)"
2176,rsas / Rest of South Asia,Utilitarian,0.015,1.45,0.0,0.0,0.0,10.12119498951337,0.09098445497628786,0.9208714098296095,"physical_damage_per_capita multiplied by JUSTICE welfare_function.calculate_discount_rate; regional time-discounting visibility, not full welfare aggregation",-4144.312094162514,"scalar from welfare_function.calculate_welfare(physical_damage, welfare_loss=True)"
2177,rsas / Rest of South Asia,Utilitarian,0.015,1.45,0.0,0.0,0.0,10.230090415266156,0.08963985711949544,0.9170238431439781,"physical_damage_per_capita multiplied by JUSTICE welfare_function.calculate_discount_rate; regional time-discounting visibility, not full welfare aggregation",-4144.312094162514,"scalar from welfare_function.calculate_welfare(physical_damage, welfare_loss=True)"
2178,rsas / Rest of South Asia,Utilitarian,0.015,1.45,0.0,0.0,0.0,10.334050976518439,0.0883151301669906,0.9126530571435422,"physical_damage_per_capita multiplied by JUSTICE welfare_function.calculate_discount_rate; regional time-discounting visibility, not full welfare aggregation",-4144.312094162514,"scalar from welfare_function.calculate_welfare(physical_damage, welfare_loss=True)"
2179,rsas / Rest of South Asia,Utilitarian,0.015,1.45,0.0,0.0,0.0,10.4271590531112,0.08700998046008926,0.9072669054654484,"physical_damage_per_capita multiplied by JUSTICE welfare_function.calculate_discount_rate; regional time-discounting visibility, not full welfare aggregation",-4144.312094162514,"scalar from welfare_function.calculate_welfare(physical_damage, welfare_loss=True)"
2180,rsas / Rest of South Asia,Utilitarian,0.015,1.45,0.0,0.0,0.0,10.508354266222767,0.08572411867989091,0.9008194082480184,"physical_damage_per_capita multiplied by JUSTICE welfare_function.calculate_discount_rate; regional time-discounting visibility, not full welfare aggregation",-4144.312094162514,"scalar from welfare_function.calculate_welfare(physical_damage, welfare_loss=True)"
2181,rsas / Rest of South Asia,Utilitarian,0.015,1.45,0.0,0.0,0.0,10.573337253566956,0.08445725978314376,0.8929950911992962,"physical_damage_per_capita multiplied by JUSTICE welfare_function.calculate_discount_rate; regional time-discounting visibility, not full welfare aggregation",-4144.312094162514,"scalar from welfare_function.calculate_welfare(physical_damage, welfare_loss=True)"
2182,rsas / Rest of South Asia,Utilitarian,0.015,1.45,0.0,0.0,0.0,10.636998782943593,0.0832091229390579,0.8850953394325627,"physical_damage_per_capita multiplied by JUSTICE welfare_function.calculate_discount_rate; regional time-discounting visibility, not full welfare aggregation",-4144.312094162514,"scalar from welfare_function.calculate_welfare(physical_damage, welfare_loss=True)"
2183,rsas / Rest of South Asia,Utilitarian,0.015,1.45,0.0,0.0,0.0,10.700438288531501,0.08197943146705212,0.8772158473420887,"physical_damage_per_capita multiplied by JUSTICE welfare_function.calculate_discount_rate; regional time-discounting visibility, not full welfare aggregation",-4144.312094162514,"scalar from welfare_function.calculate_welfare(physical_damage, welfare_loss=True)"
2184,rsas / Rest of South Asia,Utilitarian,0.015,1.45,0.0,0.0,0.0,10.764809311503331,0.08076791277542082,0.869451179515539,"physical_damage_per_capita multiplied by JUSTICE welfare_function.calculate_discount_rate; regional time-discounting visibility, not full welfare aggregation",-4144.312094162514,"scalar from welfare_function.calculate_welfare(physical_damage, welfare_loss=True)"
2185,rsas / Rest of South Asia,Utilitarian,0.015,1.45,0.0,0.0,0.0,10.83048351734444,0.07957429830090723,0.8618281261522255,"physical_damage_per_capita multiplied by JUSTICE welfare_function.calculate_discount_rate; regional time-discounting visibility, not full welfare aggregation",-4144.312094162514,"scalar from welfare_function.calculate_welfare(physical_damage, welfare_loss=True)"
2186,rsas / Rest of South Asia,Utilitarian,0.015,1.45,0.0,0.0,0.0,10.888045029290694,0.07839832344916968,0.853604475935456,"physical_damage_per_capita multiplied by JUSTICE welfare_function.calculate_discount_rate; regional time-discounting visibility, not full welfare aggregation",-4144.312094162514,"scalar from welfare_function.calculate_welfare(physical_damage, welfare_loss=True)"
2187,rsas / Rest of South Asia,Utilitarian,0.015,1.45,0.0,0.0,0.0,10.95104895050039,0.07723972753612778,0.8458560371714481,"physical_damage_per_capita multiplied by JUSTICE welfare_function.calculate_discount_rate; regional time-discounting visibility, not full welfare aggregation",-4144.312094162514,"scalar from welfare_function.calculate_welfare(physical_damage, welfare_loss=True)"
2188,rsas / Rest of South Asia,Utilitarian,0.015,1.45,0.0,0.0,0.0,11.024265700635913,0.07609825373017516,0.838927368475859,"physical_damage_per_capita multiplied by JUSTICE welfare_function.calculate_discount_rate; regional time-discounting visibility, not full welfare aggregation",-4144.312094162514,"scalar from welfare_function.calculate_welfare(physical_damage, welfare_loss=True)"
2189,rsas / Rest of South Asia,Utilitarian,0.015,1.45,0.0,0.0,0.0,11.099927467171124,0.07497364899524647,0.8322020657963831,"physical_damage_per_capita multiplied by JUSTICE welfare_function.calculate_discount_rate; regional time-discounting visibility, not full welfare aggregation",-4144.312094162514,"scalar from welfare_function.calculate_welfare(physical_damage, welfare_loss=True)"
2190,rsas / Rest of South Asia,Utilitarian,0.015,1.45,0.0,0.0,0.0,11.169818798207347,0.07386566403472558,0.8250660826771461,"physical_damage_per_capita multiplied by JUSTICE welfare_function.calculate_discount_rate; regional time-discounting visibility, not full welfare aggregation",-4144.312094162514,"scalar from welfare_function.calculate_welfare(physical_damage, welfare_loss=True)"
2191,rsas / Rest of South Asia,Utilitarian,0.015,1.45,0.0,0.0,0.0,11.225244894672223,0.07277405323618286,0.8169065695540662,"physical_damage_per_capita multiplied by JUSTICE welfare_function.calculate_discount_rate; regional time-discounting visibility, not full welfare aggregation",-4144.312094162514,"scalar from welfare_function.calculate_welfare(physical_damage, welfare_loss=True)"
2192,rsas / Rest of South Asia,Utilitarian,0.015,1.45,0.0,0.0,0.0,11.270246072613665,0.07169857461692893,0.808060578988441,"physical_damage_per_capita multiplied by JUSTICE welfare_function.calculate_discount_rate; regional time-discounting visibility, not full welfare aggregation",-4144.312094162514,"scalar from welfare_function.calculate_welfare(physical_damage, welfare_loss=True)"
2193,rsas / Rest of South Asia,Utilitarian,0.015,1.45,0.0,0.0,0.0,11.301956579979553,0.07063898977037333,0.7983587952383793,"physical_damage_per_capita multiplied by JUSTICE welfare_function.calculate_discount_rate; regional time-discounting visibility, not full welfare aggregation",-4144.312094162514,"scalar from welfare_function.calculate_welfare(physical_damage, welfare_loss=True)"
2194,rsas / Rest of South Asia,Utilitarian,0.015,1.45,0.0,0.0,0.0,11.32926152254778,0.0695950638131757,0.788460678617869,"physical_damage_per_capita multiplied by JUSTICE welfare_function.calculate_discount_rate; regional time-discounting visibility, not full welfare aggregation",-4144.312094162514,"scalar from welfare_function.calculate_welfare(physical_damage, welfare_loss=True)"
2195,rsas / Rest of South Asia,Utilitarian,0.015,1.45,0.0,0.0,0.0,11.358256950692699,0.06856656533317804,0.7787966672806945,"physical_damage_per_capita multiplied by JUSTICE welfare_function.calculate_discount_rate; regional time-discounting visibility, not full welfare aggregation",-4144.312094162514,"scalar from welfare_function.calculate_welfare(physical_damage, welfare_loss=True)"
2196,rsas / Rest of South Asia,Utilitarian,0.015,1.45,0.0,0.0,0.0,11.378175737312008,0.06755326633810645,0.7686329360244187,"physical_damage_per_capita multiplied by JUSTICE welfare_function.calculate_discount_rate; regional time-discounting visibility, not full welfare aggregation",-4144.312094162514,"scalar from welfare_function.calculate_welfare(physical_damage, welfare_loss=True)"
2197,rsas / Rest of South Asia,Utilitarian,0.015,1.45,0.0,0.0,0.0,11.401796949171455,0.066554942205031,0.758845936985605,"physical_damage_per_capita multiplied by JUSTICE welfare_function.calculate_discount_rate; regional time-discounting visibility, not full welfare aggregation",-4144.312094162514,"scalar from welfare_function.calculate_welfare(physical_damage, welfare_loss=True)"
2198,rsas / Rest of South Asia,Utilitarian,0.015,1.45,0.0,0.0,0.0,11.435120306104523,0.0655713716305724,0.7498165232318845,"physical_damage_per_capita multiplied by JUSTICE welfare_function.calculate_discount_rate; regional time-discounting visibility, not full welfare aggregation",-4144.312094162514,"scalar from welfare_function.calculate_welfare(physical_damage, welfare_loss=True)"
2199,rsas / Rest of South Asia,Utilitarian,0.015,1.45,0.0,0.0,0.0,11.479029102891023,0.06460233658184475,0.7415721017377572,"physical_damage_per_capita multiplied by JUSTICE welfare_function.calculate_discount_rate; regional time-discounting visibility, not full welfare aggregation",-4144.312094162514,"scalar from welfare_function.calculate_welfare(physical_damage, welfare_loss=True)"
2200,rsas / Rest of South Asia,Utilitarian,0.015,1.45,0.0,0.0,0.0,11.524292179467333,0.06364762224812291,0.7334937953157339,"physical_damage_per_capita multiplied by JUSTICE welfare_function.calculate_discount_rate; regional time-discounting visibility, not full welfare aggregation",-4144.312094162514,"scalar from welfare_function.calculate_welfare(physical_damage, welfare_loss=True)"
2201,rsas / Rest of South Asia,Utilitarian,0.015,1.45,0.0,0.0,0.0,11.56341546286027,0.06270701699322455,0.7251072899292945,"physical_damage_per_capita multiplied by JUSTICE welfare_function.calculate_discount_rate; regional time-discounting visibility, not full welfare aggregation",-4144.312094162514,"scalar from welfare_function.calculate_welfare(physical_damage, welfare_loss=True)"
2202,rsas / Rest of South Asia,Utilitarian,0.015,1.45,0.0,0.0,0.0,11.588241108851495,0.06178031230859562,0.7159251548121518,"physical_damage_per_capita multiplied by JUSTICE welfare_function.calculate_discount_rate; regional time-discounting visibility, not full welfare aggregation",-4144.312094162514,"scalar from welfare_function.calculate_welfare(physical_damage, welfare_loss=True)"
2203,rsas / Rest of South Asia,Utilitarian,0.015,1.45,0.0,0.0,0.0,11.601026103200642,0.06086730276708929,0.7061231682324195,"physical_damage_per_capita multiplied by JUSTICE welfare_function.calculate_discount_rate; regional time-discounting visibility, not full welfare aggregation",-4144.312094162514,"scalar from welfare_function.calculate_welfare(physical_damage, welfare_loss=True)"
2204,rsas / Rest of South Asia,Utilitarian,0.015,1.45,0.0,0.0,0.0,11.608828300040226,0.05996778597742788,0.6961557309455202,"physical_damage_per_capita multiplied by JUSTICE welfare_function.calculate_discount_rate; regional time-discounting visibility, not full welfare aggregation",-4144.312094162514,"scalar from welfare_function.calculate_welfare(physical_damage, welfare_loss=True)"
2205,rsas / Rest of South Asia,Utilitarian,0.015,1.45,0.0,0.0,0.0,11.618469342236367,0.059081562539337815,0.6864373230547169,"physical_damage_per_capita multiplied by JUSTICE welfare_function.calculate_discount_rate; regional time-discounting visibility, not full welfare aggregation",-4144.312094162514,"scalar from welfare_function.calculate_welfare(physical_damage, welfare_loss=True)"
2206,rsas / Rest of South Asia,Utilitarian,0.015,1.45,0.0,0.0,0.0,11.629909186401257,0.0582084359993476,0.6769588245548622,"physical_damage_per_capita multiplied by JUSTICE welfare_function.calculate_discount_rate; regional time-discounting visibility, not full welfare aggregation",-4144.312094162514,"scalar from welfare_function.calculate_welfare(physical_damage, welfare_loss=True)"
2207,rsas / Rest of South Asia,Utilitarian,0.015,1.45,0.0,0.0,0.0,11.640894449757992,0.05734821280723902,0.6675844921713289,"physical_damage_per_capita multiplied by JUSTICE welfare_function.calculate_discount_rate; regional time-discounting visibility, not full welfare aggregation",-4144.312094162514,"scalar from welfare_function.calculate_welfare(physical_damage, welfare_loss=True)"
2208,rsas / Rest of South Asia,Utilitarian,0.015,1.45,0.0,0.0,0.0,11.653151193708371,0.056500702273141905,0.6584112261396249,"physical_damage_per_capita multiplied by JUSTICE welfare_function.calculate_discount_rate; regional time-discounting visibility, not full welfare aggregation",-4144.312094162514,"scalar from welfare_function.calculate_welfare(physical_damage, welfare_loss=True)"
2209,rsas / Rest of South Asia,Utilitarian,0.015,1.45,0.0,0.0,0.0,11.66857891678203,0.055665716525262955,0.6495398062342483,"physical_damage_per_capita multiplied by JUSTICE welfare_function.calculate_discount_rate; regional time-discounting visibility, not full welfare aggregation",-4144.312094162514,"scalar from welfare_function.calculate_welfare(physical_damage, welfare_loss=True)"
2210,rsas / Rest of South Asia,Utilitarian,0.015,1.45,0.0,0.0,0.0,11.691864556181732,0.05484307046823938,0.6412177517597851,"physical_damage_per_capita multiplied by JUSTICE welfare_function.calculate_discount_rate; regional time-discounting visibility, not full welfare aggregation",-4144.312094162514,"scalar from welfare_function.calculate_welfare(physical_damage, welfare_loss=True)"
2211,rsas / Rest of South Asia,Utilitarian,0.015,1.45,0.0,0.0,0.0,11.724262818527937,0.05403258174210777,0.6334921891080655,"physical_damage_per_capita multiplied by JUSTICE welfare_function.calculate_discount_rate; regional time-discounting visibility, not full welfare aggregation",-4144.312094162514,"scalar from welfare_function.calculate_welfare(physical_damage, welfare_loss=True)"
2212,rsas / Rest of South Asia,Utilitarian,0.015,1.45,0.0,0.0,0.0,11.759356947945124,0.05323407068187958,0.6259984389403624,"physical_damage_per_capita multiplied by JUSTICE welfare_function.calculate_discount_rate; regional time-discounting visibility, not full welfare aggregation",-4144.312094162514,"scalar from welfare_function.calculate_welfare(physical_damage, welfare_loss=True)"
2213,rsas / Rest of South Asia,Utilitarian,0.015,1.45,0.0,0.0,0.0,11.790009175191978,0.05244736027771388,0.6183548588888459,"physical_damage_per_capita multiplied by JUSTICE welfare_function.calculate_discount_rate; regional time-discounting visibility, not full welfare aggregation",-4144.312094162514,"scalar from welfare_function.calculate_welfare(physical_damage, welfare_loss=True)"
2214,rsas / Rest of South Asia,Utilitarian,0.015,1.45,0.0,0.0,0.0,11.813632864981104,0.0516722761356787,0.6104372995648327,"physical_damage_per_capita multiplied by JUSTICE welfare_function.calculate_discount_rate; regional time-discounting visibility, not full welfare aggregation",-4144.312094162514,"scalar from welfare_function.calculate_welfare(physical_damage, welfare_loss=True)"
2215,rsas / Rest of South Asia,Utilitarian,0.015,1.45,0.0,0.0,0.0,11.82960039391466,0.05090864643909232,0.6022289439695486,"physical_damage_per_capita multiplied by JUSTICE welfare_function.calculate_discount_rate; regional time-discounting visibility, not full welfare aggregation",-4144.312094162514,"scalar from welfare_function.calculate_welfare(physical_damage, welfare_loss=True)"
2216,rsas / Rest of South Asia,Utilitarian,0.015,1.45,0.0,0.0,0.0,11.840796442075796,0.05015630191043579,0.5938905612087675,"physical_damage_per_capita multiplied by JUSTICE welfare_function.calculate_discount_rate; regional time-discounting visibility, not full welfare aggregation",-4144.312094162514,"scalar from welfare_function.calculate_welfare(physical_damage, welfare_loss=True)"
2217,rsas / Rest of South Asia,Utilitarian,0.015,1.45,0.0,0.0,0.0,11.846941882438466,0.049415075773828365,0.5854175308088376,"physical_damage_per_capita multiplied by JUSTICE welfare_function.calculate_discount_rate; regional time-discounting visibility, not full welfare aggregation",-4144.312094162514,"scalar from welfare_function.calculate_welfare(physical_damage, welfare_loss=True)"
2218,rsas / Rest of South Asia,Utilitarian,0.015,1.45,0.0,0.0,0.0,11.848893182920134,0.048684803718057515,0.5768610388866965,"physical_damage_per_capita multiplied by JUSTICE welfare_function.calculate_discount_rate; regional time-discounting visibility, not full welfare aggregation",-4144.312094162514,"scalar from welfare_function.calculate_welfare(physical_damage, welfare_loss=True)"
2219,rsas / Rest of South Asia,Utilitarian,0.015,1.45,0.0,0.0,0.0,11.854324613149952,0.04796532386015518,0.5685965192131462,"physical_damage_per_capita multiplied by JUSTICE welfare_function.calculate_discount_rate; regional time-discounting visibility, not full welfare aggregation",-4144.312094162514,"scalar from welfare_function.calculate_welfare(physical_damage, welfare_loss=True)"
2220,rsas / Rest of South Asia,Utilitarian,0.015,1.45,0.0,0.0,0.0,11.865451525782364,0.0472564767095125,0.5607194336759839,"physical_damage_per_capita multiplied by JUSTICE welfare_function.calculate_discount_rate; regional time-discounting visibility, not full welfare aggregation",-4144.312094162514,"scalar from welfare_function.calculate_welfare(physical_damage, welfare_loss=True)"
2221,rsas / Rest of South Asia,Utilitarian,0.015,1.45,0.0,0.0,0.0,11.884591728560581,0.04655810513252464,0.5533240711554562,"physical_damage_per_capita multiplied by JUSTICE welfare_function.calculate_discount_rate; regional time-discounting visibility, not full welfare aggregation",-4144.312094162514,"scalar from welfare_function.calculate_welfare(physical_damage, welfare_loss=True)"
2222,rsas / Rest of South Asia,Utilitarian,0.015,1.45,0.0,0.0,0.0,11.914111507761334,0.04587005431775827,0.5465009420088413,"physical_damage_per_capita multiplied by JUSTICE welfare_function.calculate_discount_rate; regional time-discounting visibility, not full welfare aggregation",-4144.312094162514,"scalar from welfare_function.calculate_welfare(physical_damage, welfare_loss=True)"
2223,rsas / Rest of South Asia,Utilitarian,0.015,1.45,0.0,0.0,0.0,11.949498121546615,0.045192171741633765,0.5400237713352647,"physical_damage_per_capita multiplied by JUSTICE welfare_function.calculate_discount_rate; regional time-discounting visibility, not full welfare aggregation",-4144.312094162514,"scalar from welfare_function.calculate_welfare(physical_damage, welfare_loss=True)"
2224,rsas / Rest of South Asia,Utilitarian,0.015,1.45,0.0,0.0,0.0,11.98833867462897,0.044524307134614555,0.5337724731829583,"physical_damage_per_capita multiplied by JUSTICE welfare_function.calculate_discount_rate; regional time-discounting visibility, not full welfare aggregation",-4144.312094162514,"scalar from welfare_function.calculate_welfare(physical_damage, welfare_loss=True)"
2225,rsas / Rest of South Asia,Utilitarian,0.015,1.45,0.0,0.0,0.0,12.019909460183342,0.04386631244789612,0.5272691039758249,"physical_damage_per_capita multiplied by JUSTICE welfare_function.calculate_discount_rate; regional time-discounting visibility, not full welfare aggregation",-4144.312094162514,"scalar from welfare_function.calculate_welfare(physical_damage, welfare_loss=True)"
2226,rsas / Rest of South Asia,Utilitarian,0.015,1.45,0.0,0.0,0.0,12.033714266722507,0.04321804182058731,0.5200735664362115,"physical_damage_per_capita multiplied by JUSTICE welfare_function.calculate_discount_rate; regional time-discounting visibility, not full welfare aggregation",-4144.312094162514,"scalar from welfare_function.calculate_welfare(physical_damage, welfare_loss=True)"
2227,rsas / Rest of South Asia,Utilitarian,0.015,1.45,0.0,0.0,0.0,12.036843816067869,0.04257935154737666,0.5125210043652205,"physical_damage_per_capita multiplied by JUSTICE welfare_function.calculate_discount_rate; regional time-discounting visibility, not full welfare aggregation",-4144.312094162514,"scalar from welfare_function.calculate_welfare(physical_damage, welfare_loss=True)"
2228,rsas / Rest of South Asia,Utilitarian,0.015,1.45,0.0,0.0,0.0,12.034736920253426,0.04195010004667652,0.5048584178400629,"physical_damage_per_capita multiplied by JUSTICE welfare_function.calculate_discount_rate; regional time-discounting visibility, not full welfare aggregation",-4144.312094162514,"scalar from welfare_function.calculate_welfare(physical_damage, welfare_loss=True)"
2229,rsas / Rest of South Asia,Utilitarian,0.015,1.45,0.0,0.0,0.0,12.033334786517463,0.041330147829237954,0.49733950560547824,"physical_damage_per_capita multiplied by JUSTICE welfare_function.calculate_discount_rate; regional time-discounting visibility, not full welfare aggregation",-4144.312094162514,"scalar from welfare_function.calculate_welfare(physical_damage, welfare_loss=True)"
2230,rsas / Rest of South Asia,Utilitarian,0.015,1.45,0.0,0.0,0.0,12.03559318120494,0.04071935746722952,0.490081621075634,"physical_damage_per_capita multiplied by JUSTICE welfare_function.calculate_discount_rate; regional time-discounting visibility, not full welfare aggregation",-4144.312094162514,"scalar from welfare_function.calculate_welfare(physical_damage, welfare_loss=True)"
2231,rsas / Rest of South Asia,Utilitarian,0.015,1.45,0.0,0.0,0.0,12.043767257582715,0.040117593563772924,0.4831669598163794,"physical_damage_per_capita multiplied by JUSTICE welfare_function.calculate_discount_rate; regional time-discounting visibility, not full welfare aggregation",-4144.312094162514,"scalar from welfare_function.calculate_welfare(physical_damage, welfare_loss=True)"
2232,rsas / Rest of South Asia,Utilitarian,0.015,1.45,0.0,0.0,0.0,12.063939992904881,0.03952472272292899,0.4768238831656194,"physical_damage_per_capita multiplied by JUSTICE welfare_function.calculate_discount_rate; regional time-discounting visibility, not full welfare aggregation",-4144.312094162514,"scalar from welfare_function.calculate_welfare(physical_damage, welfare_loss=True)"
2233,rsas / Rest of South Asia,Utilitarian,0.015,1.45,0.0,0.0,0.0,12.091632365449483,0.03894061352012709,0.4708555827704285,"physical_damage_per_capita multiplied by JUSTICE welfare_function.calculate_discount_rate; regional time-discounting visibility, not full welfare aggregation",-4144.312094162514,"scalar from welfare_function.calculate_welfare(physical_damage, welfare_loss=True)"
2234,rsas / Rest of South Asia,Utilitarian,0.015,1.45,0.0,0.0,0.0,12.116858610187268,0.03836513647303162,0.46486493420426284,"physical_damage_per_capita multiplied by JUSTICE welfare_function.calculate_discount_rate; regional time-discounting visibility, not full welfare aggregation",-4144.312094162514,"scalar from welfare_function.calculate_welfare(physical_damage, welfare_loss=True)"
2235,rsas / Rest of South Asia,Utilitarian,0.015,1.45,0.0,0.0,0.0,12.138799758883527,0.03779816401283904,0.4588243442052905,"physical_damage_per_capita multiplied by JUSTICE welfare_function.calculate_discount_rate; regional time-discounting visibility, not full welfare aggregation",-4144.312094162514,"scalar from welfare_function.calculate_welfare(physical_damage, welfare_loss=True)"
2236,rsas / Rest of South Asia,Utilitarian,0.015,1.45,0.0,0.0,0.0,12.155219642537745,0.03723957045599906,0.452655158286428,"physical_damage_per_capita multiplied by JUSTICE welfare_function.calculate_discount_rate; regional time-discounting visibility, not full welfare aggregation",-4144.312094162514,"scalar from welfare_function.calculate_welfare(physical_damage, welfare_loss=True)"
2237,rsas / Rest of South Asia,Utilitarian,0.015,1.45,0.0,0.0,0.0,12.163352885885166,0.03668923197635376,0.4462640756404928,"physical_damage_per_capita multiplied by JUSTICE welfare_function.calculate_discount_rate; regional time-discounting visibility, not full welfare aggregation",-4144.312094162514,"scalar from welfare_function.calculate_welfare(physical_damage, welfare_loss=True)"
2238,rsas / Rest of South Asia,Utilitarian,0.015,1.45,0.0,0.0,0.0,12.164136768349554,0.03614702657768843,0.43969737506016837,"physical_damage_per_capita multiplied by JUSTICE welfare_function.calculate_discount_rate; regional time-discounting visibility, not full welfare aggregation",-4144.312094162514,"scalar from welfare_function.calculate_welfare(physical_damage, welfare_loss=True)"
2239,rsas / Rest of South Asia,Utilitarian,0.015,1.45,0.0,0.0,0.0,12.161504495354366,0.03561283406668811,0.43310564159433657,"physical_damage_per_capita multiplied by JUSTICE welfare_function.calculate_discount_rate; regional time-discounting visibility, not full welfare aggregation",-4144.312094162514,"scalar from welfare_function.calculate_welfare(physical_damage, welfare_loss=True)"
2240,rsas / Rest of South Asia,Utilitarian,0.015,1.45,0.0,0.0,0.0,12.161765325986082,0.03508653602629371,0.42671421725354036,"physical_damage_per_capita multiplied by JUSTICE welfare_function.calculate_discount_rate; regional time-discounting visibility, not full welfare aggregation",-4144.312094162514,"scalar from welfare_function.calculate_welfare(physical_damage, welfare_loss=True)"
2241,rsas / Rest of South Asia,Utilitarian,0.015,1.45,0.0,0.0,0.0,12.166168015260006,0.034568015789451935,0.420560288048633,"physical_damage_per_capita multiplied by JUSTICE welfare_function.calculate_discount_rate; regional time-discounting visibility, not full welfare aggregation",-4144.312094162514,"scalar from welfare_function.calculate_welfare(physical_damage, welfare_loss=True)"
2242,rsas / Rest of South Asia,Utilitarian,0.015,1.45,0.0,0.0,0.0,12.17720194540124,0.03405715841325314,0.4147208956847043,"physical_damage_per_capita multiplied by JUSTICE welfare_function.calculate_discount_rate; regional time-discounting visibility, not full welfare aggregation",-4144.312094162514,"scalar from welfare_function.calculate_welfare(physical_damage, welfare_loss=True)"
2243,rsas / Rest of South Asia,Utilitarian,0.015,1.45,0.0,0.0,0.0,12.19940639176965,0.03355385065345137,0.4093370601301989,"physical_damage_per_capita multiplied by JUSTICE welfare_function.calculate_discount_rate; regional time-discounting visibility, not full welfare aggregation",-4144.312094162514,"scalar from welfare_function.calculate_welfare(physical_damage, welfare_loss=True)"
2244,rsas / Rest of South Asia,Utilitarian,0.015,1.45,0.0,0.0,0.0,12.231260978348834,0.033057980939360965,0.4043407922866053,"physical_damage_per_capita multiplied by JUSTICE welfare_function.calculate_discount_rate; regional time-discounting visibility, not full welfare aggregation",-4144.312094162514,"scalar from welfare_function.calculate_welfare(physical_damage, welfare_loss=True)"
2245,rsas / Rest of South Asia,Utilitarian,0.015,1.45,0.0,0.0,0.0,12.260358826074592,0.0325694393491241,0.3993130131843348,"physical_damage_per_capita multiplied by JUSTICE welfare_function.calculate_discount_rate; regional time-discounting visibility, not full welfare aggregation",-4144.312094162514,"scalar from welfare_function.calculate_welfare(physical_damage, welfare_loss=True)"
2246,rsas / Rest of South Asia,Utilitarian,0.015,1.45,0.0,0.0,0.0,12.279408854098339,0.032088117585343946,0.39402311518882105,"physical_damage_per_capita multiplied by JUSTICE welfare_function.calculate_discount_rate; regional time-discounting visibility, not full welfare aggregation",-4144.312094162514,"scalar from welfare_function.calculate_welfare(physical_damage, welfare_loss=True)"
2247,rsas / Rest of South Asia,Utilitarian,0.015,1.45,0.0,0.0,0.0,12.287118721215228,0.03161390895107778,0.3884438525235815,"physical_damage_per_capita multiplied by JUSTICE welfare_function.calculate_discount_rate; regional time-discounting visibility, not full welfare aggregation",-4144.312094162514,"scalar from welfare_function.calculate_welfare(physical_damage, welfare_loss=True)"
2248,rsas / Rest of South Asia,Utilitarian,0.015,1.45,0.0,0.0,0.0,12.284678989229326,0.031146708326185015,0.38262731335833916,"physical_damage_per_capita multiplied by JUSTICE welfare_function.calculate_discount_rate; regional time-discounting visibility, not full welfare aggregation",-4144.312094162514,"scalar from welfare_function.calculate_welfare(physical_damage, welfare_loss=True)"
2249,rsas / Rest of South Asia,Utilitarian,0.015,1.45,0.0,0.0,0.0,12.28038719213911,0.030686412144024643,0.37684102266618225,"physical_damage_per_capita multiplied by JUSTICE welfare_function.calculate_discount_rate; regional time-discounting visibility, not full welfare aggregation",-4144.312094162514,"scalar from welfare_function.calculate_welfare(physical_damage, welfare_loss=True)"
2250,rsas / Rest of South Asia,Utilitarian,0.015,1.45,0.0,0.0,0.0,12.276986141630521,0.030232918368497192,0.37116911983108686,"physical_damage_per_capita multiplied by JUSTICE welfare_function.calculate_discount_rate; regional time-discounting visibility, not full welfare aggregation",-4144.312094162514,"scalar from welfare_function.calculate_welfare(physical_damage, welfare_loss=True)"
2251,rsas / Rest of South Asia,Utilitarian,0.015,1.45,0.0,0.0,0.0,12.273533610355802,0.029786126471425808,0.3655810243693533,"physical_damage_per_capita multiplied by JUSTICE welfare_function.calculate_discount_rate; regional time-discounting visibility, not full welfare aggregation",-4144.312094162514,"scalar from welfare_function.calculate_welfare(physical_damage, welfare_loss=True)"
2252,rsas / Rest of South Asia,Utilitarian,0.015,1.45,0.0,0.0,0.0,12.271542399557182,0.029345937410271732,0.36011991518490083,"physical_damage_per_capita multiplied by JUSTICE welfare_function.calculate_discount_rate; regional time-discounting visibility, not full welfare aggregation",-4144.312094162514,"scalar from welfare_function.calculate_welfare(physical_damage, welfare_loss=True)"
2253,rsas / Rest of South Asia,Utilitarian,0.015,1.45,0.0,0.0,0.0,12.272072959930423,0.02891225360617905,0.35481328569104076,"physical_damage_per_capita multiplied by JUSTICE welfare_function.calculate_discount_rate; regional time-discounting visibility, not full welfare aggregation",-4144.312094162514,"scalar from welfare_function.calculate_welfare(physical_damage, welfare_loss=True)"
2254,rsas / Rest of South Asia,Utilitarian,0.015,1.45,0.0,0.0,0.0,12.277051911063209,0.028484978922343897,0.34971156491515737,"physical_damage_per_capita multiplied by JUSTICE welfare_function.calculate_discount_rate; regional time-discounting visibility, not full welfare aggregation",-4144.312094162514,"scalar from welfare_function.calculate_welfare(physical_damage, welfare_loss=True)"
2255,rsas / Rest of South Asia,Utilitarian,0.015,1.45,0.0,0.0,0.0,12.290131352139497,0.02806401864270335,0.34491047538771574,"physical_damage_per_capita multiplied by JUSTICE welfare_function.calculate_discount_rate; regional time-discounting visibility, not full welfare aggregation",-4144.312094162514,"scalar from welfare_function.calculate_welfare(physical_damage, welfare_loss=True)"
2256,rsas / Rest of South Asia,Utilitarian,0.015,1.45,0.0,0.0,0.0,12.311172258916312,0.027649279450939264,0.3403950421554283,"physical_damage_per_capita multiplied by JUSTICE welfare_function.calculate_discount_rate; regional time-discounting visibility, not full welfare aggregation",-4144.312094162514,"scalar from welfare_function.calculate_welfare(physical_damage, welfare_loss=True)"
2257,rsas / Rest of South Asia,Utilitarian,0.015,1.45,0.0,0.0,0.0,12.331572524723295,0.02724066940979238,0.33592029044886607,"physical_damage_per_capita multiplied by JUSTICE welfare_function.calculate_discount_rate; regional time-discounting visibility, not full welfare aggregation",-4144.312094162514,"scalar from welfare_function.calculate_welfare(physical_damage, welfare_loss=True)"
2258,rsas / Rest of South Asia,Utilitarian,0.015,1.45,0.0,0.0,0.0,12.346788428656366,0.02683809794068215,0.3313643171011606,"physical_damage_per_capita multiplied by JUSTICE welfare_function.calculate_discount_rate; regional time-discounting visibility, not full welfare aggregation",-4144.312094162514,"scalar from welfare_function.calculate_welfare(physical_damage, welfare_loss=True)"
2259,rsas / Rest of South Asia,Utilitarian,0.015,1.45,0.0,0.0,0.0,12.357579657725504,0.026441475803627736,0.32675264351115124,"physical_damage_per_capita multiplied by JUSTICE welfare_function.calculate_discount_rate; regional time-discounting visibility, not full welfare aggregation",-4144.312094162514,"scalar from welfare_function.calculate_welfare(physical_damage, welfare_loss=True)"
2260,rsas / Rest of South Asia,Utilitarian,0.015,1.45,0.0,0.0,0.0,12.36063318184622,0.02605071507746575,0.32200333319734475,"physical_damage_per_capita multiplied by JUSTICE welfare_function.calculate_discount_rate; regional time-discounting visibility, not full welfare aggregation",-4144.312094162514,"scalar from welfare_function.calculate_welfare(physical_damage, welfare_loss=True)"
2261,rsas / Rest of South Asia,Utilitarian,0.015,1.45,0.0,0.0,0.0,12.358020164927972,0.025665729140360347,0.3171775982641526,"physical_damage_per_capita multiplied by JUSTICE welfare_function.calculate_discount_rate; regional time-discounting visibility, not full welfare aggregation",-4144.312094162514,"scalar from welfare_function.calculate_welfare(physical_damage, welfare_loss=True)"
2262,rsas / Rest of South Asia,Utilitarian,0.015,1.45,0.0,0.0,0.0,12.351080578847569,0.02528643265060133,0.31231476721917917,"physical_damage_per_capita multiplied by JUSTICE welfare_function.calculate_discount_rate; regional time-discounting visibility, not full welfare aggregation",-4144.312094162514,"scalar from welfare_function.calculate_welfare(physical_damage, welfare_loss=True)"
2263,rsas / Rest of South Asia,Utilitarian,0.015,1.45,0.0,0.0,0.0,12.341930968804492,0.024912741527686043,0.30747133617837014,"physical_damage_per_capita multiplied by JUSTICE welfare_function.calculate_discount_rate; regional time-discounting visibility, not full welfare aggregation",-4144.312094162514,"scalar from welfare_function.calculate_welfare(physical_damage, welfare_loss=True)"
2264,rsas / Rest of South Asia,Utilitarian,0.015,1.45,0.0,0.0,0.0,12.337439412778696,0.024544572933680835,0.30281718148181513,"physical_damage_per_capita multiplied by JUSTICE welfare_function.calculate_discount_rate; regional time-discounting visibility, not full welfare aggregation",-4144.312094162514,"scalar from welfare_function.calculate_welfare(physical_damage, welfare_loss=True)"
2265,rsas / Rest of South Asia,Utilitarian,0.015,1.45,0.0,0.0,0.0,12.339047928955305,0.024181845254857965,0.29838094761027284,"physical_damage_per_capita multiplied by JUSTICE welfare_function.calculate_discount_rate; regional time-discounting visibility, not full welfare aggregation",-4144.312094162514,"scalar from welfare_function.calculate_welfare(physical_damage, welfare_loss=True)"
2266,rsas / Rest of South Asia,Utilitarian,0.015,1.45,0.0,0.0,0.0,12.348957747018806,0.023824478083603908,0.29420747319920026,"physical_damage_per_capita multiplied by JUSTICE welfare_function.calculate_discount_rate; regional time-discounting visibility, not full welfare aggregation",-4144.312094162514,"scalar from welfare_function.calculate_welfare(physical_damage, welfare_loss=True)"
2267,rsas / Rest of South Asia,Utilitarian,0.015,1.45,0.0,0.0,0.0,12.369997877317992,0.023472392200594987,0.2903534416969354,"physical_damage_per_capita multiplied by JUSTICE welfare_function.calculate_discount_rate; regional time-discounting visibility, not full welfare aggregation",-4144.312094162514,"scalar from welfare_function.calculate_welfare(physical_damage, welfare_loss=True)"
2268,rsas / Rest of South Asia,Utilitarian,0.015,1.45,0.0,0.0,0.0,12.397100673232725,0.02312550955723644,0.2866892701008657,"physical_damage_per_capita multiplied by JUSTICE welfare_function.calculate_discount_rate; regional time-discounting visibility, not full welfare aggregation",-4144.312094162514,"scalar from welfare_function.calculate_welfare(physical_damage, welfare_loss=True)"
2269,rsas / Rest of South Asia,Utilitarian,0.015,1.45,0.0,0.0,0.0,12.424927388096513,0.022783753258361027,0.2830864798634431,"physical_damage_per_capita multiplied by JUSTICE welfare_function.calculate_discount_rate; regional time-discounting visibility, not full welfare aggregation",-4144.312094162514,"scalar from welfare_function.calculate_welfare(physical_damage, welfare_loss=True)"
2270,rsas / Rest of South Asia,Utilitarian,0.015,1.45,0.0,0.0,0.0,12.440831187811643,0.02244704754518328,0.27925992917440695,"physical_damage_per_capita multiplied by JUSTICE welfare_function.calculate_discount_rate; regional time-discounting visibility, not full welfare aggregation",-4144.312094162514,"scalar from welfare_function.calculate_welfare(physical_damage, welfare_loss=True)"
2271,rsas / Rest of South Asia,Utilitarian,0.015,1.45,0.0,0.0,0.0,12.440166492515283,0.0221153177785057,0.27511823519949413,"physical_damage_per_capita multiplied by JUSTICE welfare_function.calculate_discount_rate; regional time-discounting visibility, not full welfare aggregation",-4144.312094162514,"scalar from welfare_function.calculate_welfare(physical_damage, welfare_loss=True)"
2272,rsas / Rest of South Asia,Utilitarian,0.015,1.45,0.0,0.0,0.0,12.431485244425525,0.021788490422173103,0.27086329718155183,"physical_damage_per_capita multiplied by JUSTICE welfare_function.calculate_discount_rate; regional time-discounting visibility, not full welfare aggregation",-4144.312094162514,"scalar from welfare_function.calculate_welfare(physical_damage, welfare_loss=True)"
2273,rsas / Rest of South Asia,Utilitarian,0.015,1.45,0.0,0.0,0.0,12.420113060627434,0.021466493026771533,0.2666162704076729,"physical_damage_per_capita multiplied by JUSTICE welfare_function.calculate_discount_rate; regional time-discounting visibility, not full welfare aggregation",-4144.312094162514,"scalar from welfare_function.calculate_welfare(physical_damage, welfare_loss=True)"
2274,rsas / Rest of South Asia,Utilitarian,0.015,1.45,0.0,0.0,0.0,12.409829720851727,0.021149254213568017,0.262458643513385,"physical_damage_per_capita multiplied by JUSTICE welfare_function.calculate_discount_rate; regional time-discounting visibility, not full welfare aggregation",-4144.312094162514,"scalar from welfare_function.calculate_welfare(physical_damage, welfare_loss=True)"
2275,rsas / Rest of South Asia,Utilitarian,0.015,1.45,0.0,0.0,0.0,12.403475320702237,0.020836703658687703,0.2584475395953189,"physical_damage_per_capita multiplied by JUSTICE welfare_function.calculate_discount_rate; regional time-discounting visibility, not full welfare aggregation",-4144.312094162514,"scalar from welfare_function.calculate_welfare(physical_damage, welfare_loss=True)"
2276,rsas / Rest of South Asia,Utilitarian,0.015,1.45,0.0,0.0,0.0,12.4068476315348,0.02052877207752483,0.2546973472283567,"physical_damage_per_capita multiplied by JUSTICE welfare_function.calculate_discount_rate; regional time-discounting visibility, not full welfare aggregation",-4144.312094162514,"scalar from welfare_function.calculate_welfare(physical_damage, welfare_loss=True)"
2277,rsas / Rest of South Asia,Utilitarian,0.015,1.45,0.0,0.0,0.0,12.421376474198897,0.02022539120938407,0.2512271985497125,"physical_damage_per_capita multiplied by JUSTICE welfare_function.calculate_discount_rate; regional time-discounting visibility, not full welfare aggregation",-4144.312094162514,"scalar from welfare_function.calculate_welfare(physical_damage, welfare_loss=True)"
2278,rsas / Rest of South Asia,Utilitarian,0.015,1.45,0.0,0.0,0.0,12.441455697923432,0.01992649380234884,0.24791458985686893,"physical_damage_per_capita multiplied by JUSTICE welfare_function.calculate_discount_rate; regional time-discounting visibility, not full welfare aggregation",-4144.312094162514,"scalar from welfare_function.calculate_welfare(physical_damage, welfare_loss=True)"
2279,rsas / Rest of South Asia,Utilitarian,0.015,1.45,0.0,0.0,0.0,12.457552122109165,0.019632013598373244,0.2445668326636906,"physical_damage_per_capita multiplied by JUSTICE welfare_function.calculate_discount_rate; regional time-discounting visibility, not full welfare aggregation",-4144.312094162514,"scalar from welfare_function.calculate_welfare(physical_damage, welfare_loss=True)"
2280,rsas / Rest of South Asia,Utilitarian,0.015,1.45,0.0,0.0,0.0,12.466022219173439,0.01934188531859433,0.24111637214230147,"physical_damage_per_capita multiplied by JUSTICE welfare_function.calculate_discount_rate; regional time-discounting visibility, not full welfare aggregation",-4144.312094162514,"scalar from welfare_function.calculate_welfare(physical_damage, welfare_loss=True)"
2281,rsas / Rest of South Asia,Utilitarian,0.015,1.45,0.0,0.0,0.0,12.467663931522182,0.019056044648861414,0.23758436054608573,"physical_damage_per_capita multiplied by JUSTICE welfare_function.calculate_discount_rate; regional time-discounting visibility, not full welfare aggregation",-4144.312094162514,"scalar from welfare_function.calculate_welfare(physical_damage, welfare_loss=True)"
2282,rsas / Rest of South Asia,Utilitarian,0.015,1.45,0.0,0.0,0.0,12.460809083576569,0.018774428225479225,0.23394456577100786,"physical_damage_per_capita multiplied by JUSTICE welfare_function.calculate_discount_rate; regional time-discounting visibility, not full welfare aggregation",-4144.312094162514,"scalar from welfare_function.calculate_welfare(physical_damage, welfare_loss=True)"
2283,rsas / Rest of South Asia,Utilitarian,0.015,1.45,0.0,0.0,0.0,12.449818716620404,0.018496973621161802,0.2302839683895741,"physical_damage_per_capita multiplied by JUSTICE welfare_function.calculate_discount_rate; regional time-discounting visibility, not full welfare aggregation",-4144.312094162514,"scalar from welfare_function.calculate_welfare(physical_damage, welfare_loss=True)"
2284,rsas / Rest of South Asia,Utilitarian,0.015,1.45,0.0,0.0,0.0,12.441785141591872,0.018223619331193895,0.22673435622087462,"physical_damage_per_capita multiplied by JUSTICE welfare_function.calculate_discount_rate; regional time-discounting visibility, not full welfare aggregation",-4144.312094162514,"scalar from welfare_function.calculate_welfare(physical_damage, welfare_loss=True)"
2285,rsas / Rest of South Asia,Utilitarian,0.015,1.45,0.0,0.0,0.0,12.437658167540619,0.01795430475979694,0.22330950523820184,"physical_damage_per_capita multiplied by JUSTICE welfare_function.calculate_discount_rate; regional time-discounting visibility, not full welfare aggregation",-4144.312094162514,"scalar from welfare_function.calculate_welfare(physical_damage, welfare_loss=True)"
2286,rsas / Rest of South Asia,Utilitarian,0.015,1.45,0.0,0.0,0.0,12.439451844859503,0.017688970206696495,0.2200410930713555,"physical_damage_per_capita multiplied by JUSTICE welfare_function.calculate_discount_rate; regional time-discounting visibility, not full welfare aggregation",-4144.312094162514,"scalar from welfare_function.calculate_welfare(physical_damage, welfare_loss=True)"
2287,rsas / Rest of South Asia,Utilitarian,0.015,1.45,0.0,0.0,0.0,12.452462547665174,0.017427556853888176,0.21701599902034802,"physical_damage_per_capita multiplied by JUSTICE welfare_function.calculate_discount_rate; regional time-discounting visibility, not full welfare aggregation",-4144.312094162514,"scalar from welfare_function.calculate_welfare(physical_damage, welfare_loss=True)"
2288,rsas / Rest of South Asia,Utilitarian,0.015,1.45,0.0,0.0,0.0,12.476187193267913,0.01717000675259919,0.2142162183551016,"physical_damage_per_capita multiplied by JUSTICE welfare_function.calculate_discount_rate; regional time-discounting visibility, not full welfare aggregation",-4144.312094162514,"scalar from welfare_function.calculate_welfare(physical_damage, welfare_loss=True)"
2289,rsas / Rest of South Asia,Utilitarian,0.015,1.45,0.0,0.0,0.0,12.500141072760348,0.01691626281044255,0.21145567155442133,"physical_damage_per_capita multiplied by JUSTICE welfare_function.calculate_discount_rate; regional time-discounting visibility, not full welfare aggregation",-4144.312094162514,"scalar from welfare_function.calculate_welfare(physical_damage, welfare_loss=True)"
2290,rsas / Rest of South Asia,Utilitarian,0.015,1.45,0.0,0.0,0.0,12.515703505524565,0.016666268778761137,0.20859007857835538,"physical_damage_per_capita multiplied by JUSTICE welfare_function.calculate_discount_rate; regional time-discounting visibility, not full welfare aggregation",-4144.312094162514,"scalar from welfare_function.calculate_welfare(physical_damage, welfare_loss=True)"
2291,rsas / Rest of South Asia,Utilitarian,0.015,1.45,0.0,0.0,0.0,12.515355393439119,0.016419969240158757,0.20550175058992534,"physical_damage_per_capita multiplied by JUSTICE welfare_function.calculate_discount_rate; regional time-discounting visibility, not full welfare aggregation",-4144.312094162514,"scalar from welfare_function.calculate_welfare(physical_damage, welfare_loss=True)"
2292,rsas / Rest of South Asia,Utilitarian,0.015,1.45,0.0,0.0,0.0,12.50540792294645,0.016177309596215526,0.20230385559647127,"physical_damage_per_capita multiplied by JUSTICE welfare_function.calculate_discount_rate; regional time-discounting visibility, not full welfare aggregation",-4144.312094162514,"scalar from welfare_function.calculate_welfare(physical_damage, welfare_loss=True)"
2293,rsas / Rest of South Asia,Utilitarian,0.015,1.45,0.0,0.0,0.0,12.495434920589027,0.015938236055384757,0.1991551913790458,"physical_damage_per_capita multiplied by JUSTICE welfare_function.calculate_discount_rate; regional time-discounting visibility, not full welfare aggregation",-4144.312094162514,"scalar from welfare_function.calculate_welfare(physical_damage, welfare_loss=True)"
2294,rsas / Rest of South Asia,Utilitarian,0.015,1.45,0.0,0.0,0.0,12.483269506260312,0.015702695621068727,0.19602098141257457,"physical_damage_per_capita multiplied by JUSTICE welfare_function.calculate_discount_rate; regional time-discounting visibility, not full welfare aggregation",-4144.312094162514,"scalar from welfare_function.calculate_welfare(physical_damage, welfare_loss=True)"
2295,rsas / Rest of South Asia,Utilitarian,0.015,1.45,0.0,0.0,0.0,12.4719253415195,0.01547063607987067,0.1929486181739649,"physical_damage_per_capita multiplied by JUSTICE welfare_function.calculate_discount_rate; regional time-discounting visibility, not full welfare aggregation",-4144.312094162514,"scalar from welfare_function.calculate_welfare(physical_damage, welfare_loss=True)"
2296,rsas / Rest of South Asia,Utilitarian,0.015,1.45,0.0,0.0,0.0,12.466751716289602,0.015242005990020364,0.19001830433578276,"physical_damage_per_capita multiplied by JUSTICE welfare_function.calculate_discount_rate; regional time-discounting visibility, not full welfare aggregation",-4144.312094162514,"scalar from welfare_function.calculate_welfare(physical_damage, welfare_loss=True)"
2297,rsas / Rest of South Asia,Utilitarian,0.015,1.45,0.0,0.0,0.0,12.473979572522959,0.015016754669970803,0.18731869099880455,"physical_damage_per_capita multiplied by JUSTICE welfare_function.calculate_discount_rate; regional time-discounting visibility, not full welfare aggregation",-4144.312094162514,"scalar from welfare_function.calculate_welfare(physical_damage, welfare_loss=True)"
2298,rsas / Rest of South Asia,Utilitarian,0.015,1.45,0.0,0.0,0.0,12.491838663211821,0.014794832187163355,0.1848146567313379,"physical_damage_per_capita multiplied by JUSTICE welfare_function.calculate_discount_rate; regional time-discounting visibility, not full welfare aggregation",-4144.312094162514,"scalar from welfare_function.calculate_welfare(physical_damage, welfare_loss=True)"
2299,rsas / Rest of South Asia,Utilitarian,0.015,1.45,0.0,0.0,0.0,12.514478180689492,0.01457618934695897,0.18241340354011665,"physical_damage_per_capita multiplied by JUSTICE welfare_function.calculate_discount_rate; regional time-discounting visibility, not full welfare aggregation",-4144.312094162514,"scalar from welfare_function.calculate_welfare(physical_damage, welfare_loss=True)"
2300,rsas / Rest of South Asia,Utilitarian,0.015,1.45,0.0,0.0,0.0,12.533330067444956,0.014360777681732979,0.17998836671035642,"physical_damage_per_capita multiplied by JUSTICE welfare_function.calculate_discount_rate; regional time-discounting visibility, not full welfare aggregation",-4144.312094162514,"scalar from welfare_function.calculate_welfare(physical_damage, welfare_loss=True)"
